source_page,original_url,rewritten_url,status
https://developer.sprint.paymentology.com/3d-secure-out-of-band/,https://developer.sprint.paymentology.com/card-api/api-reference/threedsauthenticationoutcome/,/api-reference/card-api/threedsauthenticationoutcome,rewritten
https://developer.sprint.paymentology.com/3d-secure-out-of-band/,https://developer.sprint.paymentology.com/companion-api/api-reference/local-api/threedsauthenticationoutcome/,/api-reference/companion-api/threedsauthenticationoutcome,rewritten
https://developer.sprint.paymentology.com/administrativemessage3dsecureotp/,https://developer.sprint.paymentology.com/companion-api/api-reference/remote/,/api-reference/companion-api/remote,rewritten
https://developer.sprint.paymentology.com/administrativemessage3dsecureotp/,https://developer.sprint.paymentology.com/companion-api/klv-lookup/,/guides/klv-lookup,rewritten
https://developer.sprint.paymentology.com/card-api/,https://developer.sprint.paymentology.com/card-api/issue-card/,/guides/issue-card,rewritten
https://developer.sprint.paymentology.com/card-api/,https://developer.sprint.paymentology.com/card-api/manage-cards/,/guides/manage-cards,rewritten
https://developer.sprint.paymentology.com/card-api/,https://developer.sprint.paymentology.com/card-api/manage-funds/,/guides/manage-funds,rewritten
https://developer.sprint.paymentology.com/card-api/,https://developer.sprint.paymentology.com/card-api/reports/,/reports/card-api/reports,rewritten
https://developer.sprint.paymentology.com/card-api/,https://developer.sprint.paymentology.com/card-api/secure-cards/,/guides/secure-cards,rewritten
https://developer.sprint.paymentology.com/card-api/,https://developer.sprint.paymentology.com/card-api/tokenization/,/guides/tokenization,rewritten
https://developer.sprint.paymentology.com/card-api/,https://developer.sprint.paymentology.com/companion-api/,/guides/companion-api,rewritten
https://developer.sprint.paymentology.com/card-api/,https://developer.sprint.paymentology.com/contact-us/,/guides/contact-us,rewritten
https://developer.sprint.paymentology.com/card-api/,https://developer.sprint.paymentology.com/get-started/our-apis/,/guides/our-apis,rewritten
https://developer.sprint.paymentology.com/card-api/api-reference/,https://developer.sprint.paymentology.com/card-api/api-reference/activatetoken/,/api-reference/card-api/activatetoken,rewritten
https://developer.sprint.paymentology.com/card-api/api-reference/,https://developer.sprint.paymentology.com/card-api/api-reference/addcardtag/,/api-reference/card-api/addcardtag,rewritten
https://developer.sprint.paymentology.com/card-api/api-reference/,https://developer.sprint.paymentology.com/card-api/api-reference/addpocket/,/api-reference/card-api/addpocket,rewritten
https://developer.sprint.paymentology.com/card-api/api-reference/,https://developer.sprint.paymentology.com/card-api/api-reference/bearerdetail/,/api-reference/card-api/bearerdetail,rewritten
https://developer.sprint.paymentology.com/card-api/api-reference/,https://developer.sprint.paymentology.com/card-api/api-reference/calculatetav/,/api-reference/card-api/calculatetav,rewritten
https://developer.sprint.paymentology.com/card-api/api-reference/,https://developer.sprint.paymentology.com/card-api/api-reference/carddetail/,/api-reference/card-api/carddetail,rewritten
https://developer.sprint.paymentology.com/card-api/api-reference/,https://developer.sprint.paymentology.com/card-api/api-reference/changepin/,/api-reference/card-api/changepin,rewritten
https://developer.sprint.paymentology.com/card-api/api-reference/,https://developer.sprint.paymentology.com/card-api/api-reference/createvirtualcard/,/api-reference/card-api/createvirtualcard,rewritten
https://developer.sprint.paymentology.com/card-api/api-reference/,https://developer.sprint.paymentology.com/card-api/api-reference/createvirtualcardwithload/,/api-reference/card-api/createvirtualcardwithload,rewritten
https://developer.sprint.paymentology.com/card-api/api-reference/,https://developer.sprint.paymentology.com/card-api/api-reference/deductfunds/,/api-reference/card-api/deductfunds,rewritten
https://developer.sprint.paymentology.com/card-api/api-reference/,https://developer.sprint.paymentology.com/card-api/api-reference/deductfundsreverse/,/api-reference/card-api/deductfundsreverse,rewritten
https://developer.sprint.paymentology.com/card-api/api-reference/,https://developer.sprint.paymentology.com/card-api/api-reference/devalue/,/api-reference/card-api/devalue,rewritten
https://developer.sprint.paymentology.com/card-api/api-reference/,https://developer.sprint.paymentology.com/card-api/api-reference/devaluereverse/,/api-reference/card-api/devaluereverse,rewritten
https://developer.sprint.paymentology.com/card-api/api-reference/,https://developer.sprint.paymentology.com/card-api/api-reference/inserttransactionfee/,/api-reference/card-api/inserttransactionfee,rewritten
https://developer.sprint.paymentology.com/card-api/api-reference/,https://developer.sprint.paymentology.com/card-api/api-reference/linkcard/,/api-reference/card-api/linkcard,rewritten
https://developer.sprint.paymentology.com/card-api/api-reference/,https://developer.sprint.paymentology.com/card-api/api-reference/listalltokens/,/api-reference/card-api/listalltokens,rewritten
https://developer.sprint.paymentology.com/card-api/api-reference/,https://developer.sprint.paymentology.com/card-api/api-reference/listcards/,/api-reference/card-api/listcards,rewritten
https://developer.sprint.paymentology.com/card-api/api-reference/,https://developer.sprint.paymentology.com/card-api/api-reference/listtokens/,/api-reference/card-api/listtokens,rewritten
https://developer.sprint.paymentology.com/card-api/api-reference/,https://developer.sprint.paymentology.com/card-api/api-reference/loadfunds/,/api-reference/card-api/loadfunds,rewritten
https://developer.sprint.paymentology.com/card-api/api-reference/,https://developer.sprint.paymentology.com/card-api/api-reference/loadfundsreverse/,/api-reference/card-api/loadfundsreverse,rewritten
https://developer.sprint.paymentology.com/card-api/api-reference/,https://developer.sprint.paymentology.com/card-api/api-reference/mostrecenttransactions/,/api-reference/card-api/mostrecenttransactions,rewritten
https://developer.sprint.paymentology.com/card-api/api-reference/,https://developer.sprint.paymentology.com/card-api/api-reference/ordercard/,/api-reference/card-api/ordercard,rewritten
https://developer.sprint.paymentology.com/card-api/api-reference/,https://developer.sprint.paymentology.com/card-api/api-reference/ordercardwithpinblock/,/api-reference/card-api/ordercardwithpinblock,rewritten
https://developer.sprint.paymentology.com/card-api/api-reference/,https://developer.sprint.paymentology.com/card-api/api-reference/pockettransfer/,/api-reference/card-api/pockettransfer,rewritten
https://developer.sprint.paymentology.com/card-api/api-reference/,https://developer.sprint.paymentology.com/card-api/api-reference/pockettransferreverse/,/api-reference/card-api/pockettransferreverse,rewritten
https://developer.sprint.paymentology.com/card-api/api-reference/,https://developer.sprint.paymentology.com/card-api/api-reference/retirecard/,/api-reference/card-api/retirecard,rewritten
https://developer.sprint.paymentology.com/card-api/api-reference/,https://developer.sprint.paymentology.com/card-api/api-reference/set3dsecurecode/,/api-reference/card-api/set3dsecurecode,rewritten
https://developer.sprint.paymentology.com/card-api/api-reference/,https://developer.sprint.paymentology.com/card-api/api-reference/setbearerdetail/,/api-reference/card-api/setbearerdetail,rewritten
https://developer.sprint.paymentology.com/card-api/api-reference/,https://developer.sprint.paymentology.com/card-api/api-reference/statement/,/api-reference/card-api/statement,rewritten
https://developer.sprint.paymentology.com/card-api/api-reference/,https://developer.sprint.paymentology.com/card-api/api-reference/stopcard/,/api-reference/card-api/stopcard,rewritten
https://developer.sprint.paymentology.com/card-api/api-reference/,https://developer.sprint.paymentology.com/card-api/api-reference/stoptoken/,/api-reference/card-api/stoptoken,rewritten
https://developer.sprint.paymentology.com/card-api/api-reference/,https://developer.sprint.paymentology.com/card-api/api-reference/threedsauthenticationoutcome/,/api-reference/card-api/threedsauthenticationoutcome,rewritten
https://developer.sprint.paymentology.com/card-api/api-reference/,https://developer.sprint.paymentology.com/card-api/api-reference/tokenapprovedevicebinding-2/,/api-reference/card-api/tokenapprovedevicebinding-2,rewritten
https://developer.sprint.paymentology.com/card-api/api-reference/,https://developer.sprint.paymentology.com/card-api/api-reference/tokenremovedevicebinding/,/api-reference/card-api/tokenremovedevicebinding,rewritten
https://developer.sprint.paymentology.com/card-api/api-reference/,https://developer.sprint.paymentology.com/card-api/api-reference/transferfunds/,/api-reference/card-api/transferfunds,rewritten
https://developer.sprint.paymentology.com/card-api/api-reference/,https://developer.sprint.paymentology.com/card-api/api-reference/transferfundsreverse/,/api-reference/card-api/transferfundsreverse,rewritten
https://developer.sprint.paymentology.com/card-api/api-reference/,https://developer.sprint.paymentology.com/card-api/api-reference/unstopcard/,/api-reference/card-api/unstopcard,rewritten
https://developer.sprint.paymentology.com/card-api/api-reference/,https://developer.sprint.paymentology.com/card-api/api-reference/unstoptoken/,/api-reference/card-api/unstoptoken,rewritten
https://developer.sprint.paymentology.com/card-api/api-reference/,https://developer.sprint.paymentology.com/card-api/api-reference/updatecardexpirydate/,/api-reference/card-api/updatecardexpirydate,rewritten
https://developer.sprint.paymentology.com/card-api/api-reference/,https://developer.sprint.paymentology.com/card-api/api-reference/updatecardlabel/,/api-reference/card-api/updatecardlabel,rewritten
https://developer.sprint.paymentology.com/card-api/api-reference/,https://developer.sprint.paymentology.com/card-api/api-reference/updatecvv/,/api-reference/card-api/updatecvv,rewritten
https://developer.sprint.paymentology.com/card-api/api-reference/,https://developer.sprint.paymentology.com/card-api/api-reference/updatetokenaccount/,/api-reference/card-api/updatetokenaccount,rewritten
https://developer.sprint.paymentology.com/card-api/api-reference/,https://developer.sprint.paymentology.com/generatetimebasedsecret/,/guides/generatetimebasedsecret,rewritten
https://developer.sprint.paymentology.com/card-api/api-reference/addcardtag/,https://developer.sprint.paymentology.com/card-api/api-reference/,/api-reference/card-api/api-reference,rewritten
https://developer.sprint.paymentology.com/card-api/api-reference/addpocket/,https://developer.sprint.paymentology.com/card-api/api-reference/,/api-reference/card-api/api-reference,rewritten
https://developer.sprint.paymentology.com/card-api/api-reference/bearerdetail/,https://developer.sprint.paymentology.com/card-api/api-reference/,/api-reference/card-api/api-reference,rewritten
https://developer.sprint.paymentology.com/card-api/api-reference/calculatetav/,https://developer.sprint.paymentology.com/card-api/api-reference/,/api-reference/card-api/api-reference,rewritten
https://developer.sprint.paymentology.com/card-api/api-reference/carddetail/,https://developer.sprint.paymentology.com/card-api/api-reference/,/api-reference/card-api/api-reference,rewritten
https://developer.sprint.paymentology.com/card-api/api-reference/changepin/,https://developer.sprint.paymentology.com/card-api/api-reference/,/api-reference/card-api/api-reference,rewritten
https://developer.sprint.paymentology.com/card-api/api-reference/createvirtualcard/,https://developer.sprint.paymentology.com/card-api/api-reference/,/api-reference/card-api/api-reference,rewritten
https://developer.sprint.paymentology.com/card-api/api-reference/createvirtualcardwithload/,https://developer.sprint.paymentology.com/card-api/api-reference/,/api-reference/card-api/api-reference,rewritten
https://developer.sprint.paymentology.com/card-api/api-reference/deductfunds/,https://developer.sprint.paymentology.com/card-api/api-reference/,/api-reference/card-api/api-reference,rewritten
https://developer.sprint.paymentology.com/card-api/api-reference/deductfundsreverse/,https://developer.sprint.paymentology.com/card-api/api-reference/,/api-reference/card-api/api-reference,rewritten
https://developer.sprint.paymentology.com/card-api/api-reference/deletetoken-2/,https://developer.sprint.paymentology.com/card-api/api-reference/,/api-reference/card-api/api-reference,rewritten
https://developer.sprint.paymentology.com/card-api/api-reference/devalue/,https://developer.sprint.paymentology.com/card-api/api-reference/,/api-reference/card-api/api-reference,rewritten
https://developer.sprint.paymentology.com/card-api/api-reference/devaluereverse/,https://developer.sprint.paymentology.com/card-api/api-reference/,/api-reference/card-api/api-reference,rewritten
https://developer.sprint.paymentology.com/card-api/api-reference/inserttransactionfee/,https://developer.sprint.paymentology.com/card-api/api-reference/,/api-reference/card-api/api-reference,rewritten
https://developer.sprint.paymentology.com/card-api/api-reference/linkcard/,https://developer.sprint.paymentology.com/card-api/api-reference/,/api-reference/card-api/api-reference,rewritten
https://developer.sprint.paymentology.com/card-api/api-reference/listalltokens/,https://developer.sprint.paymentology.com/companion-api/api-reference/local-api/,/api-reference/companion-api/local-api,rewritten
https://developer.sprint.paymentology.com/card-api/api-reference/listcards/,https://developer.sprint.paymentology.com/card-api/api-reference/,/api-reference/card-api/api-reference,rewritten
https://developer.sprint.paymentology.com/card-api/api-reference/listtokens/,https://developer.sprint.paymentology.com/card-api/api-reference/,/api-reference/card-api/api-reference,rewritten
https://developer.sprint.paymentology.com/card-api/api-reference/loadfunds/,https://developer.sprint.paymentology.com/card-api/api-reference/,/api-reference/card-api/api-reference,rewritten
https://developer.sprint.paymentology.com/card-api/api-reference/loadfundsreverse/,https://developer.sprint.paymentology.com/card-api/api-reference/,/api-reference/card-api/api-reference,rewritten
https://developer.sprint.paymentology.com/card-api/api-reference/mostrecenttransactions/,https://developer.sprint.paymentology.com/card-api/api-reference/,/api-reference/card-api/api-reference,rewritten
https://developer.sprint.paymentology.com/card-api/api-reference/ordercard/,https://developer.sprint.paymentology.com/card-api/api-reference/,/api-reference/card-api/api-reference,rewritten
https://developer.sprint.paymentology.com/card-api/api-reference/ordercardwithpinblock/,https://developer.sprint.paymentology.com/card-api/api-reference/,/api-reference/card-api/api-reference,rewritten
https://developer.sprint.paymentology.com/card-api/api-reference/pockettransfer/,https://developer.sprint.paymentology.com/card-api/api-reference/,/api-reference/card-api/api-reference,rewritten
https://developer.sprint.paymentology.com/card-api/api-reference/pockettransferreverse/,https://developer.sprint.paymentology.com/card-api/api-reference/,/api-reference/card-api/api-reference,rewritten
https://developer.sprint.paymentology.com/card-api/api-reference/remotemessaging/,https://developer.sprint.paymentology.com/card-api/api-reference/,/api-reference/card-api/api-reference,rewritten
https://developer.sprint.paymentology.com/card-api/api-reference/remotemessaging/,https://developer.sprint.paymentology.com/card-api/api-reference/threedsauthenticationoutcome/,/api-reference/card-api/threedsauthenticationoutcome,rewritten
https://developer.sprint.paymentology.com/card-api/api-reference/retirecard/,https://developer.sprint.paymentology.com/card-api/api-reference/,/api-reference/card-api/api-reference,rewritten
https://developer.sprint.paymentology.com/card-api/api-reference/set3dsecurecode/,https://developer.sprint.paymentology.com/card-api/api-reference/,/api-reference/card-api/api-reference,rewritten
https://developer.sprint.paymentology.com/card-api/api-reference/setbearerdetail/,https://developer.sprint.paymentology.com/card-api/api-reference/,/api-reference/card-api/api-reference,rewritten
https://developer.sprint.paymentology.com/card-api/api-reference/statement/,https://developer.sprint.paymentology.com/card-api/api-reference/,/api-reference/card-api/api-reference,rewritten
https://developer.sprint.paymentology.com/card-api/api-reference/stopcard/,https://developer.sprint.paymentology.com/card-api/api-reference/,/api-reference/card-api/api-reference,rewritten
https://developer.sprint.paymentology.com/card-api/api-reference/togglevoucherfeature/,https://developer.sprint.paymentology.com/card-api/api-reference/,/api-reference/card-api/api-reference,rewritten
https://developer.sprint.paymentology.com/card-api/api-reference/tokenapprovedevicebinding-2/,https://developer.sprint.paymentology.com/card-api/api-reference/,/api-reference/card-api/api-reference,rewritten
https://developer.sprint.paymentology.com/card-api/api-reference/tokenapprovedevicebinding/,https://developer.sprint.paymentology.com/card-api/api-reference/,/api-reference/card-api/api-reference,rewritten
https://developer.sprint.paymentology.com/card-api/api-reference/tokenremovedevicebinding/,https://developer.sprint.paymentology.com/card-api/api-reference/,/api-reference/card-api/api-reference,rewritten
https://developer.sprint.paymentology.com/card-api/api-reference/transferfunds/,https://developer.sprint.paymentology.com/card-api/api-reference/,/api-reference/card-api/api-reference,rewritten
https://developer.sprint.paymentology.com/card-api/api-reference/transferfundsreverse/,https://developer.sprint.paymentology.com/card-api/api-reference/,/api-reference/card-api/api-reference,rewritten
https://developer.sprint.paymentology.com/card-api/api-reference/transferlink/,https://developer.sprint.paymentology.com/card-api/api-reference/,/api-reference/card-api/api-reference,rewritten
https://developer.sprint.paymentology.com/card-api/api-reference/transfertoken-2/,https://developer.sprint.paymentology.com/card-api/api-reference/,/api-reference/card-api/api-reference,rewritten
https://developer.sprint.paymentology.com/card-api/api-reference/unstopcard/,https://developer.sprint.paymentology.com/card-api/api-reference/,/api-reference/card-api/api-reference,rewritten
https://developer.sprint.paymentology.com/card-api/api-reference/unstoptoken/,https://developer.sprint.paymentology.com/card-api/api-reference/,/api-reference/card-api/api-reference,rewritten
https://developer.sprint.paymentology.com/card-api/api-reference/updatecardexpirydate/,https://developer.sprint.paymentology.com/card-api/api-reference/,/api-reference/card-api/api-reference,rewritten
https://developer.sprint.paymentology.com/card-api/api-reference/updatecardlabel/,https://developer.sprint.paymentology.com/card-api/api-reference/,/api-reference/card-api/api-reference,rewritten
https://developer.sprint.paymentology.com/card-api/api-reference/updatecvv/,https://developer.sprint.paymentology.com/card-api/api-reference/,/api-reference/card-api/api-reference,rewritten
https://developer.sprint.paymentology.com/card-api/api-reference/updatetokenaccount/,https://developer.sprint.paymentology.com/card-api/api-reference/,/api-reference/card-api/api-reference,rewritten
https://developer.sprint.paymentology.com/card-api/disputes/,https://developer.sprint.paymentology.com/companion-api/manage-funds/3d-secure/,/guides/3d-secure,rewritten
https://developer.sprint.paymentology.com/card-api/reconciliation/,https://developer.sprint.paymentology.com/card-api/reports/detailed-settlement-report/,/reports/card-api/detailed-settlement-report,rewritten
https://developer.sprint.paymentology.com/card-api/reconciliation/,https://developer.sprint.paymentology.com/card-api/reports/forex-gains-report-2/,/reports/card-api/forex-gains-report-2,rewritten
https://developer.sprint.paymentology.com/card-api/reconciliation/,https://developer.sprint.paymentology.com/card-api/reports/mark-off-file/,/reports/card-api/mark-off-file,rewritten
https://developer.sprint.paymentology.com/card-api/reconciliation/,https://developer.sprint.paymentology.com/card-api/reports/summary-settlement-report-2/,/reports/card-api/summary-settlement-report-2,rewritten
https://developer.sprint.paymentology.com/card-api/reconciliation/,https://developer.sprint.paymentology.com/companion-api/disputes/,/guides/disputes,rewritten
https://developer.sprint.paymentology.com/card-api/reconciliation/,https://developer.sprint.paymentology.com/get-started/fraud/,/guides/fraud,rewritten
https://developer.sprint.paymentology.com/card-api/reports/,https://developer.sprint.paymentology.com/card-api/reports/apple-pay-monthly-declines-report/,/reports/card-api/apple-pay-monthly-declines-report,rewritten
https://developer.sprint.paymentology.com/card-api/reports/,https://developer.sprint.paymentology.com/card-api/reports/apple-pay-monthly-fee-billing-report/,/reports/card-api/apple-pay-monthly-fee-billing-report,rewritten
https://developer.sprint.paymentology.com/card-api/reports/,https://developer.sprint.paymentology.com/card-api/reports/apple-pay-monthly-metric-report/,/reports/card-api/apple-pay-monthly-metric-report,rewritten
https://developer.sprint.paymentology.com/card-api/reports/,https://developer.sprint.paymentology.com/card-api/reports/apple-pay-monthly-top-merchant-report/,/reports/card-api/apple-pay-monthly-top-merchant-report,rewritten
https://developer.sprint.paymentology.com/card-api/reports/,https://developer.sprint.paymentology.com/card-api/reports/apple-pay-monthly-usage-frequency-report/,/reports/card-api/apple-pay-monthly-usage-frequency-report,rewritten
https://developer.sprint.paymentology.com/card-api/reports/,https://developer.sprint.paymentology.com/card-api/reports/apple-pay-quarterly-fee-billing-report/,/reports/card-api/apple-pay-quarterly-fee-billing-report,rewritten
https://developer.sprint.paymentology.com/card-api/reports/,https://developer.sprint.paymentology.com/card-api/reports/authorisation-income-report/,/reports/card-api/authorisation-income-report,rewritten
https://developer.sprint.paymentology.com/card-api/reports/,https://developer.sprint.paymentology.com/card-api/reports/blocked-transactions-report/,/reports/card-api/blocked-transactions-report,rewritten
https://developer.sprint.paymentology.com/card-api/reports/,https://developer.sprint.paymentology.com/card-api/reports/card-balance-report/,/reports/card-api/card-balance-report,rewritten
https://developer.sprint.paymentology.com/card-api/reports/,https://developer.sprint.paymentology.com/card-api/reports/daily-negative-balance-report/,/reports/card-api/daily-negative-balance-report,rewritten
https://developer.sprint.paymentology.com/card-api/reports/,https://developer.sprint.paymentology.com/card-api/reports/daily-sales-and-redemption-report/,/reports/card-api/daily-sales-and-redemption-report,rewritten
https://developer.sprint.paymentology.com/card-api/reports/,https://developer.sprint.paymentology.com/card-api/reports/daily-statement-report/,/reports/card-api/daily-statement-report,rewritten
https://developer.sprint.paymentology.com/card-api/reports/,https://developer.sprint.paymentology.com/card-api/reports/ecommerce-report/,/reports/card-api/ecommerce-report,rewritten
https://developer.sprint.paymentology.com/card-api/reports/,https://developer.sprint.paymentology.com/card-api/reports/google-pay-monthly-report/,/reports/card-api/google-pay-monthly-report,rewritten
https://developer.sprint.paymentology.com/card-api/reports/,https://developer.sprint.paymentology.com/card-api/reports/inactive-cards-report/,/reports/card-api/inactive-cards-report,rewritten
https://developer.sprint.paymentology.com/card-api/reports/,https://developer.sprint.paymentology.com/card-api/reports/linked-cards-report/,/reports/card-api/linked-cards-report,rewritten
https://developer.sprint.paymentology.com/card-api/reports/,https://developer.sprint.paymentology.com/card-api/reports/qmr-data-report/,/reports/card-api/qmr-data-report,rewritten
https://developer.sprint.paymentology.com/card-api/reports/,https://developer.sprint.paymentology.com/card-api/reports/qvr-data-report/,/reports/card-api/qvr-data-report,rewritten
https://developer.sprint.paymentology.com/card-api/reports/,https://developer.sprint.paymentology.com/card-api/reports/vau-transaction-report/,/reports/card-api/vau-transaction-report,rewritten
https://developer.sprint.paymentology.com/card-api/secure-cards/offline-pin/,https://developer.sprint.paymentology.com/card-api/api-reference/changepin/,/api-reference/card-api/changepin,rewritten
https://developer.sprint.paymentology.com/card-api/tokenization/provisioning/,https://developer.sprint.paymentology.com/companion-api/api-reference/local-api/calculatetav/,/api-reference/companion-api/calculatetav,rewritten
https://developer.sprint.paymentology.com/chargeback-api/,https://developer.sprint.paymentology.com/chargeback-api/chargeback-api-reference/,/api-reference/chargeback-api/chargeback-api-reference,rewritten
https://developer.sprint.paymentology.com/chargeback-api/,https://developer.sprint.paymentology.com/chargeback-api/chargeback-reason-codes/,/api-reference/chargeback-api/chargeback-reason-codes,rewritten
https://developer.sprint.paymentology.com/chargeback-api/,https://developer.sprint.paymentology.com/chargeback-api/connectivity/,/api-reference/chargeback-api/connectivity,rewritten
https://developer.sprint.paymentology.com/chargeback-api/,https://developer.sprint.paymentology.com/chargeback-api/process-overview/,/api-reference/chargeback-api/process-overview,rewritten
https://developer.sprint.paymentology.com/chargeback-api/,https://developer.sprint.paymentology.com/chargeback-api/remote-messaging-api/,/api-reference/chargeback-api/remote-messaging-api,rewritten
https://developer.sprint.paymentology.com/chargeback-api/,https://developer.sprint.paymentology.com/chargeback-api/response-codes/,/api-reference/chargeback-api/response-codes,rewritten
https://developer.sprint.paymentology.com/chargeback-api/chargeback-api-reference/,https://developer.sprint.paymentology.com/chargeback-api/chargeback-api-reference/document-status/,/api-reference/chargeback-api/document-status,rewritten
https://developer.sprint.paymentology.com/chargeback-api/chargeback-api-reference/,https://developer.sprint.paymentology.com/chargeback-api/chargeback-api-reference/first-chargeback/,/api-reference/chargeback-api/first-chargeback,rewritten
https://developer.sprint.paymentology.com/chargeback-api/chargeback-api-reference/,https://developer.sprint.paymentology.com/chargeback-api/chargeback-api-reference/pre-arbitration/,/api-reference/chargeback-api/pre-arbitration,rewritten
https://developer.sprint.paymentology.com/chargeback-api/chargeback-api-reference/,https://developer.sprint.paymentology.com/chargeback-api/chargeback-api-reference/query-chargeback/,/api-reference/chargeback-api/query-chargeback,rewritten
https://developer.sprint.paymentology.com/chargeback-api/chargeback-api-reference/,https://developer.sprint.paymentology.com/chargeback-api/chargeback-api-reference/second-presentment-documents/,/api-reference/chargeback-api/second-presentment-documents,rewritten
https://developer.sprint.paymentology.com/chargeback-api/chargeback-api-reference/,https://developer.sprint.paymentology.com/chargeback-api/chargeback-api-reference/upload-supporting-document/,/api-reference/chargeback-api/upload-supporting-document,rewritten
https://developer.sprint.paymentology.com/chargeback-api/chargeback-api-reference/,https://developer.sprint.paymentology.com/chargeback-api/connectivity/,/api-reference/chargeback-api/connectivity,rewritten
https://developer.sprint.paymentology.com/chargeback-api/chargeback-api-reference/document-status/,https://developer.sprint.paymentology.com/chargeback-api/response-codes/,/api-reference/chargeback-api/response-codes,rewritten
https://developer.sprint.paymentology.com/chargeback-api/chargeback-api-reference/first-chargeback/,https://developer.sprint.paymentology.com/chargeback-api/chargeback-reason-codes/,/api-reference/chargeback-api/chargeback-reason-codes,rewritten
https://developer.sprint.paymentology.com/chargeback-api/chargeback-api-reference/first-chargeback/,https://developer.sprint.paymentology.com/chargeback-api/response-codes/,/api-reference/chargeback-api/response-codes,rewritten
https://developer.sprint.paymentology.com/chargeback-api/chargeback-api-reference/pre-arbitration/,https://developer.sprint.paymentology.com/chargeback-api/chargeback-reason-codes/,/api-reference/chargeback-api/chargeback-reason-codes,rewritten
https://developer.sprint.paymentology.com/chargeback-api/chargeback-api-reference/pre-arbitration/,https://developer.sprint.paymentology.com/chargeback-api/response-codes/,/api-reference/chargeback-api/response-codes,rewritten
https://developer.sprint.paymentology.com/chargeback-api/chargeback-api-reference/query-chargeback/,https://developer.sprint.paymentology.com/chargeback-api/chargeback-reason-codes/,/api-reference/chargeback-api/chargeback-reason-codes,rewritten
https://developer.sprint.paymentology.com/chargeback-api/chargeback-api-reference/second-presentment-documents/,https://developer.sprint.paymentology.com/chargeback-api/response-codes/,/api-reference/chargeback-api/response-codes,rewritten
https://developer.sprint.paymentology.com/chargeback-api/chargeback-api-reference/upload-supporting-document/,https://developer.sprint.paymentology.com/chargeback-api/response-codes/,/api-reference/chargeback-api/response-codes,rewritten
https://developer.sprint.paymentology.com/chargeback-api/connectivity/,https://developer.sprint.paymentology.com/chargeback-api/chargeback-api-reference/first-chargeback/,/api-reference/chargeback-api/first-chargeback,rewritten
https://developer.sprint.paymentology.com/chargeback-api/connectivity/,https://developer.sprint.paymentology.com/chargeback-api/response-codes/,/api-reference/chargeback-api/response-codes,rewritten
https://developer.sprint.paymentology.com/chargeback-api/remote-messaging-api/,https://developer.sprint.paymentology.com/chargeback-api/remote-messaging-api/remote-messaging-api-chargeback-notification/,/api-reference/chargeback-api/remote-messaging-api-chargeback-notification,rewritten
https://developer.sprint.paymentology.com/companion-api/,https://developer.sprint.paymentology.com/card-api/,/guides/card-api,rewritten
https://developer.sprint.paymentology.com/companion-api/,https://developer.sprint.paymentology.com/companion-api/issue-cards/,/guides/issue-cards,rewritten
https://developer.sprint.paymentology.com/companion-api/,https://developer.sprint.paymentology.com/companion-api/manage-cards/,/guides/manage-cards,rewritten
https://developer.sprint.paymentology.com/companion-api/,https://developer.sprint.paymentology.com/companion-api/manage-funds/,/guides/manage-funds,rewritten
https://developer.sprint.paymentology.com/companion-api/,https://developer.sprint.paymentology.com/companion-api/messages/,/guides/messages,rewritten
https://developer.sprint.paymentology.com/companion-api/,https://developer.sprint.paymentology.com/companion-api/reports/,/reports/companion-api/reports,rewritten
https://developer.sprint.paymentology.com/companion-api/,https://developer.sprint.paymentology.com/companion-api/secure-cards/,/guides/secure-cards,rewritten
https://developer.sprint.paymentology.com/companion-api/,https://developer.sprint.paymentology.com/companion-api/tokenization2/,/guides/tokenization2,rewritten
https://developer.sprint.paymentology.com/companion-api/,https://developer.sprint.paymentology.com/contact-us/,/guides/contact-us,rewritten
https://developer.sprint.paymentology.com/companion-api/,https://developer.sprint.paymentology.com/get-started/our-apis/,/guides/our-apis,rewritten
https://developer.sprint.paymentology.com/companion-api/api-reference/,https://developer.sprint.paymentology.com/companion-api/api-reference/local-api/,/api-reference/companion-api/local-api,rewritten
https://developer.sprint.paymentology.com/companion-api/api-reference/,https://developer.sprint.paymentology.com/companion-api/api-reference/remote/,/api-reference/companion-api/remote,rewritten
https://developer.sprint.paymentology.com/companion-api/api-reference/,https://developer.sprint.paymentology.com/response-codes-2/,/guides/response-codes-2,rewritten
https://developer.sprint.paymentology.com/companion-api/api-reference/,https://developer.sprint.paymentology.com/response-codes/,/guides/response-codes,rewritten
https://developer.sprint.paymentology.com/companion-api/api-reference/local-api/,https://developer.sprint.paymentology.com/companion-api/api-reference/local-api/activatecard/,/api-reference/companion-api/activatecard,rewritten
https://developer.sprint.paymentology.com/companion-api/api-reference/local-api/,https://developer.sprint.paymentology.com/companion-api/api-reference/local-api/activatetoken/,/api-reference/companion-api/activatetoken,rewritten
https://developer.sprint.paymentology.com/companion-api/api-reference/local-api/,https://developer.sprint.paymentology.com/companion-api/api-reference/local-api/calculatetav/,/api-reference/companion-api/calculatetav,rewritten
https://developer.sprint.paymentology.com/companion-api/api-reference/local-api/,https://developer.sprint.paymentology.com/companion-api/api-reference/local-api/changepin/,/api-reference/companion-api/changepin,rewritten
https://developer.sprint.paymentology.com/companion-api/api-reference/local-api/,https://developer.sprint.paymentology.com/companion-api/api-reference/local-api/createlinkedcard/,/api-reference/companion-api/createlinkedcard,rewritten
https://developer.sprint.paymentology.com/companion-api/api-reference/local-api/,https://developer.sprint.paymentology.com/companion-api/api-reference/local-api/getactivelinkedcards/,/api-reference/companion-api/getactivelinkedcards,rewritten
https://developer.sprint.paymentology.com/companion-api/api-reference/local-api/,https://developer.sprint.paymentology.com/companion-api/api-reference/local-api/getcarddetails/,/api-reference/companion-api/getcarddetails,rewritten
https://developer.sprint.paymentology.com/companion-api/api-reference/local-api/,https://developer.sprint.paymentology.com/companion-api/api-reference/local-api/linkcard/,/api-reference/companion-api/linkcard,rewritten
https://developer.sprint.paymentology.com/companion-api/api-reference/local-api/,https://developer.sprint.paymentology.com/companion-api/api-reference/local-api/listalltokens/,/api-reference/companion-api/listalltokens,rewritten
https://developer.sprint.paymentology.com/companion-api/api-reference/local-api/,https://developer.sprint.paymentology.com/companion-api/api-reference/local-api/ordercard/,/api-reference/companion-api/ordercard,rewritten
https://developer.sprint.paymentology.com/companion-api/api-reference/local-api/,https://developer.sprint.paymentology.com/companion-api/api-reference/local-api/ordercardwithpinblock/,/api-reference/companion-api/ordercardwithpinblock,rewritten
https://developer.sprint.paymentology.com/companion-api/api-reference/local-api/,https://developer.sprint.paymentology.com/companion-api/api-reference/local-api/printlinkedcard/,/api-reference/companion-api/printlinkedcard,rewritten
https://developer.sprint.paymentology.com/companion-api/api-reference/local-api/,https://developer.sprint.paymentology.com/companion-api/api-reference/local-api/printlinkedcardwithpinblock/,/api-reference/companion-api/printlinkedcardwithpinblock,rewritten
https://developer.sprint.paymentology.com/companion-api/api-reference/local-api/,https://developer.sprint.paymentology.com/companion-api/api-reference/local-api/resetpin/,/api-reference/companion-api/resetpin,rewritten
https://developer.sprint.paymentology.com/companion-api/api-reference/local-api/,https://developer.sprint.paymentology.com/companion-api/api-reference/local-api/set3dsecurecode/,/api-reference/companion-api/set3dsecurecode,rewritten
https://developer.sprint.paymentology.com/companion-api/api-reference/local-api/,https://developer.sprint.paymentology.com/companion-api/api-reference/local-api/status/,/api-reference/companion-api/status,rewritten
https://developer.sprint.paymentology.com/companion-api/api-reference/local-api/,https://developer.sprint.paymentology.com/companion-api/api-reference/local-api/stopcard/,/api-reference/companion-api/stopcard,rewritten
https://developer.sprint.paymentology.com/companion-api/api-reference/local-api/,https://developer.sprint.paymentology.com/companion-api/api-reference/local-api/threedsauthenticationoutcome/,/api-reference/companion-api/threedsauthenticationoutcome,rewritten
https://developer.sprint.paymentology.com/companion-api/api-reference/local-api/,https://developer.sprint.paymentology.com/companion-api/api-reference/local-api/togglevoucherfeature/,/api-reference/companion-api/togglevoucherfeature,rewritten
https://developer.sprint.paymentology.com/companion-api/api-reference/local-api/,https://developer.sprint.paymentology.com/companion-api/api-reference/local-api/tokenapprovedevicebinding/,/api-reference/companion-api/tokenapprovedevicebinding,rewritten
https://developer.sprint.paymentology.com/companion-api/api-reference/local-api/,https://developer.sprint.paymentology.com/companion-api/api-reference/local-api/tokenremovedevicebinding/,/api-reference/companion-api/tokenremovedevicebinding,rewritten
https://developer.sprint.paymentology.com/companion-api/api-reference/local-api/,https://developer.sprint.paymentology.com/companion-api/api-reference/local-api/transferlink/,/api-reference/companion-api/transferlink,rewritten
https://developer.sprint.paymentology.com/companion-api/api-reference/local-api/,https://developer.sprint.paymentology.com/companion-api/api-reference/local-api/unstopcard/,/api-reference/companion-api/unstopcard,rewritten
https://developer.sprint.paymentology.com/companion-api/api-reference/local-api/,https://developer.sprint.paymentology.com/companion-api/api-reference/local-api/updatebearer/,/api-reference/companion-api/updatebearer,rewritten
https://developer.sprint.paymentology.com/companion-api/api-reference/local-api/,https://developer.sprint.paymentology.com/companion-api/api-reference/local-api/updatecvv/,/api-reference/companion-api/updatecvv,rewritten
https://developer.sprint.paymentology.com/companion-api/api-reference/local-api/,https://developer.sprint.paymentology.com/companion-api/api-reference/local-api/updatetokenaccount/,/api-reference/companion-api/updatetokenaccount,rewritten
https://developer.sprint.paymentology.com/companion-api/api-reference/local-api/,https://developer.sprint.paymentology.com/response-codes/,/guides/response-codes,rewritten
https://developer.sprint.paymentology.com/companion-api/api-reference/local-api/activatecard/,https://developer.sprint.paymentology.com/companion-api/api-reference/local-api/,/api-reference/companion-api/local-api,rewritten
https://developer.sprint.paymentology.com/companion-api/api-reference/local-api/activatetoken/,https://developer.sprint.paymentology.com/companion-api/api-reference/local-api/,/api-reference/companion-api/local-api,rewritten
https://developer.sprint.paymentology.com/companion-api/api-reference/local-api/calculatetav/,https://developer.sprint.paymentology.com/companion-api/api-reference/local-api/,/api-reference/companion-api/local-api,rewritten
https://developer.sprint.paymentology.com/companion-api/api-reference/local-api/changepin/,https://developer.sprint.paymentology.com/companion-api/api-reference/local-api/,/api-reference/companion-api/local-api,rewritten
https://developer.sprint.paymentology.com/companion-api/api-reference/local-api/changepin/,https://developer.sprint.paymentology.com/companion-api/secure-apis/,/guides/secure-apis,rewritten
https://developer.sprint.paymentology.com/companion-api/api-reference/local-api/createlinkedcard/,https://developer.sprint.paymentology.com/companion-api/api-reference/local-api/,/api-reference/companion-api/local-api,rewritten
https://developer.sprint.paymentology.com/companion-api/api-reference/local-api/createlinkedcard/,https://developer.sprint.paymentology.com/companion-api/secure-apis/,/guides/secure-apis,rewritten
https://developer.sprint.paymentology.com/companion-api/api-reference/local-api/createlinkedcardmaskedresponse/,https://developer.sprint.paymentology.com/companion-api/api-reference/local-api/,/api-reference/companion-api/local-api,rewritten
https://developer.sprint.paymentology.com/companion-api/api-reference/local-api/deletetoken/,https://developer.sprint.paymentology.com/companion-api/api-reference/local-api/,/api-reference/companion-api/local-api,rewritten
https://developer.sprint.paymentology.com/companion-api/api-reference/local-api/generatetimebasedsecret/,https://developer.sprint.paymentology.com/companion-api/api-reference/local-api/,/api-reference/companion-api/local-api,rewritten
https://developer.sprint.paymentology.com/companion-api/api-reference/local-api/getactivelinkedcards/,https://developer.sprint.paymentology.com/companion-api/api-reference/local-api/,/api-reference/companion-api/local-api,rewritten
https://developer.sprint.paymentology.com/companion-api/api-reference/local-api/getactivelinkedcards/,https://developer.sprint.paymentology.com/companion-api/secure-apis/,/guides/secure-apis,rewritten
https://developer.sprint.paymentology.com/companion-api/api-reference/local-api/getcarddetails/,https://developer.sprint.paymentology.com/companion-api/api-reference/local-api/,/api-reference/companion-api/local-api,rewritten
https://developer.sprint.paymentology.com/companion-api/api-reference/local-api/getcarddetails/,https://developer.sprint.paymentology.com/companion-api/secure-apis/,/guides/secure-apis,rewritten
https://developer.sprint.paymentology.com/companion-api/api-reference/local-api/getlinkedcards/,https://developer.sprint.paymentology.com/companion-api/api-reference/local-api/,/api-reference/companion-api/local-api,rewritten
https://developer.sprint.paymentology.com/companion-api/api-reference/local-api/getlinkedcards/,https://developer.sprint.paymentology.com/companion-api/secure-apis/,/guides/secure-apis,rewritten
https://developer.sprint.paymentology.com/companion-api/api-reference/local-api/linkcard/,https://developer.sprint.paymentology.com/companion-api/api-reference/local-api/,/api-reference/companion-api/local-api,rewritten
https://developer.sprint.paymentology.com/companion-api/api-reference/local-api/listalltokens/,https://developer.sprint.paymentology.com/companion-api/api-reference/local-api/,/api-reference/companion-api/local-api,rewritten
https://developer.sprint.paymentology.com/companion-api/api-reference/local-api/listtokens/,https://developer.sprint.paymentology.com/companion-api/api-reference/local-api/,/api-reference/companion-api/local-api,rewritten
https://developer.sprint.paymentology.com/companion-api/api-reference/local-api/ordercard/,https://developer.sprint.paymentology.com/companion-api/api-reference/local-api/,/api-reference/companion-api/local-api,rewritten
https://developer.sprint.paymentology.com/companion-api/api-reference/local-api/ordercardwithpinblock/,https://developer.sprint.paymentology.com/companion-api/api-reference/local-api/,/api-reference/companion-api/local-api,rewritten
https://developer.sprint.paymentology.com/companion-api/api-reference/local-api/printlinkedcard/,https://developer.sprint.paymentology.com/companion-api/api-reference/local-api/,/api-reference/companion-api/local-api,rewritten
https://developer.sprint.paymentology.com/companion-api/api-reference/local-api/printlinkedcardwithpinblock/,https://developer.sprint.paymentology.com/companion-api/api-reference/local-api/,/api-reference/companion-api/local-api,rewritten
https://developer.sprint.paymentology.com/companion-api/api-reference/local-api/resetpin/,https://developer.sprint.paymentology.com/companion-api/api-reference/local-api/,/api-reference/companion-api/local-api,rewritten
https://developer.sprint.paymentology.com/companion-api/api-reference/local-api/retirecard/,https://developer.sprint.paymentology.com/companion-api/api-reference/local-api/,/api-reference/companion-api/local-api,rewritten
https://developer.sprint.paymentology.com/companion-api/api-reference/local-api/set3dsecurecode/,https://developer.sprint.paymentology.com/companion-api/api-reference/local-api/,/api-reference/companion-api/local-api,rewritten
https://developer.sprint.paymentology.com/companion-api/api-reference/local-api/status/,https://developer.sprint.paymentology.com/companion-api/api-reference/local-api/,/api-reference/companion-api/local-api,rewritten
https://developer.sprint.paymentology.com/companion-api/api-reference/local-api/stopcard/,https://developer.sprint.paymentology.com/companion-api/api-reference/local-api/,/api-reference/companion-api/local-api,rewritten
https://developer.sprint.paymentology.com/companion-api/api-reference/local-api/stoptoken/,https://developer.sprint.paymentology.com/companion-api/api-reference/local-api/,/api-reference/companion-api/local-api,rewritten
https://developer.sprint.paymentology.com/companion-api/api-reference/local-api/togglevoucherfeature/,https://developer.sprint.paymentology.com/companion-api/api-reference/local-api/,/api-reference/companion-api/local-api,rewritten
https://developer.sprint.paymentology.com/companion-api/api-reference/local-api/tokenapprovedevicebinding/,https://developer.sprint.paymentology.com/companion-api/api-reference/local-api/,/api-reference/companion-api/local-api,rewritten
https://developer.sprint.paymentology.com/companion-api/api-reference/local-api/tokenremovedevicebinding/,https://developer.sprint.paymentology.com/companion-api/api-reference/local-api/,/api-reference/companion-api/local-api,rewritten
https://developer.sprint.paymentology.com/companion-api/api-reference/local-api/transferlink/,https://developer.sprint.paymentology.com/companion-api/api-reference/local-api/,/api-reference/companion-api/local-api,rewritten
https://developer.sprint.paymentology.com/companion-api/api-reference/local-api/transfertoken/,https://developer.sprint.paymentology.com/companion-api/api-reference/local-api/,/api-reference/companion-api/local-api,rewritten
https://developer.sprint.paymentology.com/companion-api/api-reference/local-api/unstopcard/,https://developer.sprint.paymentology.com/companion-api/api-reference/local-api/,/api-reference/companion-api/local-api,rewritten
https://developer.sprint.paymentology.com/companion-api/api-reference/local-api/unstoptoken/,https://developer.sprint.paymentology.com/companion-api/api-reference/local-api/,/api-reference/companion-api/local-api,rewritten
https://developer.sprint.paymentology.com/companion-api/api-reference/local-api/updatebearer/,https://developer.sprint.paymentology.com/companion-api/api-reference/local-api/,/api-reference/companion-api/local-api,rewritten
https://developer.sprint.paymentology.com/companion-api/api-reference/local-api/updatecvv/,https://developer.sprint.paymentology.com/companion-api/api-reference/local-api/,/api-reference/companion-api/local-api,rewritten
https://developer.sprint.paymentology.com/companion-api/api-reference/local-api/updatecvv/,https://developer.sprint.paymentology.com/companion-api/secure-apis/,/guides/secure-apis,rewritten
https://developer.sprint.paymentology.com/companion-api/api-reference/local-api/updatetokenaccount/,https://developer.sprint.paymentology.com/companion-api/api-reference/local-api/,/api-reference/companion-api/local-api,rewritten
https://developer.sprint.paymentology.com/companion-api/api-reference/remote/,https://developer.sprint.paymentology.com/companion-api/api-reference/remote/administrativemessage/,/api-reference/companion-api/administrativemessage,rewritten
https://developer.sprint.paymentology.com/companion-api/api-reference/remote/,https://developer.sprint.paymentology.com/companion-api/api-reference/remote/balance/,/api-reference/companion-api/balance,rewritten
https://developer.sprint.paymentology.com/companion-api/api-reference/remote/,https://developer.sprint.paymentology.com/companion-api/api-reference/remote/brazilianinstallmentsettled/,/api-reference/companion-api/brazilianinstallmentsettled,rewritten
https://developer.sprint.paymentology.com/companion-api/api-reference/remote/,https://developer.sprint.paymentology.com/companion-api/api-reference/remote/deduct/,/api-reference/companion-api/deduct,rewritten
https://developer.sprint.paymentology.com/companion-api/api-reference/remote/,https://developer.sprint.paymentology.com/companion-api/api-reference/remote/deductadjustment/,/api-reference/companion-api/deductadjustment,rewritten
https://developer.sprint.paymentology.com/companion-api/api-reference/remote/,https://developer.sprint.paymentology.com/companion-api/api-reference/remote/deductreversal/,/api-reference/companion-api/deductreversal,rewritten
https://developer.sprint.paymentology.com/companion-api/api-reference/remote/,https://developer.sprint.paymentology.com/companion-api/api-reference/remote/loadadjustment/,/api-reference/companion-api/loadadjustment,rewritten
https://developer.sprint.paymentology.com/companion-api/api-reference/remote/,https://developer.sprint.paymentology.com/companion-api/api-reference/remote/loadauth/,/api-reference/companion-api/loadauth,rewritten
https://developer.sprint.paymentology.com/companion-api/api-reference/remote/,https://developer.sprint.paymentology.com/companion-api/api-reference/remote/loadauthreversal/,/api-reference/companion-api/loadauthreversal,rewritten
https://developer.sprint.paymentology.com/companion-api/api-reference/remote/,https://developer.sprint.paymentology.com/companion-api/api-reference/remote/loadreversal/,/api-reference/companion-api/loadreversal,rewritten
https://developer.sprint.paymentology.com/companion-api/api-reference/remote/,https://developer.sprint.paymentology.com/companion-api/api-reference/remote/mexicaninstallmentsettled/,/api-reference/companion-api/mexicaninstallmentsettled,rewritten
https://developer.sprint.paymentology.com/companion-api/api-reference/remote/,https://developer.sprint.paymentology.com/companion-api/api-reference/remote/stop/,/api-reference/companion-api/stop,rewritten
https://developer.sprint.paymentology.com/companion-api/api-reference/remote/,https://developer.sprint.paymentology.com/companion-api/api-reference/remote/validatepin/,/api-reference/companion-api/validatepin,rewritten
https://developer.sprint.paymentology.com/companion-api/api-reference/remote/administrativemessage/,https://developer.sprint.paymentology.com/companion-api/api-reference/local-api/threedsauthenticationoutcome/,/api-reference/companion-api/threedsauthenticationoutcome,rewritten
https://developer.sprint.paymentology.com/companion-api/api-reference/remote/administrativemessage/,https://developer.sprint.paymentology.com/companion-api/api-reference/remote/,/api-reference/companion-api/remote,rewritten
https://developer.sprint.paymentology.com/companion-api/api-reference/remote/administrativemessage/,https://developer.sprint.paymentology.com/companion-api/klv-lookup/,/guides/klv-lookup,rewritten
https://developer.sprint.paymentology.com/companion-api/api-reference/remote/administrativemessage/,https://developer.sprint.paymentology.com/companion-api/klv-lookup/,/guides/klv-lookup,rewritten
https://developer.sprint.paymentology.com/companion-api/api-reference/remote/administrativemessage/,https://developer.sprint.paymentology.com/companion-api/klv-lookup/,/guides/klv-lookup,rewritten
https://developer.sprint.paymentology.com/companion-api/api-reference/remote/administrativemessage/,https://developer.sprint.paymentology.com/companion-api/klv-lookup/,/guides/klv-lookup,rewritten
https://developer.sprint.paymentology.com/companion-api/api-reference/remote/administrativemessage/,https://developer.sprint.paymentology.com/companion-api/klv-lookup/,/guides/klv-lookup,rewritten
https://developer.sprint.paymentology.com/companion-api/api-reference/remote/administrativemessage/,https://developer.sprint.paymentology.com/companion-api/klv-lookup/,/guides/klv-lookup,rewritten
https://developer.sprint.paymentology.com/companion-api/api-reference/remote/administrativemessage/administrative-message-values/,https://developer.sprint.paymentology.com/companion-api/klv-lookup/,/guides/klv-lookup,rewritten
https://developer.sprint.paymentology.com/companion-api/api-reference/remote/administrativemessage/administrative-message-values/,https://developer.sprint.paymentology.com/companion-api/klv-lookup/,/guides/klv-lookup,rewritten
https://developer.sprint.paymentology.com/companion-api/api-reference/remote/administrativemessage/administrative-message-values/,https://developer.sprint.paymentology.com/companion-api/klv-lookup/,/guides/klv-lookup,rewritten
https://developer.sprint.paymentology.com/companion-api/api-reference/remote/administrativemessage/administrative-message-values/,https://developer.sprint.paymentology.com/companion-api/klv-lookup/,/guides/klv-lookup,rewritten
https://developer.sprint.paymentology.com/companion-api/api-reference/remote/administrativemessage/administrative-message-values/,https://developer.sprint.paymentology.com/companion-api/klv-lookup/,/guides/klv-lookup,rewritten
https://developer.sprint.paymentology.com/companion-api/api-reference/remote/administrativemessage/administrative-message-values/,https://developer.sprint.paymentology.com/companion-api/klv-lookup/,/guides/klv-lookup,rewritten
https://developer.sprint.paymentology.com/companion-api/api-reference/remote/administrativemessage/administrative-message-values/,https://developer.sprint.paymentology.com/companion-api/klv-lookup/,/guides/klv-lookup,rewritten
https://developer.sprint.paymentology.com/companion-api/api-reference/remote/administrativemessage/administrative-message-values/,https://developer.sprint.paymentology.com/companion-api/klv-lookup/,/guides/klv-lookup,rewritten
https://developer.sprint.paymentology.com/companion-api/api-reference/remote/administrativemessage/administrative-message-values/,https://developer.sprint.paymentology.com/companion-api/klv-lookup/,/guides/klv-lookup,rewritten
https://developer.sprint.paymentology.com/companion-api/api-reference/remote/balance/,https://developer.sprint.paymentology.com/companion-api/api-reference/remote/,/api-reference/companion-api/remote,rewritten
https://developer.sprint.paymentology.com/companion-api/api-reference/remote/balance/,https://developer.sprint.paymentology.com/companion-api/klv-lookup/,/guides/klv-lookup,rewritten
https://developer.sprint.paymentology.com/companion-api/api-reference/remote/brazilianinstallmentsettled/,https://developer.sprint.paymentology.com/companion-api/api-reference/remote/,/api-reference/companion-api/remote,rewritten
https://developer.sprint.paymentology.com/companion-api/api-reference/remote/deduct/,https://developer.sprint.paymentology.com/companion-api/api-reference/remote/,/api-reference/companion-api/remote,rewritten
https://developer.sprint.paymentology.com/companion-api/api-reference/remote/deductadjustment/,https://developer.sprint.paymentology.com/companion-api/api-reference/remote/,/api-reference/companion-api/remote,rewritten
https://developer.sprint.paymentology.com/companion-api/api-reference/remote/deductadjustment/,https://developer.sprint.paymentology.com/companion-api/klv-lookup/,/guides/klv-lookup,rewritten
https://developer.sprint.paymentology.com/companion-api/api-reference/remote/deductreversal/,https://developer.sprint.paymentology.com/companion-api/api-reference/remote/,/api-reference/companion-api/remote,rewritten
https://developer.sprint.paymentology.com/companion-api/api-reference/remote/deductreversal/,https://developer.sprint.paymentology.com/companion-api/klv-lookup/,/guides/klv-lookup,rewritten
https://developer.sprint.paymentology.com/companion-api/api-reference/remote/loadadjustment/,https://developer.sprint.paymentology.com/companion-api/api-reference/remote/,/api-reference/companion-api/remote,rewritten
https://developer.sprint.paymentology.com/companion-api/api-reference/remote/loadadjustment/,https://developer.sprint.paymentology.com/companion-api/klv-lookup/,/guides/klv-lookup,rewritten
https://developer.sprint.paymentology.com/companion-api/api-reference/remote/loadauth/,https://developer.sprint.paymentology.com/companion-api/api-reference/remote/,/api-reference/companion-api/remote,rewritten
https://developer.sprint.paymentology.com/companion-api/api-reference/remote/loadauth/,https://developer.sprint.paymentology.com/companion-api/klv-lookup/,/guides/klv-lookup,rewritten
https://developer.sprint.paymentology.com/companion-api/api-reference/remote/loadauthreversal/,https://developer.sprint.paymentology.com/companion-api/api-reference/remote/,/api-reference/companion-api/remote,rewritten
https://developer.sprint.paymentology.com/companion-api/api-reference/remote/loadauthreversal/,https://developer.sprint.paymentology.com/companion-api/klv-lookup/,/guides/klv-lookup,rewritten
https://developer.sprint.paymentology.com/companion-api/api-reference/remote/loadauthreversal/,https://developer.sprint.paymentology.com/companion-api/klv-lookup/,/guides/klv-lookup,rewritten
https://developer.sprint.paymentology.com/companion-api/api-reference/remote/loadreversal/,https://developer.sprint.paymentology.com/companion-api/api-reference/remote/,/api-reference/companion-api/remote,rewritten
https://developer.sprint.paymentology.com/companion-api/api-reference/remote/loadreversal/,https://developer.sprint.paymentology.com/companion-api/klv-lookup/,/guides/klv-lookup,rewritten
https://developer.sprint.paymentology.com/companion-api/api-reference/remote/loadreversal/,https://developer.sprint.paymentology.com/companion-api/klv-lookup/,/guides/klv-lookup,rewritten
https://developer.sprint.paymentology.com/companion-api/api-reference/remote/mexicaninstallmentsettled/,https://developer.sprint.paymentology.com/companion-api/api-reference/remote/,/api-reference/companion-api/remote,rewritten
https://developer.sprint.paymentology.com/companion-api/api-reference/remote/stop/,https://developer.sprint.paymentology.com/companion-api/api-reference/remote/,/api-reference/companion-api/remote,rewritten
https://developer.sprint.paymentology.com/companion-api/api-reference/remote/stop/,https://developer.sprint.paymentology.com/companion-api/klv-lookup/,/guides/klv-lookup,rewritten
https://developer.sprint.paymentology.com/companion-api/api-reference/remote/validatepin/,https://developer.sprint.paymentology.com/companion-api/api-reference/remote/,/api-reference/companion-api/remote,rewritten
https://developer.sprint.paymentology.com/companion-api/disputes/,https://developer.sprint.paymentology.com/companion-api/manage-funds/3d-secure/,/guides/3d-secure,rewritten
https://developer.sprint.paymentology.com/companion-api/issue-cards/,https://developer.sprint.paymentology.com/companion-api/api-reference/local-api/activatecard/,/api-reference/companion-api/activatecard,rewritten
https://developer.sprint.paymentology.com/companion-api/issue-cards/,https://developer.sprint.paymentology.com/companion-api/api-reference/local-api/activatecard/,/api-reference/companion-api/activatecard,rewritten
https://developer.sprint.paymentology.com/companion-api/issue-cards/,https://developer.sprint.paymentology.com/companion-api/api-reference/local-api/createlinkedcard/,/api-reference/companion-api/createlinkedcard,rewritten
https://developer.sprint.paymentology.com/companion-api/issue-cards/,https://developer.sprint.paymentology.com/companion-api/api-reference/local-api/linkcard/,/api-reference/companion-api/linkcard,rewritten
https://developer.sprint.paymentology.com/companion-api/issue-cards/,https://developer.sprint.paymentology.com/companion-api/api-reference/local-api/linkcard/,/api-reference/companion-api/linkcard,rewritten
https://developer.sprint.paymentology.com/companion-api/issue-cards/,https://developer.sprint.paymentology.com/companion-api/api-reference/local-api/ordercard/,/api-reference/companion-api/ordercard,rewritten
https://developer.sprint.paymentology.com/companion-api/issue-cards/,https://developer.sprint.paymentology.com/companion-api/api-reference/local-api/ordercardwithpinblock/,/api-reference/companion-api/ordercardwithpinblock,rewritten
https://developer.sprint.paymentology.com/companion-api/issue-cards/,https://developer.sprint.paymentology.com/companion-api/api-reference/local-api/printlinkedcard/,/api-reference/companion-api/printlinkedcard,rewritten
https://developer.sprint.paymentology.com/companion-api/issue-cards/,https://developer.sprint.paymentology.com/companion-api/api-reference/local-api/printlinkedcardwithpinblock/,/api-reference/companion-api/printlinkedcardwithpinblock,rewritten
https://developer.sprint.paymentology.com/companion-api/issue-cards/,https://developer.sprint.paymentology.com/companion-api/api-reference/local-api/togglevoucherfeature/,/api-reference/companion-api/togglevoucherfeature,rewritten
https://developer.sprint.paymentology.com/companion-api/issue-cards/,https://developer.sprint.paymentology.com/companion-api/issue-cards/digital-first/,/guides/digital-first,rewritten
https://developer.sprint.paymentology.com/companion-api/issue-cards/,https://developer.sprint.paymentology.com/companion-api/issue-cards/digital-first/,/guides/digital-first,rewritten
https://developer.sprint.paymentology.com/companion-api/issue-cards/digital-first/,https://developer.sprint.paymentology.com/companion-api/api-reference/local-api/printlinkedcardwithpinblock/,/api-reference/companion-api/printlinkedcardwithpinblock,rewritten
https://developer.sprint.paymentology.com/companion-api/issue-cards/digital-first/,https://developer.sprint.paymentology.com/companion-api/issue-cards/,/guides/issue-cards,rewritten
https://developer.sprint.paymentology.com/companion-api/issue-cards/digital-first/,https://developer.sprint.paymentology.com/companion-api/tokenization2/,/guides/tokenization2,rewritten
https://developer.sprint.paymentology.com/companion-api/issue-cards/digital-first/,https://developer.sprint.paymentology.com/companion-api/tokenization2/visa-token-provisioning/,/guides/visa-token-provisioning,rewritten
https://developer.sprint.paymentology.com/companion-api/klv-lookup/,https://developer.sprint.paymentology.com/companion-api/api-reference/remote/balance/,/api-reference/companion-api/balance,rewritten
https://developer.sprint.paymentology.com/companion-api/klv-lookup/,https://developer.sprint.paymentology.com/companion-api/api-reference/remote/loadauthreversal/,/api-reference/companion-api/loadauthreversal,rewritten
https://developer.sprint.paymentology.com/companion-api/manage-funds/,https://developer.sprint.paymentology.com/companion-api/api-reference/remote/,/api-reference/companion-api/remote,rewritten
https://developer.sprint.paymentology.com/companion-api/manage-funds/,https://developer.sprint.paymentology.com/companion-api/api-reference/remote/balance/,/api-reference/companion-api/balance,rewritten
https://developer.sprint.paymentology.com/companion-api/manage-funds/,https://developer.sprint.paymentology.com/companion-api/api-reference/remote/deduct/,/api-reference/companion-api/deduct,rewritten
https://developer.sprint.paymentology.com/companion-api/manage-funds/,https://developer.sprint.paymentology.com/companion-api/api-reference/remote/deduct/,/api-reference/companion-api/deduct,rewritten
https://developer.sprint.paymentology.com/companion-api/manage-funds/,https://developer.sprint.paymentology.com/companion-api/api-reference/remote/deduct/,/api-reference/companion-api/deduct,rewritten
https://developer.sprint.paymentology.com/companion-api/manage-funds/,https://developer.sprint.paymentology.com/companion-api/api-reference/remote/deduct/,/api-reference/companion-api/deduct,rewritten
https://developer.sprint.paymentology.com/companion-api/manage-funds/,https://developer.sprint.paymentology.com/companion-api/api-reference/remote/deduct/,/api-reference/companion-api/deduct,rewritten
https://developer.sprint.paymentology.com/companion-api/manage-funds/,https://developer.sprint.paymentology.com/companion-api/api-reference/remote/deduct/,/api-reference/companion-api/deduct,rewritten
https://developer.sprint.paymentology.com/companion-api/manage-funds/,https://developer.sprint.paymentology.com/companion-api/api-reference/remote/deduct/,/api-reference/companion-api/deduct,rewritten
https://developer.sprint.paymentology.com/companion-api/manage-funds/,https://developer.sprint.paymentology.com/companion-api/api-reference/remote/deduct/,/api-reference/companion-api/deduct,rewritten
https://developer.sprint.paymentology.com/companion-api/manage-funds/,https://developer.sprint.paymentology.com/companion-api/api-reference/remote/deduct/,/api-reference/companion-api/deduct,rewritten
https://developer.sprint.paymentology.com/companion-api/manage-funds/,https://developer.sprint.paymentology.com/companion-api/api-reference/remote/deductadjustment/,/api-reference/companion-api/deductadjustment,rewritten
https://developer.sprint.paymentology.com/companion-api/manage-funds/,https://developer.sprint.paymentology.com/companion-api/api-reference/remote/deductadjustment/,/api-reference/companion-api/deductadjustment,rewritten
https://developer.sprint.paymentology.com/companion-api/manage-funds/,https://developer.sprint.paymentology.com/companion-api/api-reference/remote/deductreversal/,/api-reference/companion-api/deductreversal,rewritten
https://developer.sprint.paymentology.com/companion-api/manage-funds/,https://developer.sprint.paymentology.com/companion-api/api-reference/remote/deductreversal/,/api-reference/companion-api/deductreversal,rewritten
https://developer.sprint.paymentology.com/companion-api/manage-funds/,https://developer.sprint.paymentology.com/companion-api/api-reference/remote/deductreversal/,/api-reference/companion-api/deductreversal,rewritten
https://developer.sprint.paymentology.com/companion-api/manage-funds/,https://developer.sprint.paymentology.com/companion-api/api-reference/remote/deductreversal/,/api-reference/companion-api/deductreversal,rewritten
https://developer.sprint.paymentology.com/companion-api/manage-funds/,https://developer.sprint.paymentology.com/companion-api/api-reference/remote/deductreversal/,/api-reference/companion-api/deductreversal,rewritten
https://developer.sprint.paymentology.com/companion-api/manage-funds/,https://developer.sprint.paymentology.com/companion-api/api-reference/remote/deductreversal/,/api-reference/companion-api/deductreversal,rewritten
https://developer.sprint.paymentology.com/companion-api/manage-funds/,https://developer.sprint.paymentology.com/companion-api/api-reference/remote/deductreversal/,/api-reference/companion-api/deductreversal,rewritten
https://developer.sprint.paymentology.com/companion-api/manage-funds/,https://developer.sprint.paymentology.com/companion-api/api-reference/remote/deductreversal/,/api-reference/companion-api/deductreversal,rewritten
https://developer.sprint.paymentology.com/companion-api/manage-funds/,https://developer.sprint.paymentology.com/companion-api/api-reference/remote/loadadjustment/,/api-reference/companion-api/loadadjustment,rewritten
https://developer.sprint.paymentology.com/companion-api/manage-funds/,https://developer.sprint.paymentology.com/companion-api/api-reference/remote/loadadjustment/,/api-reference/companion-api/loadadjustment,rewritten
https://developer.sprint.paymentology.com/companion-api/manage-funds/,https://developer.sprint.paymentology.com/companion-api/api-reference/remote/loadadjustment/,/api-reference/companion-api/loadadjustment,rewritten
https://developer.sprint.paymentology.com/companion-api/manage-funds/,https://developer.sprint.paymentology.com/companion-api/api-reference/remote/loadadjustment/,/api-reference/companion-api/loadadjustment,rewritten
https://developer.sprint.paymentology.com/companion-api/manage-funds/,https://developer.sprint.paymentology.com/companion-api/api-reference/remote/loadadjustment/,/api-reference/companion-api/loadadjustment,rewritten
https://developer.sprint.paymentology.com/companion-api/manage-funds/,https://developer.sprint.paymentology.com/companion-api/api-reference/remote/loadadjustment/,/api-reference/companion-api/loadadjustment,rewritten
https://developer.sprint.paymentology.com/companion-api/manage-funds/,https://developer.sprint.paymentology.com/companion-api/api-reference/remote/loadadjustment/,/api-reference/companion-api/loadadjustment,rewritten
https://developer.sprint.paymentology.com/companion-api/manage-funds/,https://developer.sprint.paymentology.com/companion-api/api-reference/remote/loadauth/,/api-reference/companion-api/loadauth,rewritten
https://developer.sprint.paymentology.com/companion-api/manage-funds/,https://developer.sprint.paymentology.com/companion-api/api-reference/remote/loadauth/,/api-reference/companion-api/loadauth,rewritten
https://developer.sprint.paymentology.com/companion-api/manage-funds/,https://developer.sprint.paymentology.com/companion-api/api-reference/remote/loadauth/,/api-reference/companion-api/loadauth,rewritten
https://developer.sprint.paymentology.com/companion-api/manage-funds/,https://developer.sprint.paymentology.com/companion-api/api-reference/remote/loadauth/,/api-reference/companion-api/loadauth,rewritten
https://developer.sprint.paymentology.com/companion-api/manage-funds/,https://developer.sprint.paymentology.com/companion-api/api-reference/remote/loadauth/,/api-reference/companion-api/loadauth,rewritten
https://developer.sprint.paymentology.com/companion-api/manage-funds/,https://developer.sprint.paymentology.com/companion-api/api-reference/remote/loadauth/,/api-reference/companion-api/loadauth,rewritten
https://developer.sprint.paymentology.com/companion-api/manage-funds/,https://developer.sprint.paymentology.com/companion-api/api-reference/remote/loadauth/,/api-reference/companion-api/loadauth,rewritten
https://developer.sprint.paymentology.com/companion-api/manage-funds/,https://developer.sprint.paymentology.com/companion-api/api-reference/remote/loadauthreversal/,/api-reference/companion-api/loadauthreversal,rewritten
https://developer.sprint.paymentology.com/companion-api/manage-funds/,https://developer.sprint.paymentology.com/companion-api/api-reference/remote/loadauthreversal/,/api-reference/companion-api/loadauthreversal,rewritten
https://developer.sprint.paymentology.com/companion-api/manage-funds/,https://developer.sprint.paymentology.com/companion-api/api-reference/remote/loadauthreversal/,/api-reference/companion-api/loadauthreversal,rewritten
https://developer.sprint.paymentology.com/companion-api/manage-funds/,https://developer.sprint.paymentology.com/companion-api/api-reference/remote/loadauthreversal/,/api-reference/companion-api/loadauthreversal,rewritten
https://developer.sprint.paymentology.com/companion-api/manage-funds/,https://developer.sprint.paymentology.com/companion-api/api-reference/remote/loadreversal/,/api-reference/companion-api/loadreversal,rewritten
https://developer.sprint.paymentology.com/companion-api/manage-funds/3d-secure/,https://developer.sprint.paymentology.com/companion-api/api-reference/local-api/set3dsecurecode/,/api-reference/companion-api/set3dsecurecode,rewritten
https://developer.sprint.paymentology.com/companion-api/messages/,https://developer.sprint.paymentology.com/companion-api/api-reference/local-api/stopcard/,/api-reference/companion-api/stopcard,rewritten
https://developer.sprint.paymentology.com/companion-api/reports/,https://developer.sprint.paymentology.com/companion-api/reports/apple-pay-monthly-declines-report/,/reports/companion-api/apple-pay-monthly-declines-report,rewritten
https://developer.sprint.paymentology.com/companion-api/reports/,https://developer.sprint.paymentology.com/companion-api/reports/apple-pay-monthly-fee-billing-report/,/reports/companion-api/apple-pay-monthly-fee-billing-report,rewritten
https://developer.sprint.paymentology.com/companion-api/reports/,https://developer.sprint.paymentology.com/companion-api/reports/apple-pay-monthly-metric-report/,/reports/companion-api/apple-pay-monthly-metric-report,rewritten
https://developer.sprint.paymentology.com/companion-api/reports/,https://developer.sprint.paymentology.com/companion-api/reports/apple-pay-monthly-top-merchant-report/,/reports/companion-api/apple-pay-monthly-top-merchant-report,rewritten
https://developer.sprint.paymentology.com/companion-api/reports/,https://developer.sprint.paymentology.com/companion-api/reports/apple-pay-monthly-usage-frequency-report/,/reports/companion-api/apple-pay-monthly-usage-frequency-report,rewritten
https://developer.sprint.paymentology.com/companion-api/reports/,https://developer.sprint.paymentology.com/companion-api/reports/apple-pay-quarterly-fee-billing-report/,/reports/companion-api/apple-pay-quarterly-fee-billing-report,rewritten
https://developer.sprint.paymentology.com/companion-api/reports/,https://developer.sprint.paymentology.com/companion-api/reports/authorisation-income-report/,/reports/companion-api/authorisation-income-report,rewritten
https://developer.sprint.paymentology.com/companion-api/reports/,https://developer.sprint.paymentology.com/companion-api/reports/blocked-transactions-report/,/reports/companion-api/blocked-transactions-report,rewritten
https://developer.sprint.paymentology.com/companion-api/reports/,https://developer.sprint.paymentology.com/companion-api/reports/card-balance-report/,/reports/companion-api/card-balance-report,rewritten
https://developer.sprint.paymentology.com/companion-api/reports/,https://developer.sprint.paymentology.com/companion-api/reports/daily-negative-balance-report/,/reports/companion-api/daily-negative-balance-report,rewritten
https://developer.sprint.paymentology.com/companion-api/reports/,https://developer.sprint.paymentology.com/companion-api/reports/daily-sales-and-redemption-report/,/reports/companion-api/daily-sales-and-redemption-report,rewritten
https://developer.sprint.paymentology.com/companion-api/reports/,https://developer.sprint.paymentology.com/companion-api/reports/daily-statement-report/,/reports/companion-api/daily-statement-report,rewritten
https://developer.sprint.paymentology.com/companion-api/reports/,https://developer.sprint.paymentology.com/companion-api/reports/ecommerce-report/,/reports/companion-api/ecommerce-report,rewritten
https://developer.sprint.paymentology.com/companion-api/reports/,https://developer.sprint.paymentology.com/companion-api/reports/google-pay-monthly-report/,/reports/companion-api/google-pay-monthly-report,rewritten
https://developer.sprint.paymentology.com/companion-api/reports/,https://developer.sprint.paymentology.com/companion-api/reports/inactive-cards-report/,/reports/companion-api/inactive-cards-report,rewritten
https://developer.sprint.paymentology.com/companion-api/reports/,https://developer.sprint.paymentology.com/companion-api/reports/linked-cards-report/,/reports/companion-api/linked-cards-report,rewritten
https://developer.sprint.paymentology.com/companion-api/reports/,https://developer.sprint.paymentology.com/companion-api/reports/qmr-data-report/,/reports/companion-api/qmr-data-report,rewritten
https://developer.sprint.paymentology.com/companion-api/reports/,https://developer.sprint.paymentology.com/companion-api/reports/qvr-data-report/,/reports/companion-api/qvr-data-report,rewritten
https://developer.sprint.paymentology.com/companion-api/reports/,https://developer.sprint.paymentology.com/companion-api/reports/unsettled-transactions-report-2/,/reports/companion-api/unsettled-transactions-report-2,rewritten
https://developer.sprint.paymentology.com/companion-api/reports/,https://developer.sprint.paymentology.com/companion-api/reports/vau-transaction-report/,/reports/companion-api/vau-transaction-report,rewritten
https://developer.sprint.paymentology.com/companion-api/reports/card-order-report/,https://developer.sprint.paymentology.com/companion-api/api-reference/local-api/ordercard/,/api-reference/companion-api/ordercard,rewritten
https://developer.sprint.paymentology.com/companion-api/reports/unsettled-transactions-report-2/,https://developer.sprint.paymentology.com/companion-api/reports/mark-off-file/,/reports/companion-api/mark-off-file,rewritten
https://developer.sprint.paymentology.com/companion-api/secure-apis/,https://developer.sprint.paymentology.com/companion-api/api-reference/local-api/changepin/,/api-reference/companion-api/changepin,rewritten
https://developer.sprint.paymentology.com/companion-api/secure-apis/,https://developer.sprint.paymentology.com/companion-api/api-reference/local-api/createlinkedcard/,/api-reference/companion-api/createlinkedcard,rewritten
https://developer.sprint.paymentology.com/companion-api/secure-apis/,https://developer.sprint.paymentology.com/companion-api/api-reference/local-api/getactivelinkedcards/,/api-reference/companion-api/getactivelinkedcards,rewritten
https://developer.sprint.paymentology.com/companion-api/secure-apis/,https://developer.sprint.paymentology.com/companion-api/api-reference/local-api/getcarddetails/,/api-reference/companion-api/getcarddetails,rewritten
https://developer.sprint.paymentology.com/companion-api/secure-apis/,https://developer.sprint.paymentology.com/companion-api/api-reference/local-api/getlinkedcards/,/api-reference/companion-api/getlinkedcards,rewritten
https://developer.sprint.paymentology.com/companion-api/secure-apis/,https://developer.sprint.paymentology.com/companion-api/api-reference/local-api/updatecvv/,/api-reference/companion-api/updatecvv,rewritten
https://developer.sprint.paymentology.com/companion-api/secure-cards/,https://developer.sprint.paymentology.com/companion-api/api-reference/local-api/changepin/,/api-reference/companion-api/changepin,rewritten
https://developer.sprint.paymentology.com/companion-api/secure-cards/offline-pin/,https://developer.sprint.paymentology.com/companion-api/api-reference/local-api/changepin/,/api-reference/companion-api/changepin,rewritten
https://developer.sprint.paymentology.com/companion-api/settlement-and-reconciliation/,https://developer.sprint.paymentology.com/companion-api/disputes/,/guides/disputes,rewritten
https://developer.sprint.paymentology.com/companion-api/settlement-and-reconciliation/,https://developer.sprint.paymentology.com/companion-api/reports/detailed-settlement-report/,/reports/companion-api/detailed-settlement-report,rewritten
https://developer.sprint.paymentology.com/companion-api/settlement-and-reconciliation/,https://developer.sprint.paymentology.com/companion-api/reports/forex-gains-report/,/reports/companion-api/forex-gains-report,rewritten
https://developer.sprint.paymentology.com/companion-api/settlement-and-reconciliation/,https://developer.sprint.paymentology.com/companion-api/reports/mark-off-file/,/reports/companion-api/mark-off-file,rewritten
https://developer.sprint.paymentology.com/companion-api/settlement-and-reconciliation/,https://developer.sprint.paymentology.com/companion-api/reports/summary-settlement-report/,/reports/companion-api/summary-settlement-report,rewritten
https://developer.sprint.paymentology.com/companion-api/settlement-and-reconciliation/,https://developer.sprint.paymentology.com/get-started/fraud/,/guides/fraud,rewritten
https://developer.sprint.paymentology.com/companion-api/tokenization2/visa-token-provisioning/,https://developer.sprint.paymentology.com/companion-api/api-reference/local-api/activatetoken/,/api-reference/companion-api/activatetoken,rewritten
https://developer.sprint.paymentology.com/companion-api/tokenization2/visa-token-provisioning/,https://developer.sprint.paymentology.com/companion-api/tokenization2/token-provisioning/,/guides/token-provisioning,rewritten
https://developer.sprint.paymentology.com/generatetimebasedsecret/,https://developer.sprint.paymentology.com/companion-api/api-reference/local-api/,/api-reference/companion-api/local-api,rewritten
https://developer.sprint.paymentology.com/get-started/,https://developer.sprint.paymentology.com/get-started/client-testing-guide/,/guides/client-testing-guide,rewritten
https://developer.sprint.paymentology.com/get-started/,https://developer.sprint.paymentology.com/get-started/our-apis/,/guides/our-apis,rewritten
https://developer.sprint.paymentology.com/get-started/,https://developer.sprint.paymentology.com/get-started/testing/,/guides/testing,rewritten
https://developer.sprint.paymentology.com/get-started/client-card-program/,https://developer.sprint.paymentology.com/companion-api/klv-lookup/,/guides/klv-lookup,rewritten
https://developer.sprint.paymentology.com/get-started/client-testing-guide/,https://developer.sprint.paymentology.com/card-api/,/guides/card-api,rewritten
https://developer.sprint.paymentology.com/get-started/client-testing-guide/,https://developer.sprint.paymentology.com/card-api/api-reference/,/api-reference/card-api/api-reference,rewritten
https://developer.sprint.paymentology.com/get-started/client-testing-guide/,https://developer.sprint.paymentology.com/companion-api/api-reference/,/api-reference/companion-api/api-reference,rewritten
https://developer.sprint.paymentology.com/get-started/client-testing-guide/,https://developer.sprint.paymentology.com/companion-api/api-reference/remote/,/api-reference/companion-api/remote,rewritten
https://developer.sprint.paymentology.com/get-started/client-testing-guide/,https://developer.sprint.paymentology.com/contact-us/,/guides/contact-us,rewritten
https://developer.sprint.paymentology.com/get-started/client-testing-guide/,https://developer.sprint.paymentology.com/get-started/our-apis/,/guides/our-apis,rewritten
https://developer.sprint.paymentology.com/get-started/client-testing-guide/,https://developer.sprint.paymentology.com/tools/,/tools/tools,rewritten
https://developer.sprint.paymentology.com/get-started/client-testing-guide/,https://developer.sprint.paymentology.com/tools/checksum-generator/,/tools/checksum-generator,rewritten
https://developer.sprint.paymentology.com/get-started/client-testing-guide/,https://developer.sprint.paymentology.com/tools/simpos/,/tools/simpos,rewritten
https://developer.sprint.paymentology.com/get-started/client-testing-guide/,https://developer.sprint.paymentology.com/tools/xml-generator/,/tools/xml-generator,rewritten
https://developer.sprint.paymentology.com/get-started/client-testing-guide/,https://developer.sprint.paymentology.com/tools/xml-poster/,/tools/xml-poster,rewritten
https://developer.sprint.paymentology.com/get-started/our-apis/,https://developer.sprint.paymentology.com/card-api/,/guides/card-api,rewritten
https://developer.sprint.paymentology.com/get-started/our-apis/,https://developer.sprint.paymentology.com/card-api/,/guides/card-api,rewritten
https://developer.sprint.paymentology.com/get-started/our-apis/,https://developer.sprint.paymentology.com/companion-api/,/guides/companion-api,rewritten
https://developer.sprint.paymentology.com/get-started/our-apis/,https://developer.sprint.paymentology.com/companion-api/,/guides/companion-api,rewritten
https://developer.sprint.paymentology.com/get-started/our-apis/,https://developer.sprint.paymentology.com/notifications/,/guides/notifications,rewritten
https://developer.sprint.paymentology.com/get-started/our-apis/,https://developer.sprint.paymentology.com/qr-payments-api/,/guides/qr-payments-api,rewritten
https://developer.sprint.paymentology.com/get-started/security/,https://developer.sprint.paymentology.com/tools/checksum-generator/,/tools/checksum-generator,rewritten
https://developer.sprint.paymentology.com/get-started/testing/,https://developer.sprint.paymentology.com/contact-us/,/guides/contact-us,rewritten
https://developer.sprint.paymentology.com/get-started/testing/,https://developer.sprint.paymentology.com/tools/simpos/,/tools/simpos,rewritten
https://developer.sprint.paymentology.com/how_payments_work/,https://developer.sprint.paymentology.com/card-api/,/guides/card-api,rewritten
https://developer.sprint.paymentology.com/how_payments_work/,https://developer.sprint.paymentology.com/companion-api/,/guides/companion-api,rewritten
https://developer.sprint.paymentology.com/how_payments_work/,https://developer.sprint.paymentology.com/companion-api/disputes/,/guides/disputes,rewritten
https://developer.sprint.paymentology.com/how_payments_work/,https://developer.sprint.paymentology.com/companion-api/disputes/,/guides/disputes,rewritten
https://developer.sprint.paymentology.com/how_payments_work/,https://developer.sprint.paymentology.com/companion-api/disputes/,/guides/disputes,rewritten
https://developer.sprint.paymentology.com/how_payments_work/,https://developer.sprint.paymentology.com/companion-api/manage-funds/3d-secure/,/guides/3d-secure,rewritten
https://developer.sprint.paymentology.com/how_payments_work/,https://developer.sprint.paymentology.com/companion-api/manage-funds/automated-fuel-dispensers-afd-transactions/,/guides/automated-fuel-dispensers-afd-transactions,rewritten
https://developer.sprint.paymentology.com/how_payments_work/,https://developer.sprint.paymentology.com/companion-api/tokenization2/,/guides/tokenization2,rewritten
https://developer.sprint.paymentology.com/how_payments_work/,https://developer.sprint.paymentology.com/qr-payments-api/,/guides/qr-payments-api,rewritten
https://developer.sprint.paymentology.com/notifications/,https://developer.sprint.paymentology.com/response-codes-2/response-and-action-code-mapping/,/guides/response-and-action-code-mapping,rewritten
https://developer.sprint.paymentology.com/profile-api-reference/,https://developer.sprint.paymentology.com/profile-api-reference/activate/,/api-reference/shared/activate,rewritten
https://developer.sprint.paymentology.com/profile-api-reference/,https://developer.sprint.paymentology.com/profile-api-reference/activatetoken/,/api-reference/shared/activatetoken,rewritten
https://developer.sprint.paymentology.com/profile-api-reference/,https://developer.sprint.paymentology.com/profile-api-reference/allocatecard/,/api-reference/shared/allocatecard,rewritten
https://developer.sprint.paymentology.com/profile-api-reference/,https://developer.sprint.paymentology.com/profile-api-reference/allocatecreatevirtualcard/,/api-reference/shared/allocatecreatevirtualcard,rewritten
https://developer.sprint.paymentology.com/profile-api-reference/,https://developer.sprint.paymentology.com/profile-api-reference/allocateiban/,/api-reference/shared/allocateiban,rewritten
https://developer.sprint.paymentology.com/profile-api-reference/,https://developer.sprint.paymentology.com/profile-api-reference/balance/,/api-reference/shared/balance,rewritten
https://developer.sprint.paymentology.com/profile-api-reference/,https://developer.sprint.paymentology.com/profile-api-reference/calculatetav-2/,/api-reference/shared/calculatetav-2,rewritten
https://developer.sprint.paymentology.com/profile-api-reference/,https://developer.sprint.paymentology.com/profile-api-reference/cancelscheduledstop/,/api-reference/shared/cancelscheduledstop,rewritten
https://developer.sprint.paymentology.com/profile-api-reference/,https://developer.sprint.paymentology.com/profile-api-reference/cancelstopcard/,/api-reference/shared/cancelstopcard,rewritten
https://developer.sprint.paymentology.com/profile-api-reference/,https://developer.sprint.paymentology.com/profile-api-reference/carddetail/,/api-reference/shared/carddetail,rewritten
https://developer.sprint.paymentology.com/profile-api-reference/,https://developer.sprint.paymentology.com/profile-api-reference/changepin/,/api-reference/shared/changepin,rewritten
https://developer.sprint.paymentology.com/profile-api-reference/,https://developer.sprint.paymentology.com/profile-api-reference/checkauthorisation/,/api-reference/shared/checkauthorisation,rewritten
https://developer.sprint.paymentology.com/profile-api-reference/,https://developer.sprint.paymentology.com/profile-api-reference/checkload/,/api-reference/shared/checkload,rewritten
https://developer.sprint.paymentology.com/profile-api-reference/,https://developer.sprint.paymentology.com/profile-api-reference/createscheduledstop/,/api-reference/shared/createscheduledstop,rewritten
https://developer.sprint.paymentology.com/profile-api-reference/,https://developer.sprint.paymentology.com/profile-api-reference/createvirtualcard/,/api-reference/shared/createvirtualcard,rewritten
https://developer.sprint.paymentology.com/profile-api-reference/,https://developer.sprint.paymentology.com/profile-api-reference/deductcardloadprofile/,/api-reference/shared/deductcardloadprofile,rewritten
https://developer.sprint.paymentology.com/profile-api-reference/,https://developer.sprint.paymentology.com/profile-api-reference/deletetoken/,/api-reference/shared/deletetoken,rewritten
https://developer.sprint.paymentology.com/profile-api-reference/,https://developer.sprint.paymentology.com/profile-api-reference/delinkcard/,/api-reference/shared/delinkcard,rewritten
https://developer.sprint.paymentology.com/profile-api-reference/,https://developer.sprint.paymentology.com/profile-api-reference/devalueprofile/,/api-reference/shared/devalueprofile,rewritten
https://developer.sprint.paymentology.com/profile-api-reference/,https://developer.sprint.paymentology.com/profile-api-reference/generatetimebasedsecret/,/api-reference/shared/generatetimebasedsecret,rewritten
https://developer.sprint.paymentology.com/profile-api-reference/,https://developer.sprint.paymentology.com/profile-api-reference/getschedulestopdetail/,/api-reference/shared/getschedulestopdetail,rewritten
https://developer.sprint.paymentology.com/profile-api-reference/,https://developer.sprint.paymentology.com/profile-api-reference/inserttransactionfee/,/api-reference/shared/inserttransactionfee,rewritten
https://developer.sprint.paymentology.com/profile-api-reference/,https://developer.sprint.paymentology.com/profile-api-reference/inserttransactionfee/,/api-reference/shared/inserttransactionfee,rewritten
https://developer.sprint.paymentology.com/profile-api-reference/,https://developer.sprint.paymentology.com/profile-api-reference/linkcard/,/api-reference/shared/linkcard,rewritten
https://developer.sprint.paymentology.com/profile-api-reference/,https://developer.sprint.paymentology.com/profile-api-reference/linkcardsbysequencerange/,/api-reference/shared/linkcardsbysequencerange,rewritten
https://developer.sprint.paymentology.com/profile-api-reference/,https://developer.sprint.paymentology.com/profile-api-reference/listalltokens/,/api-reference/shared/listalltokens,rewritten
https://developer.sprint.paymentology.com/profile-api-reference/,https://developer.sprint.paymentology.com/profile-api-reference/listtokens/,/api-reference/shared/listtokens,rewritten
https://developer.sprint.paymentology.com/profile-api-reference/,https://developer.sprint.paymentology.com/profile-api-reference/loadcarddeductprofile/,/api-reference/shared/loadcarddeductprofile,rewritten
https://developer.sprint.paymentology.com/profile-api-reference/,https://developer.sprint.paymentology.com/profile-api-reference/ordercard/,/api-reference/shared/ordercard,rewritten
https://developer.sprint.paymentology.com/profile-api-reference/,https://developer.sprint.paymentology.com/profile-api-reference/register/,/api-reference/shared/register,rewritten
https://developer.sprint.paymentology.com/profile-api-reference/,https://developer.sprint.paymentology.com/profile-api-reference/resetpin/,/api-reference/shared/resetpin,rewritten
https://developer.sprint.paymentology.com/profile-api-reference/,https://developer.sprint.paymentology.com/profile-api-reference/reversedeductcardloadprofile/,/api-reference/shared/reversedeductcardloadprofile,rewritten
https://developer.sprint.paymentology.com/profile-api-reference/,https://developer.sprint.paymentology.com/profile-api-reference/reversedevalueprofile/,/api-reference/shared/reversedevalueprofile,rewritten
https://developer.sprint.paymentology.com/profile-api-reference/,https://developer.sprint.paymentology.com/profile-api-reference/reversetransactionfee/,/api-reference/shared/reversetransactionfee,rewritten
https://developer.sprint.paymentology.com/profile-api-reference/,https://developer.sprint.paymentology.com/profile-api-reference/reversevastransferfunds/,/api-reference/shared/reversevastransferfunds,rewritten
https://developer.sprint.paymentology.com/profile-api-reference/,https://developer.sprint.paymentology.com/profile-api-reference/statement/,/api-reference/shared/statement,rewritten
https://developer.sprint.paymentology.com/profile-api-reference/,https://developer.sprint.paymentology.com/profile-api-reference/statementbydaterange/,/api-reference/shared/statementbydaterange,rewritten
https://developer.sprint.paymentology.com/profile-api-reference/,https://developer.sprint.paymentology.com/profile-api-reference/status/,/api-reference/shared/status,rewritten
https://developer.sprint.paymentology.com/profile-api-reference/,https://developer.sprint.paymentology.com/profile-api-reference/stopcard/,/api-reference/shared/stopcard,rewritten
https://developer.sprint.paymentology.com/profile-api-reference/,https://developer.sprint.paymentology.com/profile-api-reference/stoptoken/,/api-reference/shared/stoptoken,rewritten
https://developer.sprint.paymentology.com/profile-api-reference/,https://developer.sprint.paymentology.com/profile-api-reference/togglevoucherfeature/,/api-reference/shared/togglevoucherfeature,rewritten
https://developer.sprint.paymentology.com/profile-api-reference/,https://developer.sprint.paymentology.com/profile-api-reference/transferfunds/,/api-reference/shared/transferfunds,rewritten
https://developer.sprint.paymentology.com/profile-api-reference/,https://developer.sprint.paymentology.com/profile-api-reference/transferfundsbetweenprofiles/,/api-reference/shared/transferfundsbetweenprofiles,rewritten
https://developer.sprint.paymentology.com/profile-api-reference/,https://developer.sprint.paymentology.com/profile-api-reference/transferlink/,/api-reference/shared/transferlink,rewritten
https://developer.sprint.paymentology.com/profile-api-reference/,https://developer.sprint.paymentology.com/profile-api-reference/transfertoken/,/api-reference/shared/transfertoken,rewritten
https://developer.sprint.paymentology.com/profile-api-reference/,https://developer.sprint.paymentology.com/profile-api-reference/unstoptoken/,/api-reference/shared/unstoptoken,rewritten
https://developer.sprint.paymentology.com/profile-api-reference/,https://developer.sprint.paymentology.com/profile-api-reference/updateallocatedcard/,/api-reference/shared/updateallocatedcard,rewritten
https://developer.sprint.paymentology.com/profile-api-reference/,https://developer.sprint.paymentology.com/profile-api-reference/updatebearer/,/api-reference/shared/updatebearer,rewritten
https://developer.sprint.paymentology.com/profile-api-reference/,https://developer.sprint.paymentology.com/profile-api-reference/updatebearerextended/,/api-reference/shared/updatebearerextended,rewritten
https://developer.sprint.paymentology.com/profile-api-reference/,https://developer.sprint.paymentology.com/profile-api-reference/updateprofile/,/api-reference/shared/updateprofile,rewritten
https://developer.sprint.paymentology.com/profile-api-reference/,https://developer.sprint.paymentology.com/profile-api-reference/updatescheduledstop/,/api-reference/shared/updatescheduledstop,rewritten
https://developer.sprint.paymentology.com/profile-api-reference/,https://developer.sprint.paymentology.com/profile-api-reference/updatetokenaccount/,/api-reference/shared/updatetokenaccount,rewritten
https://developer.sprint.paymentology.com/profile-api-reference/,https://developer.sprint.paymentology.com/profile-api-reference/uploadficadocument/,/api-reference/shared/uploadficadocument,rewritten
https://developer.sprint.paymentology.com/profile-api-reference/,https://developer.sprint.paymentology.com/profile-api-reference/vastransferfunds/,/api-reference/shared/vastransferfunds,rewritten
https://developer.sprint.paymentology.com/profile-api-reference/activatetoken/,https://developer.sprint.paymentology.com/profile-api-reference/,/api-reference/shared/profile-api-reference,rewritten
https://developer.sprint.paymentology.com/profile-api-reference/allocatecard/,https://developer.sprint.paymentology.com/profile-api-reference/,/api-reference/shared/profile-api-reference,rewritten
https://developer.sprint.paymentology.com/profile-api-reference/balance/,https://developer.sprint.paymentology.com/profile-api-reference/,/api-reference/shared/profile-api-reference,rewritten
https://developer.sprint.paymentology.com/profile-api-reference/calculatetav-2/,https://developer.sprint.paymentology.com/profile-api-reference/,/api-reference/shared/profile-api-reference,rewritten
https://developer.sprint.paymentology.com/profile-api-reference/changepin/,https://developer.sprint.paymentology.com/profile-api-reference/,/api-reference/shared/profile-api-reference,rewritten
https://developer.sprint.paymentology.com/profile-api-reference/deductcardloadprofile/,https://developer.sprint.paymentology.com/profile-api-reference/,/api-reference/shared/profile-api-reference,rewritten
https://developer.sprint.paymentology.com/profile-api-reference/deletetoken/,https://developer.sprint.paymentology.com/profile-api-reference/,/api-reference/shared/profile-api-reference,rewritten
https://developer.sprint.paymentology.com/profile-api-reference/generatetimebasedsecret/,https://developer.sprint.paymentology.com/profile-api-reference/,/api-reference/shared/profile-api-reference,rewritten
https://developer.sprint.paymentology.com/profile-api-reference/inserttransactionfee/,https://developer.sprint.paymentology.com/profile-api-reference/,/api-reference/shared/profile-api-reference,rewritten
https://developer.sprint.paymentology.com/profile-api-reference/linkcard/,https://developer.sprint.paymentology.com/profile-api-reference/,/api-reference/shared/profile-api-reference,rewritten
https://developer.sprint.paymentology.com/profile-api-reference/linkcardsbysequencerange/,https://developer.sprint.paymentology.com/profile-api-reference/,/api-reference/shared/profile-api-reference,rewritten
https://developer.sprint.paymentology.com/profile-api-reference/listalltokens/,https://developer.sprint.paymentology.com/profile-api-reference/,/api-reference/shared/profile-api-reference,rewritten
https://developer.sprint.paymentology.com/profile-api-reference/loadcarddeductprofile/,https://developer.sprint.paymentology.com/profile-api-reference/,/api-reference/shared/profile-api-reference,rewritten
https://developer.sprint.paymentology.com/profile-api-reference/register/,https://developer.sprint.paymentology.com/profile-api-reference/,/api-reference/shared/profile-api-reference,rewritten
https://developer.sprint.paymentology.com/profile-api-reference/reversetransactionfee/,https://developer.sprint.paymentology.com/profile-api-reference/,/api-reference/shared/profile-api-reference,rewritten
https://developer.sprint.paymentology.com/profile-api-reference/reversetransactionfee/,https://developer.sprint.paymentology.com/profile-api-reference/inserttransactionfee/,/api-reference/shared/inserttransactionfee,rewritten
https://developer.sprint.paymentology.com/profile-api-reference/stoptoken/,https://developer.sprint.paymentology.com/profile-api-reference/,/api-reference/shared/profile-api-reference,rewritten
https://developer.sprint.paymentology.com/profile-api-reference/togglevoucherfeature/,https://developer.sprint.paymentology.com/profile-api-reference/,/api-reference/shared/profile-api-reference,rewritten
https://developer.sprint.paymentology.com/profile-api-reference/transferfunds/,https://developer.sprint.paymentology.com/profile-api-reference/,/api-reference/shared/profile-api-reference,rewritten
https://developer.sprint.paymentology.com/profile-api-reference/transferfundsbetweenprofiles/,https://developer.sprint.paymentology.com/profile-api-reference/,/api-reference/shared/profile-api-reference,rewritten
https://developer.sprint.paymentology.com/profile-api-reference/unstoptoken/,https://developer.sprint.paymentology.com/profile-api-reference/,/api-reference/shared/profile-api-reference,rewritten
https://developer.sprint.paymentology.com/profile-api-reference/unstoptoken/,https://developer.sprint.paymentology.com/profile-api-reference/deletetoken/,/api-reference/shared/deletetoken,rewritten
https://developer.sprint.paymentology.com/profile-api-reference/updatebearerextended/,https://developer.sprint.paymentology.com/profile-api-reference/updatebearer/,/api-reference/shared/updatebearer,rewritten
https://developer.sprint.paymentology.com/profile-api-reference/updatetokenaccount/,https://developer.sprint.paymentology.com/profile-api-reference/,/api-reference/shared/profile-api-reference,rewritten
https://developer.sprint.paymentology.com/qr-payments-api/,https://developer.sprint.paymentology.com/qr-payments-api/qr-payments/,/guides/qr-payments,rewritten
https://developer.sprint.paymentology.com/qr-payments-api/api-reference/,https://developer.sprint.paymentology.com/qr-payments-api/api-reference/originating-institution/,/api-reference/qr-payments/originating-institution,rewritten
https://developer.sprint.paymentology.com/qr-payments-api/api-reference/,https://developer.sprint.paymentology.com/qr-payments-api/api-reference/receiving-institution-remote/,/api-reference/qr-payments/receiving-institution-remote,rewritten
https://developer.sprint.paymentology.com/qr-payments-api/api-reference/,https://developer.sprint.paymentology.com/qr-payments-api/api-reference/receiving-institution/,/api-reference/qr-payments/receiving-institution,rewritten
https://developer.sprint.paymentology.com/qr-payments-api/qr-payments/,https://developer.sprint.paymentology.com/tools/checksum-generator/,/tools/checksum-generator,rewritten
https://developer.sprint.paymentology.com/qr-payments-api/qr-payments/,https://developer.sprint.paymentology.com/tools/simpos/,/tools/simpos,rewritten
https://developer.sprint.paymentology.com/report-generator-offline/report-generator-help/,https://developer.sprint.paymentology.com/tools/,/tools/tools,rewritten
https://developer.sprint.paymentology.com/response-codes-2/,https://developer.sprint.paymentology.com/response-codes-2/response-and-action-code-mapping/,/guides/response-and-action-code-mapping,rewritten
https://developer.sprint.paymentology.com/response-codes-2/response-and-action-code-mapping/,https://developer.sprint.paymentology.com/notifications/,/guides/notifications,rewritten
https://developer.sprint.paymentology.com/response-codes-2/response-and-action-code-mapping/,https://developer.sprint.paymentology.com/response-codes-2/,/guides/response-codes-2,rewritten
https://developer.sprint.paymentology.com/reversedevalueprofile/,https://developer.sprint.paymentology.com/profile-api-reference/,/api-reference/shared/profile-api-reference,rewritten
https://developer.sprint.paymentology.com/tools/checksum-generator/checksum-generator-help/,https://developer.sprint.paymentology.com/tools/,/tools/tools,rewritten
https://developer.sprint.paymentology.com/tools/checksum-generator/checksum-generator-help/,https://developer.sprint.paymentology.com/tools/checksum-generator/,/tools/checksum-generator,rewritten
https://developer.sprint.paymentology.com/tools/simpos/,https://developer.sprint.paymentology.com/tools/simpos/simpos-result-codes/,/tools/simpos-result-codes,rewritten
https://developer.sprint.paymentology.com/tools/simpos/help/,https://developer.sprint.paymentology.com/tools/,/tools/tools,rewritten
https://developer.sprint.paymentology.com/tools/simpos/help/,https://developer.sprint.paymentology.com/tools/simpos/,/tools/simpos,rewritten
https://developer.sprint.paymentology.com/tools/simpos/help/,https://developer.sprint.paymentology.com/tools/simpos/simpos-result-codes/,/tools/simpos-result-codes,rewritten
https://developer.sprint.paymentology.com/tools/xml-generator/help/,https://developer.sprint.paymentology.com/tools/,/tools/tools,rewritten
https://developer.sprint.paymentology.com/tools/xml-generator/help/,https://developer.sprint.paymentology.com/tools/,/tools/tools,rewritten
https://developer.sprint.paymentology.com/updateprofile/,https://developer.sprint.paymentology.com/profile-api-reference/,/api-reference/shared/profile-api-reference,rewritten
