path,title,slug,content_chars,link_count,links,image_count,images,legacy_wordpress_link_count,legacy_wordpress_links
docs/Getting Started/ask-ai.md,Ask AI,ask-ai,2946,0,,0,,0,
docs/Getting Started/client-card-program.md,Client Card Program,client-card-program,3540,1,klv-lookup.md,0,,0,
docs/Getting Started/client-testing-guide.md,Client Testing Guide,client-testing-guide,11289,17,mailto:implementations@paymentology.com | https://developer.sprint.paymentology.com/get-started/our-apis/ | https://developer.sprint.paymentology.com/contact-us/ | https://developer.sprint.paymentology.com/companion-api/api-reference/ | https://developer.sprint.paymentology.com/card-api/api-reference/ | https://developer.sprint.paymentology.com/companion-api/api-reference/remote/ | https://developer.sprint.paymentology.com/card-api/ | https://developer.sprint.paymentology.com/tools/ | https://developer.sprint.paymentology.com/tools/checksum-generator/ | https://developer.sprint.paymentology.com/tools/xml-generator/ | https://developer.sprint.paymentology.com/tools/xml-poster/ | https://developer.sprint.paymentology.com/tools/simpos/ | https://developer.sprint.paymentology.com/wp-content/uploads/2022/11/Companion-API-Physical-Card-test-script.xlsx | https://developer.sprint.paymentology.com/wp-content/uploads/2022/11/Companion-API-Virtual-Card-test-script.xlsx | https://developer.sprint.paymentology.com/wp-content/uploads/2022/11/Card-API-Physical-Card-test-script.xlsx | https://developer.sprint.paymentology.com/wp-content/uploads/2022/11/Card-API-Virtual-Card-test-script.xlsx | mailto:implementations@tutuka.com,0,,15,https://developer.sprint.paymentology.com/get-started/our-apis/ | https://developer.sprint.paymentology.com/contact-us/ | https://developer.sprint.paymentology.com/companion-api/api-reference/ | https://developer.sprint.paymentology.com/card-api/api-reference/ | https://developer.sprint.paymentology.com/companion-api/api-reference/remote/ | https://developer.sprint.paymentology.com/card-api/ | https://developer.sprint.paymentology.com/tools/ | https://developer.sprint.paymentology.com/tools/checksum-generator/ | https://developer.sprint.paymentology.com/tools/xml-generator/ | https://developer.sprint.paymentology.com/tools/xml-poster/ | https://developer.sprint.paymentology.com/tools/simpos/ | https://developer.sprint.paymentology.com/wp-content/uploads/2022/11/Companion-API-Physical-Card-test-script.xlsx | https://developer.sprint.paymentology.com/wp-content/uploads/2022/11/Companion-API-Virtual-Card-test-script.xlsx | https://developer.sprint.paymentology.com/wp-content/uploads/2022/11/Card-API-Physical-Card-test-script.xlsx | https://developer.sprint.paymentology.com/wp-content/uploads/2022/11/Card-API-Virtual-Card-test-script.xlsx
docs/Getting Started/fraud.md,Fraud and Risk,fraud,4977,0,,0,,0,
docs/Getting Started/get-started-sprint.md,Get Started,get-started-sprint,3955,2,our-apis.md | testing.md,0,,0,
docs/Getting Started/glossary.md,Glossary,glossary,48953,0,,0,,0,
docs/Getting Started/our-apis.md,Our APIs,our-apis,7739,8,https://developer.sprint.paymentology.com/companion-api/ | https://developer.sprint.paymentology.com/card-api/ | https://developer.sprint.paymentology.com/qr-payments-api/ | https://developer.sprint.paymentology.com/notifications/ | companian-api.md | card-api.md | qr-payments-api.md | transaction-stream.md,0,,4,https://developer.sprint.paymentology.com/companion-api/ | https://developer.sprint.paymentology.com/card-api/ | https://developer.sprint.paymentology.com/qr-payments-api/ | https://developer.sprint.paymentology.com/notifications/
docs/Getting Started/security.md,Security,security,3899,1,../tools/checksum-generator/,0,,0,
docs/Getting Started/sync-test.md,sync-test,sync-test,14,0,,0,,0,
docs/Getting Started/testing.md,Get connected,testing,4026,5,https://companion.uat.tutuka.cloud/v2_0/XmlRpc.cfm | https://apidev.tutuka.com/card/v1/XmlRpc.cfm | https://apidev.tutuka.com/mpqr/v1_0/consumer/xmlrpc.cfm | simpos.md | contact-us.md,0,,0,
docs/NOTIFICATIONS/overview-4.md,Overview 4,overview-4,81,0,,0,,0,
docs/card-api/api-reference-card/activatetoken.md,ActivateToken,activatetoken,6159,0,,0,,0,
docs/card-api/api-reference-card/addcardtag.md,AddCardTag,addcardtag,8223,1,https://developer.sprint.paymentology.com/card-api/api-reference/,0,,1,https://developer.sprint.paymentology.com/card-api/api-reference/
docs/card-api/api-reference-card/addpocket.md,AddPocket,addpocket,8065,1,https://developer.sprint.paymentology.com/card-api/api-reference/,0,,1,https://developer.sprint.paymentology.com/card-api/api-reference/
docs/card-api/api-reference-card/appendix.md,Response Codes,appendix,369,0,,0,,0,
docs/card-api/api-reference-card/bearerdetail.md,BearerDetail,bearerdetail,9772,1,https://developer.sprint.paymentology.com/card-api/api-reference/,0,,1,https://developer.sprint.paymentology.com/card-api/api-reference/
docs/card-api/api-reference-card/calculatetav.md,CalculateTAV,calculatetav,5309,1,https://developer.sprint.paymentology.com/card-api/api-reference/,0,,1,https://developer.sprint.paymentology.com/card-api/api-reference/
docs/card-api/api-reference-card/carddetail.md,CardDetail,carddetail,11393,1,https://developer.sprint.paymentology.com/card-api/api-reference/,0,,1,https://developer.sprint.paymentology.com/card-api/api-reference/
docs/card-api/api-reference-card/changepin.md,ChangePin,changepin,8431,1,https://developer.sprint.paymentology.com/card-api/api-reference/,0,,1,https://developer.sprint.paymentology.com/card-api/api-reference/
docs/card-api/api-reference-card/createvirtualcard.md,CreateVirtualCard,createvirtualcard,11551,1,https://developer.sprint.paymentology.com/card-api/api-reference/,0,,1,https://developer.sprint.paymentology.com/card-api/api-reference/
docs/card-api/api-reference-card/createvirtualcardwithload.md,CreateVirtualCardWithLoad,createvirtualcardwithload,2357,1,https://developer.sprint.paymentology.com/card-api/api-reference/,0,,1,https://developer.sprint.paymentology.com/card-api/api-reference/
docs/card-api/api-reference-card/deductfunds.md,DeductFunds,deductfunds,12068,1,https://developer.sprint.paymentology.com/card-api/api-reference/,0,,1,https://developer.sprint.paymentology.com/card-api/api-reference/
docs/card-api/api-reference-card/deductfundsreverse.md,DeductFundsReverse,deductfundsreverse,9475,1,https://developer.sprint.paymentology.com/card-api/api-reference/,0,,1,https://developer.sprint.paymentology.com/card-api/api-reference/
docs/card-api/api-reference-card/deletetoken-2.md,DeleteToken,deletetoken-2,10445,1,https://developer.sprint.paymentology.com/card-api/api-reference/,0,,1,https://developer.sprint.paymentology.com/card-api/api-reference/
docs/card-api/api-reference-card/devalue.md,Devalue,devalue,12721,1,https://developer.sprint.paymentology.com/card-api/api-reference/,0,,1,https://developer.sprint.paymentology.com/card-api/api-reference/
docs/card-api/api-reference-card/devaluereverse.md,DevalueReverse,devaluereverse,12613,1,https://developer.sprint.paymentology.com/card-api/api-reference/,0,,1,https://developer.sprint.paymentology.com/card-api/api-reference/
docs/card-api/api-reference-card/index.md,Card API REFERENCE,index,9719,56,https://developer.sprint.paymentology.com/card-api/api-reference/activatetoken/ | https://developer.sprint.paymentology.com/card-api/api-reference/addcardtag/ | https://developer.sprint.paymentology.com/card-api/api-reference/addpocket/ | https://developer.sprint.paymentology.com/card-api/api-reference/bearerdetail/ | https://developer.sprint.paymentology.com/card-api/api-reference/calculatetav/ | https://developer.sprint.paymentology.com/card-api/api-reference/carddetail/ | https://developer.sprint.paymentology.com/card-api/api-reference/changepin/ | https://developer.sprint.paymentology.com/card-api/api-reference/createvirtualcard/ | https://developer.sprint.paymentology.com/card-api/api-reference/createvirtualcardwithload/ | https://developer.sprint.paymentology.com/card-api/api-reference/deductfunds/ | https://developer.sprint.paymentology.com/card-api/api-reference/deductfundsreverse/ | https://developer.sprint.paymentology.com/deletetoken-2/ | https://developer.sprint.paymentology.com/card-api/api-reference/devalue/ | https://developer.sprint.paymentology.com/card-api/api-reference/devaluereverse/ | https://developer.sprint.paymentology.com/generatetimebasedsecret/ | https://developer.sprint.paymentology.com/card-api/api-reference/inserttransactionfee/ | https://developer.sprint.paymentology.com/card-api/api-reference/linkcard/ | https://developer.sprint.paymentology.com/card-api/api-reference/listalltokens/ | https://developer.sprint.paymentology.com/card-api/api-reference/listcards/ | https://developer.sprint.paymentology.com/card-api/api-reference/listtokens/ | https://developer.sprint.paymentology.com/card-api/api-reference/loadfunds/ | https://developer.sprint.paymentology.com/card-api/api-reference/loadfundsreverse/ | https://developer.sprint.paymentology.com/card-api/api-reference/mostrecenttransactions/ | https://developer.sprint.paymentology.com/card-api/api-reference/ordercard/ | https://developer.sprint.paymentology.com/card-api/api-reference/ordercardwithpinblock/ | https://developer.sprint.paymentology.com/card-api/api-reference/pockettransfer/ | https://developer.sprint.paymentology.com/card-api/api-reference/pockettransferreverse/ | https://developer.sprint.paymentology.com/card-api/api-reference/retirecard/ | https://developer.sprint.paymentology.com/card-api/api-reference/set3dsecurecode/ | https://developer.sprint.paymentology.com/card-api/api-reference/setbearerdetail/ | https://developer.sprint.paymentology.com/card-api/api-reference/statement/ | https://developer.sprint.paymentology.com/card-api/api-reference/stopcard/ | https://developer.sprint.paymentology.com/card-api/api-reference/stoptoken/ | https://developer.sprint.paymentology.com/card-api/api-reference/threedsauthenticationoutcome/ | https://developer.sprint.paymentology.com/card-api/togglevoucherfeature/ | https://developer.sprint.paymentology.com/card-api/api-reference/tokenapprovedevicebinding-2/ | https://developer.sprint.paymentology.com/card-api/api-reference/tokenremovedevicebinding/ | https://developer.sprint.paymentology.com/card-api/api-reference/transferfunds/ | https://developer.sprint.paymentology.com/card-api/api-reference/transferfundsreverse/ | https://developer.sprint.paymentology.com/card-api/transferlink/ | https://developer.sprint.paymentology.com/transfertoken-2/ | https://developer.sprint.paymentology.com/card-api/api-reference/unstopcard/ | https://developer.sprint.paymentology.com/card-api/api-reference/unstoptoken/ | https://developer.sprint.paymentology.com/card-api/api-reference/updatecardexpirydate/ | https://developer.sprint.paymentology.com/card-api/api-reference/updatecardlabel/ | https://developer.sprint.paymentology.com/card-api/api-reference/updatecvv/ | https://developer.sprint.paymentology.com/card-api/api-reference/updatetokenaccount/ | https://developer.sprint.paymentology.com/remotemessaging/ | https://developer.sprint.paymentology.com/remotemessaging/#appauth | https://developer.sprint.paymentology.com/remotemessaging/#appfinal | https://developer.sprint.paymentology.com/remotemessaging/#3DSecure | https://developer.sprint.paymentology.com/remotemessaging/#3DSecureCCD | https://developer.sprint.paymentology.com/remotemessaging/#activation | https://developer.sprint.paymentology.com/remotemessaging/#activationmethods | https://developer.sprint.paymentology.com/remotemessaging/#event | https://developer.sprint.paymentology.com/remotemessaging/#responsereference,0,,56,https://developer.sprint.paymentology.com/card-api/api-reference/activatetoken/ | https://developer.sprint.paymentology.com/card-api/api-reference/addcardtag/ | https://developer.sprint.paymentology.com/card-api/api-reference/addpocket/ | https://developer.sprint.paymentology.com/card-api/api-reference/bearerdetail/ | https://developer.sprint.paymentology.com/card-api/api-reference/calculatetav/ | https://developer.sprint.paymentology.com/card-api/api-reference/carddetail/ | https://developer.sprint.paymentology.com/card-api/api-reference/changepin/ | https://developer.sprint.paymentology.com/card-api/api-reference/createvirtualcard/ | https://developer.sprint.paymentology.com/card-api/api-reference/createvirtualcardwithload/ | https://developer.sprint.paymentology.com/card-api/api-reference/deductfunds/ | https://developer.sprint.paymentology.com/card-api/api-reference/deductfundsreverse/ | https://developer.sprint.paymentology.com/deletetoken-2/ | https://developer.sprint.paymentology.com/card-api/api-reference/devalue/ | https://developer.sprint.paymentology.com/card-api/api-reference/devaluereverse/ | https://developer.sprint.paymentology.com/generatetimebasedsecret/ | https://developer.sprint.paymentology.com/card-api/api-reference/inserttransactionfee/ | https://developer.sprint.paymentology.com/card-api/api-reference/linkcard/ | https://developer.sprint.paymentology.com/card-api/api-reference/listalltokens/ | https://developer.sprint.paymentology.com/card-api/api-reference/listcards/ | https://developer.sprint.paymentology.com/card-api/api-reference/listtokens/ | https://developer.sprint.paymentology.com/card-api/api-reference/loadfunds/ | https://developer.sprint.paymentology.com/card-api/api-reference/loadfundsreverse/ | https://developer.sprint.paymentology.com/card-api/api-reference/mostrecenttransactions/ | https://developer.sprint.paymentology.com/card-api/api-reference/ordercard/ | https://developer.sprint.paymentology.com/card-api/api-reference/ordercardwithpinblock/ | https://developer.sprint.paymentology.com/card-api/api-reference/pockettransfer/ | https://developer.sprint.paymentology.com/card-api/api-reference/pockettransferreverse/ | https://developer.sprint.paymentology.com/card-api/api-reference/retirecard/ | https://developer.sprint.paymentology.com/card-api/api-reference/set3dsecurecode/ | https://developer.sprint.paymentology.com/card-api/api-reference/setbearerdetail/ | https://developer.sprint.paymentology.com/card-api/api-reference/statement/ | https://developer.sprint.paymentology.com/card-api/api-reference/stopcard/ | https://developer.sprint.paymentology.com/card-api/api-reference/stoptoken/ | https://developer.sprint.paymentology.com/card-api/api-reference/threedsauthenticationoutcome/ | https://developer.sprint.paymentology.com/card-api/togglevoucherfeature/ | https://developer.sprint.paymentology.com/card-api/api-reference/tokenapprovedevicebinding-2/ | https://developer.sprint.paymentology.com/card-api/api-reference/tokenremovedevicebinding/ | https://developer.sprint.paymentology.com/card-api/api-reference/transferfunds/ | https://developer.sprint.paymentology.com/card-api/api-reference/transferfundsreverse/ | https://developer.sprint.paymentology.com/card-api/transferlink/ | https://developer.sprint.paymentology.com/transfertoken-2/ | https://developer.sprint.paymentology.com/card-api/api-reference/unstopcard/ | https://developer.sprint.paymentology.com/card-api/api-reference/unstoptoken/ | https://developer.sprint.paymentology.com/card-api/api-reference/updatecardexpirydate/ | https://developer.sprint.paymentology.com/card-api/api-reference/updatecardlabel/ | https://developer.sprint.paymentology.com/card-api/api-reference/updatecvv/ | https://developer.sprint.paymentology.com/card-api/api-reference/updatetokenaccount/ | https://developer.sprint.paymentology.com/remotemessaging/ | https://developer.sprint.paymentology.com/remotemessaging/#appauth | https://developer.sprint.paymentology.com/remotemessaging/#appfinal | https://developer.sprint.paymentology.com/remotemessaging/#3DSecure | https://developer.sprint.paymentology.com/remotemessaging/#3DSecureCCD | https://developer.sprint.paymentology.com/remotemessaging/#activation | https://developer.sprint.paymentology.com/remotemessaging/#activationmethods | https://developer.sprint.paymentology.com/remotemessaging/#event | https://developer.sprint.paymentology.com/remotemessaging/#responsereference
docs/card-api/api-reference-card/inserttransactionfee.md,InsertTransactionFee,inserttransactionfee,10981,2,https://developer.sprint.paymentology.com/card-api/api-reference/appendix/#feeTypes | https://developer.sprint.paymentology.com/card-api/api-reference/,0,,2,https://developer.sprint.paymentology.com/card-api/api-reference/appendix/#feeTypes | https://developer.sprint.paymentology.com/card-api/api-reference/
docs/card-api/api-reference-card/linkcard.md,LinkCard,linkcard,7560,1,https://developer.sprint.paymentology.com/card-api/api-reference/,0,,1,https://developer.sprint.paymentology.com/card-api/api-reference/
docs/card-api/api-reference-card/listalltokens.md,ListAllTokens,listalltokens,35600,1,https://developer.sprint.paymentology.com/companion-api/api-reference/local-api/,0,,1,https://developer.sprint.paymentology.com/companion-api/api-reference/local-api/
docs/card-api/api-reference-card/listcards.md,ListCards,listcards,21675,1,https://developer.sprint.paymentology.com/card-api/api-reference/,0,,1,https://developer.sprint.paymentology.com/card-api/api-reference/
docs/card-api/api-reference-card/listtokens.md,ListTokens,listtokens,66848,1,https://developer.sprint.paymentology.com/card-api/api-reference/,0,,1,https://developer.sprint.paymentology.com/card-api/api-reference/
docs/card-api/api-reference-card/loadfunds.md,LoadFunds,loadfunds,12037,1,https://developer.sprint.paymentology.com/card-api/api-reference/,0,,1,https://developer.sprint.paymentology.com/card-api/api-reference/
docs/card-api/api-reference-card/loadfundsreverse.md,LoadFundsReverse,loadfundsreverse,9534,1,https://developer.sprint.paymentology.com/card-api/api-reference/,0,,1,https://developer.sprint.paymentology.com/card-api/api-reference/
docs/card-api/api-reference-card/mostrecenttransactions.md,MostRecentTransactions,mostrecenttransactions,18964,1,https://developer.sprint.paymentology.com/card-api/api-reference/,0,,1,https://developer.sprint.paymentology.com/card-api/api-reference/
docs/card-api/api-reference-card/ordercard.md,OrderCard,ordercard,20159,1,https://developer.sprint.paymentology.com/card-api/api-reference/,0,,1,https://developer.sprint.paymentology.com/card-api/api-reference/
docs/card-api/api-reference-card/ordercardwithpinblock.md,OrderCardWithPinBlock,ordercardwithpinblock,15016,2,#pinencryption | ./index,0,,0,
docs/card-api/api-reference-card/pockettransfer.md,PocketTransfer,pockettransfer,10286,1,https://developer.sprint.paymentology.com/card-api/api-reference/,0,,1,https://developer.sprint.paymentology.com/card-api/api-reference/
docs/card-api/api-reference-card/pockettransferreverse.md,PocketTransferReverse,pockettransferreverse,10767,1,https://developer.sprint.paymentology.com/card-api/api-reference/,0,,1,https://developer.sprint.paymentology.com/card-api/api-reference/
docs/card-api/api-reference-card/remotemessaging.md,Remotemessaging,remotemessaging,30487,10,#payload | #3dsecureotp | #3dsecureccd | #activation | #event | #activationmethods | #appauth | #appfinal | #responsereference | https://developer.sprint.paymentology.com/card-api/api-reference/threedsauthenticationoutcome/,0,,1,https://developer.sprint.paymentology.com/card-api/api-reference/threedsauthenticationoutcome/
docs/card-api/api-reference-card/retirecard.md,RetireCard,retirecard,7200,1,https://developer.sprint.paymentology.com/card-api/api-reference/,0,,1,https://developer.sprint.paymentology.com/card-api/api-reference/
docs/card-api/api-reference-card/set3dsecurecode.md,Set3dSecureCode,set3dsecurecode,7845,1,https://developer.sprint.paymentology.com/card-api/api-reference/,0,,1,https://developer.sprint.paymentology.com/card-api/api-reference/
docs/card-api/api-reference-card/setbearerdetail.md,SetBearerDetail,setbearerdetail,10068,1,https://developer.sprint.paymentology.com/card-api/api-reference/,0,,1,https://developer.sprint.paymentology.com/card-api/api-reference/
docs/card-api/api-reference-card/statement.md,Statement,statement,20189,2,#statement1.3 | #statement1.2,0,,0,
docs/card-api/api-reference-card/stopcard.md,StopCard,stopcard,8269,1,https://developer.sprint.paymentology.com/card-api/api-reference/,0,,1,https://developer.sprint.paymentology.com/card-api/api-reference/
docs/card-api/api-reference-card/stoptoken.md,StopToken,stoptoken,9472,0,,0,,0,
docs/card-api/api-reference-card/threedsauthenticationoutcome.md,ThreeDSAuthenticationOutcome,threedsauthenticationoutcome,1833,0,,0,,0,
docs/card-api/api-reference-card/togglevoucherfeature.md,ToggleVoucherFeature,togglevoucherfeature,4401,1,https://developer.sprint.paymentology.com/card-api/api-reference/,0,,1,https://developer.sprint.paymentology.com/card-api/api-reference/
docs/card-api/api-reference-card/tokenapprovedevicebinding-2.md,TokenApproveDeviceBinding,tokenapprovedevicebinding-2,8872,1,https://developer.sprint.paymentology.com/card-api/api-reference/,0,,1,https://developer.sprint.paymentology.com/card-api/api-reference/
docs/card-api/api-reference-card/tokenapprovedevicebinding.md,TokenApproveDeviceBinding,tokenapprovedevicebinding,8845,1,https://developer.sprint.paymentology.com/card-api/api-reference/,0,,1,https://developer.sprint.paymentology.com/card-api/api-reference/
docs/card-api/api-reference-card/tokenremovedevicebinding.md,TokenRemoveDeviceBinding,tokenremovedevicebinding,8863,1,https://developer.sprint.paymentology.com/card-api/api-reference/,0,,1,https://developer.sprint.paymentology.com/card-api/api-reference/
docs/card-api/api-reference-card/transferfunds.md,TransferFunds,transferfunds,13203,1,https://developer.sprint.paymentology.com/card-api/api-reference/,0,,1,https://developer.sprint.paymentology.com/card-api/api-reference/
docs/card-api/api-reference-card/transferfundsreverse.md,TransferFundsReverse,transferfundsreverse,10480,1,https://developer.sprint.paymentology.com/card-api/api-reference/,0,,1,https://developer.sprint.paymentology.com/card-api/api-reference/
docs/card-api/api-reference-card/transferlink.md,TransferLink,transferlink,9241,1,https://developer.sprint.paymentology.com/card-api/api-reference/,0,,1,https://developer.sprint.paymentology.com/card-api/api-reference/
docs/card-api/api-reference-card/transfertoken-2.md,TransferToken,transfertoken-2,6259,1,https://developer.sprint.paymentology.com/card-api/api-reference/,0,,1,https://developer.sprint.paymentology.com/card-api/api-reference/
docs/card-api/api-reference-card/unstopcard.md,UnStopCard,unstopcard,7101,1,https://developer.sprint.paymentology.com/card-api/api-reference/,0,,1,https://developer.sprint.paymentology.com/card-api/api-reference/
docs/card-api/api-reference-card/unstoptoken.md,UnStopToken,unstoptoken,8740,1,https://developer.sprint.paymentology.com/card-api/api-reference/,0,,1,https://developer.sprint.paymentology.com/card-api/api-reference/
docs/card-api/api-reference-card/updatecardexpirydate.md,UpdateCardExpiryDate,updatecardexpirydate,7201,1,https://developer.sprint.paymentology.com/card-api/api-reference/,0,,1,https://developer.sprint.paymentology.com/card-api/api-reference/
docs/card-api/api-reference-card/updatecardlabel.md,UpdateCardLabel,updatecardlabel,7548,1,https://developer.sprint.paymentology.com/card-api/api-reference/,0,,1,https://developer.sprint.paymentology.com/card-api/api-reference/
docs/card-api/api-reference-card/updatecvv.md,UpdateCVV,updatecvv,7370,1,https://developer.sprint.paymentology.com/card-api/api-reference/,0,,1,https://developer.sprint.paymentology.com/card-api/api-reference/
docs/card-api/api-reference-card/updatetokenaccount.md,UpdateTokenAccount,updatetokenaccount,5772,1,https://developer.sprint.paymentology.com/card-api/api-reference/,0,,1,https://developer.sprint.paymentology.com/card-api/api-reference/
docs/card-api/disputes.md,Disputes,disputes,8599,4,../../assets/Dispute-Resolution-Form-Fraud.docx | ../../assets/Dispute-Resolution-Form.docx | ../../assets/Visa-Generic-Dispute-Form.docx | ../companion-api/manage-funds/3d-secure,0,,0,
docs/card-api/issue-card.md,Issue cards,issue-card,4440,0,,0,,0,
docs/card-api/manage-cards.md,Manage cards,manage-cards,2904,0,,0,,0,
docs/card-api/manage-funds-1.md,Manage funds,manage-funds-1,20490,41,../companion-api/api-reference-companion/remote/ | ../companion-api/api-reference-companion/remote/balance | ../companion-api/api-reference-companion/remote/deduct | ../companion-api/api-reference-companion/remote/deductreversal | ../companion-api/api-reference-companion/remote/deduct | ../companion-api/api-reference-companion/remote/deductreversal | ../companion-api/api-reference-companion/remote/deductreversal | ../companion-api/api-reference-companion/remote/deduct | ../companion-api/api-reference-companion/remote/deductreversal | ../companion-api/api-reference-companion/remote/deduct | ../companion-api/api-reference-companion/remote/deductreversal | ../companion-api/api-reference-companion/remote/deduct | ../companion-api/api-reference-companion/remote/deduct | ../companion-api/api-reference-companion/remote/deductreversal | ../companion-api/api-reference-companion/remote/deduct | ../companion-api/api-reference-companion/remote/deductreversal | ../companion-api/api-reference-companion/remote/deduct | ../companion-api/api-reference-companion/remote/deduct | ../companion-api/api-reference-companion/remote/loadauth | ../companion-api/api-reference-companion/remote/loadadjustment | ../companion-api/api-reference-companion/remote/loadadjustment | ../companion-api/api-reference-companion/remote/loadauth | ../companion-api/api-reference-companion/remote/loadadjustment | ../companion-api/api-reference-companion/remote/loadauth | ../companion-api/api-reference-companion/remote/loadauth | ../companion-api/api-reference-companion/remote/loadadjustment | ../companion-api/api-reference-companion/remote/loadauthreversal | ../companion-api/api-reference-companion/remote/loadauth | ../companion-api/api-reference-companion/remote/deductreversal | ../companion-api/api-reference-companion/remote/loadauth | ../companion-api/api-reference-companion/remote/loadadjustment | ../companion-api/api-reference-companion/remote/loadreversal | ../companion-api/api-reference-companion/remote/loadauthreversal | ../companion-api/api-reference-companion/remote/loadauth | #LoadAuth | ../companion-api/api-reference-companion/remote/loadauthreversal | ../companion-api/api-reference-companion/remote/loadadjustment | ../companion-api/api-reference-companion/remote/loadauthreversal | ../companion-api/api-reference-companion/remote/loadadjustment | ../companion-api/api-reference-companion/remote/deductadjustment | ../companion-api/api-reference-companion/remote/deductadjustment,0,,0,
docs/card-api/overview-1.md,Overview 1,overview-1,81,0,,0,,0,
docs/card-api/reconciliation.md,Reconciliation,reconciliation,7247,10,#authorization | #Settlements | #Revenue | #Fraud | reports/mark-off-file | reports/summary-settlement-report-2 | reports/detailed-settlement-report | reports/forex-gains-report-2 | ../Getting | ../companion-api/disputes-1,0,,0,
docs/card-api/reports/apple-pay-monthly-declines-report.md,Apple Pay monthly declines report,apple-pay-monthly-declines-report,2736,1,https://developer.sprint.paymentology.com/wp-content/uploads/2024/01/CampaignName_ApplePay-Declines-Report-MONTH-YYYY.xls,0,,1,https://developer.sprint.paymentology.com/wp-content/uploads/2024/01/CampaignName_ApplePay-Declines-Report-MONTH-YYYY.xls
docs/card-api/reports/apple-pay-monthly-fee-billing-report.md,Apple Pay monthly fee billing report,apple-pay-monthly-fee-billing-report,1218,1,https://developer.sprint.paymentology.com/wp-content/uploads/2023/12/CampaignName_ApplePay-Monthly-Fee-Billing-Report-Month-YYYY.xls,0,,1,https://developer.sprint.paymentology.com/wp-content/uploads/2023/12/CampaignName_ApplePay-Monthly-Fee-Billing-Report-Month-YYYY.xls
docs/card-api/reports/apple-pay-monthly-metric-report.md,Apple Pay monthly metric report,apple-pay-monthly-metric-report,2989,1,https://developer.sprint.paymentology.com/wp-content/uploads/2023/12/CampaignName_ApplePay-Monthly-Metric-Report-Month-YYYY.xls,0,,1,https://developer.sprint.paymentology.com/wp-content/uploads/2023/12/CampaignName_ApplePay-Monthly-Metric-Report-Month-YYYY.xls
docs/card-api/reports/apple-pay-monthly-top-merchant-report.md,Apple Pay monthly top merchant report,apple-pay-monthly-top-merchant-report,1565,1,https://developer.sprint.paymentology.com/wp-content/uploads/2023/12/CampaignName_ApplePay-Top-Merchant-Report-MMM-YYYY.xls,0,,1,https://developer.sprint.paymentology.com/wp-content/uploads/2023/12/CampaignName_ApplePay-Top-Merchant-Report-MMM-YYYY.xls
docs/card-api/reports/apple-pay-monthly-usage-frequency-report.md,Apple Pay monthly usage frequency report,apple-pay-monthly-usage-frequency-report,3121,1,https://developer.sprint.paymentology.com/wp-content/uploads/2023/12/CampaignName_ApplePay-Monthly-Frequency-Report-Month-YYYY.xls,0,,1,https://developer.sprint.paymentology.com/wp-content/uploads/2023/12/CampaignName_ApplePay-Monthly-Frequency-Report-Month-YYYY.xls
docs/card-api/reports/apple-pay-quarterly-fee-billing-report.md,Apple Pay quarterly fee billing report,apple-pay-quarterly-fee-billing-report,1420,1,https://developer.sprint.paymentology.com/wp-content/uploads/2023/12/CampaignName_ApplePay-Quarterly-Fee-Billing-Report-Month-YYYY.xls,0,,1,https://developer.sprint.paymentology.com/wp-content/uploads/2023/12/CampaignName_ApplePay-Quarterly-Fee-Billing-Report-Month-YYYY.xls
docs/card-api/reports/authorisation-income-report.md,Authorisation income report,authorisation-income-report,2510,1,../../../assets/CampaignName_authorisationincomereport_YYYY_MM_DD.csv,0,,0,
docs/card-api/reports/blocked-transactions-report.md,Blocked transactions report,blocked-transactions-report,1785,1,../../../assets/CampaignName-Blocked-Transactions-231015-231022.xls,0,,0,
docs/card-api/reports/card-balance-report.md,Card balance report,card-balance-report,2515,0,,1,https://files.readme.io/85749b116fabeda29ec501d1b9b3c4bfc975b2da17ff592ec2f9a235e92fb654-image.png,0,
docs/card-api/reports/card-order-report-2.md,Card order report,card-order-report-2,1384,1,../../../assets/CampaignName_PanDetails_YYYYMMDD-card.csv,0,,0,
docs/card-api/reports/daily-negative-balance-report.md,Daily negative balance report,daily-negative-balance-report,2476,1,../../../assets/DailyNegativeBalanceReportOnChargebackQueue_CampaignName_YYYYMMDD.csv,0,,0,
docs/card-api/reports/daily-sales-and-redemption-report.md,Daily sales and redemption report,daily-sales-and-redemption-report,2426,1,https://developer.sprint.paymentology.com/wp-content/uploads/2024/02/CampaignName_DailySalesRedmeptionStatement-YYYY-MM-DD.csv,0,,1,https://developer.sprint.paymentology.com/wp-content/uploads/2024/02/CampaignName_DailySalesRedmeptionStatement-YYYY-MM-DD.csv
docs/card-api/reports/daily-statement-report.md,Daily statement report,daily-statement-report,2224,1,https://developer.sprint.paymentology.com/wp-content/uploads/2023/12/CampaignName_Statement_YYYYMMDD.csv,0,,1,https://developer.sprint.paymentology.com/wp-content/uploads/2023/12/CampaignName_Statement_YYYYMMDD.csv
docs/card-api/reports/detailed-settlement-report.md,Detailed settlement report,detailed-settlement-report,6081,5,#dsrv1 | #dsrv20 | #dsrv21 | https://developer.sprint.paymentology.com/wp-content/uploads/2023/12/CampaignNameDailySettlementsYYYYMMDD-1.csv | https://developer.sprint.paymentology.com/wp-content/uploads/2023/12/CampaignNameDailySettlementsYYYYMMDD-2.csv,0,,2,https://developer.sprint.paymentology.com/wp-content/uploads/2023/12/CampaignNameDailySettlementsYYYYMMDD-1.csv | https://developer.sprint.paymentology.com/wp-content/uploads/2023/12/CampaignNameDailySettlementsYYYYMMDD-2.csv
docs/card-api/reports/ecommerce-report.md,eCommerce report,ecommerce-report,2370,1,https://developer.sprint.paymentology.com/wp-content/uploads/2023/12/EcommerceTransactions_CampaignName_YYYYMMDD.csv,0,,1,https://developer.sprint.paymentology.com/wp-content/uploads/2023/12/EcommerceTransactions_CampaignName_YYYYMMDD.csv
docs/card-api/reports/failed-transaction-report-2.md,Failed transaction report,failed-transaction-report-2,5644,8,#ftrv1 | #ftrv2 | https://developer.sprint.paymentology.com/wp-content/uploads/2021/04/Failed-transaction-report-code-descriptions.xlsx | https://developer.sprint.paymentology.com/companion-api/tokenization2/token-lifecycle-management/#WID | https://developer.sprint.paymentology.com/wp-content/uploads/2021/04/Failed-transaction-report-code-descriptions.xlsx | https://developer.sprint.paymentology.com/companion-api/tokenization2/token-lifecycle-management/#WID | https://developer.sprint.paymentology.com/wp-content/uploads/2023/12/CampaignName_DailyAuthFailure_YYYYMMDD.csv | https://developer.sprint.paymentology.com/wp-content/uploads/2024/10/CampaignName_DailyAuthFailure_YYYYMMDD-.csv,0,,6,https://developer.sprint.paymentology.com/wp-content/uploads/2021/04/Failed-transaction-report-code-descriptions.xlsx | https://developer.sprint.paymentology.com/companion-api/tokenization2/token-lifecycle-management/#WID | https://developer.sprint.paymentology.com/wp-content/uploads/2021/04/Failed-transaction-report-code-descriptions.xlsx | https://developer.sprint.paymentology.com/companion-api/tokenization2/token-lifecycle-management/#WID | https://developer.sprint.paymentology.com/wp-content/uploads/2023/12/CampaignName_DailyAuthFailure_YYYYMMDD.csv | https://developer.sprint.paymentology.com/wp-content/uploads/2024/10/CampaignName_DailyAuthFailure_YYYYMMDD-.csv
docs/card-api/reports/forex-gains-report-2.md,Forex gains report,forex-gains-report-2,1810,1,https://developer.sprint.paymentology.com/wp-content/uploads/2023/12/DailyForexReport_CAMIDNNN_YYYY_MM_DD.xls,0,,1,https://developer.sprint.paymentology.com/wp-content/uploads/2023/12/DailyForexReport_CAMIDNNN_YYYY_MM_DD.xls
docs/card-api/reports/google-pay-monthly-report.md,Google Pay monthly report,google-pay-monthly-report,1840,1,../../../assets/CampaignNamegooglepaymonthlyreportMMM-YYYY.csv,0,,0,
docs/card-api/reports/inactive-cards-report.md,Inactive cards report,inactive-cards-report,913,1,https://developer.sprint.paymentology.com/wp-content/uploads/2023/12/InactiveCards_CampaignName_YYYY-MM-DD-YYYY-MM-DD.csv,0,,1,https://developer.sprint.paymentology.com/wp-content/uploads/2023/12/InactiveCards_CampaignName_YYYY-MM-DD-YYYY-MM-DD.csv
docs/card-api/reports/index.md,Reports,index,6087,25,https://developer.sprint.paymentology.com/card-api/reports/mark-off-file | https://developer.sprint.paymentology.com/card-api/reports/summary-settlement-report-2 | https://developer.sprint.paymentology.com/card-api/reports/detailed-settlement-report | https://developer.sprint.paymentology.com/card-api/reports/forex-gains-report-2 | https://developer.sprint.paymentology.com/card-api/reports/failed-transaction-report-2 | https://developer.sprint.paymentology.com/card-api/reports/card-order-report-2 | https://developer.sprint.paymentology.com/card-api/reports/ecommerce-report/ | https://developer.sprint.paymentology.com/card-api/reports/inactive-cards-report/ | https://developer.sprint.paymentology.com/card-api/reports/authorisation-income-report/ | https://developer.sprint.paymentology.com/card-api/reports/card-balance-report/ | https://developer.sprint.paymentology.com/card-api/reports/daily-statement-report/ | https://developer.sprint.paymentology.com/card-api/reports/apple-pay-quarterly-fee-billing-report/ | https://developer.sprint.paymentology.com/card-api/reports/apple-pay-monthly-top-merchant-report/ | https://developer.sprint.paymentology.com/card-api/reports/apple-pay-monthly-metric-report/ | https://developer.sprint.paymentology.com/card-api/reports/apple-pay-monthly-usage-frequency-report/ | https://developer.sprint.paymentology.com/card-api/reports/apple-pay-monthly-fee-billing-report/ | https://developer.sprint.paymentology.com/card-api/reports/apple-pay-monthly-declines-report/ | https://developer.sprint.paymentology.com/card-api/reports/google-pay-monthly-report/ | https://developer.sprint.paymentology.com/card-api/reports/linked-cards-report/ | https://developer.sprint.paymentology.com/card-api/reports/blocked-transactions-report/ | https://developer.sprint.paymentology.com/card-api/reports/daily-negative-balance-report/ | https://developer.sprint.paymentology.com/card-api/reports/qvr-data-report/ | https://developer.sprint.paymentology.com/card-api/reports/qmr-data-report/ | https://developer.sprint.paymentology.com/card-api/reports/vau-transaction-report/ | https://developer.sprint.paymentology.com/card-api/reports/daily-sales-and-redemption-report/,0,,25,https://developer.sprint.paymentology.com/card-api/reports/mark-off-file | https://developer.sprint.paymentology.com/card-api/reports/summary-settlement-report-2 | https://developer.sprint.paymentology.com/card-api/reports/detailed-settlement-report | https://developer.sprint.paymentology.com/card-api/reports/forex-gains-report-2 | https://developer.sprint.paymentology.com/card-api/reports/failed-transaction-report-2 | https://developer.sprint.paymentology.com/card-api/reports/card-order-report-2 | https://developer.sprint.paymentology.com/card-api/reports/ecommerce-report/ | https://developer.sprint.paymentology.com/card-api/reports/inactive-cards-report/ | https://developer.sprint.paymentology.com/card-api/reports/authorisation-income-report/ | https://developer.sprint.paymentology.com/card-api/reports/card-balance-report/ | https://developer.sprint.paymentology.com/card-api/reports/daily-statement-report/ | https://developer.sprint.paymentology.com/card-api/reports/apple-pay-quarterly-fee-billing-report/ | https://developer.sprint.paymentology.com/card-api/reports/apple-pay-monthly-top-merchant-report/ | https://developer.sprint.paymentology.com/card-api/reports/apple-pay-monthly-metric-report/ | https://developer.sprint.paymentology.com/card-api/reports/apple-pay-monthly-usage-frequency-report/ | https://developer.sprint.paymentology.com/card-api/reports/apple-pay-monthly-fee-billing-report/ | https://developer.sprint.paymentology.com/card-api/reports/apple-pay-monthly-declines-report/ | https://developer.sprint.paymentology.com/card-api/reports/google-pay-monthly-report/ | https://developer.sprint.paymentology.com/card-api/reports/linked-cards-report/ | https://developer.sprint.paymentology.com/card-api/reports/blocked-transactions-report/ | https://developer.sprint.paymentology.com/card-api/reports/daily-negative-balance-report/ | https://developer.sprint.paymentology.com/card-api/reports/qvr-data-report/ | https://developer.sprint.paymentology.com/card-api/reports/qmr-data-report/ | https://developer.sprint.paymentology.com/card-api/reports/vau-transaction-report/ | https://developer.sprint.paymentology.com/card-api/reports/daily-sales-and-redemption-report/
docs/card-api/reports/linked-cards-report.md,Linked cards report,linked-cards-report,1825,0,,1,https://files.readme.io/ea7f62be02e27c7c4eaf88705abe4fc4d1fbc6ac38a5d7c2dc27d4e6abc2eab3-image.png,0,
docs/card-api/reports/mark-off-file.md,Mark-off file,mark-off-file,2895,1,../../../assets/CampaignName_MarkOffFile_YYYYMMDD.csv,0,,0,
docs/card-api/reports/qmr-data-report.md,QMR data report,qmr-data-report,6156,1,https://developer.sprint.paymentology.com/wp-content/uploads/2025/01/QMR_BIN_ClientName_YYYYQQ.xls,0,,1,https://developer.sprint.paymentology.com/wp-content/uploads/2025/01/QMR_BIN_ClientName_YYYYQQ.xls
docs/card-api/reports/qvr-data-report.md,QVR data report,qvr-data-report,2229,0,,0,,0,
docs/card-api/reports/summary-settlement-report-2.md,summary settlement report,summary-settlement-report-2,2934,1,../../../assets/Daily_Settlement_Report_ICA_YYYY_MM_DD-1.xls,0,,0,
docs/card-api/reports/vau-transaction-report.md,VAU transaction report,vau-transaction-report,2850,1,https://developer.sprint.paymentology.com/wp-content/uploads/2024/02/VAUtransactionsReportClientName_YYYY-MM-DD.csv,0,,1,https://developer.sprint.paymentology.com/wp-content/uploads/2024/02/VAUtransactionsReportClientName_YYYY-MM-DD.csv
docs/card-api/secure-cards-1/index.md,Secure cards,index,3303,0,,0,,0,
docs/card-api/secure-cards-1/offline-pin-2.md,Offline PIN,offline-pin-2,1283,1,../api-reference-card/changepin,0,,0,
docs/card-api/tokenization/index.md,Tokenization,index,3728,0,,0,,0,
docs/card-api/tokenization/lifecycle-management.md,Lifecycle Management,lifecycle-management,3842,0,,0,,0,
docs/card-api/tokenization/payments.md,Payments,payments,3865,0,,0,,0,
docs/card-api/tokenization/processing.md,Processing,processing,1467,0,,0,,0,
docs/card-api/tokenization/provisioning.md,Provisioning,provisioning,9176,10,https://developer.sprint.paymentology.com/remotemessaging/ | https://developer.sprint.paymentology.com/companion-api/api-reference/local-api/calculatetav/ | https://developer.sprint.paymentology.com/remotemessaging/ | https://developer.sprint.paymentology.com/administrative-message-values/ | https://developer.sprint.paymentology.com/remotemessaging/#3DSecure | https://developer.sprint.paymentology.com/remotemessaging/#activation | https://developer.sprint.paymentology.com/remotemessaging/#activationmethods | https://developer.sprint.paymentology.com/remotemessaging/#event | https://developer.sprint.paymentology.com/remotemessaging/#activationmethods | https://developer.sprint.paymentology.com/remotemessaging/#activation,1,https://files.readme.io/4ad218ab90ca08c5dbd7a6948147a9966155d7d5264f709abe0bdd6b37a836d6-image.png,10,https://developer.sprint.paymentology.com/remotemessaging/ | https://developer.sprint.paymentology.com/companion-api/api-reference/local-api/calculatetav/ | https://developer.sprint.paymentology.com/remotemessaging/ | https://developer.sprint.paymentology.com/administrative-message-values/ | https://developer.sprint.paymentology.com/remotemessaging/#3DSecure | https://developer.sprint.paymentology.com/remotemessaging/#activation | https://developer.sprint.paymentology.com/remotemessaging/#activationmethods | https://developer.sprint.paymentology.com/remotemessaging/#event | https://developer.sprint.paymentology.com/remotemessaging/#activationmethods | https://developer.sprint.paymentology.com/remotemessaging/#activation
docs/chargeback-api/chargeback-api-reference/document-status.md,Document Status,document-status,1317,1,../response-codes,0,,0,
docs/chargeback-api/chargeback-api-reference/first-chargeback.md,First Chargeback,first-chargeback,1773,1,../response-codes,0,,0,
docs/chargeback-api/chargeback-api-reference/index.md,Chargeback API REFERENCE,index,1264,7,../connectivity | first-chargeback | upload-supporting-document | document-status | second-presentment-documents | pre-arbitration | query-chargeback,0,,0,
docs/chargeback-api/chargeback-api-reference/pre-arbitration.md,Pre-Arbitration,pre-arbitration,2358,2,../chargeback-reason-codes | ../response-codes,0,,0,
docs/chargeback-api/chargeback-api-reference/query-chargeback.md,Query Chargeback,query-chargeback,1432,1,../chargeback-reason-codes,0,,0,
docs/chargeback-api/chargeback-api-reference/second-presentment-documents.md,Second Presentment Documents,second-presentment-documents,401,0,,0,,0,
docs/chargeback-api/chargeback-api-reference/upload-supporting-document.md,Upload Supporting Document,upload-supporting-document,1563,1,../response-codes,0,,0,
docs/chargeback-api/chargeback-reason-codes.md,Chargeback reason codes,chargeback-reason-codes,698,0,,0,,0,
docs/chargeback-api/connectivity.md,Connectivity,connectivity,1870,2,chargeback-api-reference/first-chargeback | response-codes,0,,0,
docs/chargeback-api/process-overview.md,Process overview,process-overview,5227,5,#step | #step | #step | #step | #step,0,,0,
docs/chargeback-api/remote-messaging-api/index.md,Remote Messaging API,index,1498,3,http://www.example.com/api/endpoint | https://api.tutuka.com/remoteMessaging/v1_0/jsonMock.cfm | remote-messaging-api-chargeback-notification,0,,0,
docs/chargeback-api/remote-messaging-api/remote-messaging-api-chargeback-notification.md,Remote Messaging API: chargeback notification,remote-messaging-api-chargeback-notification,2540,0,,0,,0,
docs/chargeback-api/response-codes.md,Response codes,response-codes,2856,0,,0,,0,
docs/companion-api/api-reference-companion/index.md,API REFERENCE,index,520,4,https://developer.sprint.paymentology.com/companion-api/api-reference/local-api/ | https://developer.sprint.paymentology.com/response-codes/ | https://developer.sprint.paymentology.com/companion-api/api-reference/remote/ | https://developer.sprint.paymentology.com/response-codes-2/,0,,4,https://developer.sprint.paymentology.com/companion-api/api-reference/local-api/ | https://developer.sprint.paymentology.com/response-codes/ | https://developer.sprint.paymentology.com/companion-api/api-reference/remote/ | https://developer.sprint.paymentology.com/response-codes-2/
docs/companion-api/api-reference-companion/local-api/activatecard.md,ActivateCard,activatecard,4137,1,https://developer.sprint.paymentology.com/companion-api/api-reference/local-api/,0,,1,https://developer.sprint.paymentology.com/companion-api/api-reference/local-api/
docs/companion-api/api-reference-companion/local-api/activatetoken-1.md,ActivateToken,activatetoken-1,6142,1,https://developer.sprint.paymentology.com/companion-api/api-reference/local-api/,0,,1,https://developer.sprint.paymentology.com/companion-api/api-reference/local-api/
docs/companion-api/api-reference-companion/local-api/calculatetav-1.md,CalculateTAV,calculatetav-1,6254,1,https://developer.sprint.paymentology.com/companion-api/api-reference/local-api/,0,,1,https://developer.sprint.paymentology.com/companion-api/api-reference/local-api/
docs/companion-api/api-reference-companion/local-api/changepin-1.md,ChangePin,changepin-1,5728,2,https://developer.sprint.paymentology.com/companion-api/secure-apis/ | https://developer.sprint.paymentology.com/companion-api/api-reference/local-api/,0,,2,https://developer.sprint.paymentology.com/companion-api/secure-apis/ | https://developer.sprint.paymentology.com/companion-api/api-reference/local-api/
docs/companion-api/api-reference-companion/local-api/createlinkedcard.md,CreateLinkedCard,createlinkedcard,10517,3,https://developer.sprint.paymentology.com/companion-api/secure-apis/ | https://en.wikipedia.org/wiki/ISO_8601 | https://developer.sprint.paymentology.com/companion-api/api-reference/local-api/,0,,2,https://developer.sprint.paymentology.com/companion-api/secure-apis/ | https://developer.sprint.paymentology.com/companion-api/api-reference/local-api/
docs/companion-api/api-reference-companion/local-api/createlinkedcardmaskedresponse.md,CreateLinkedCardMaskedResponse,createlinkedcardmaskedresponse,10098,1,https://developer.sprint.paymentology.com/companion-api/api-reference/local-api/,0,,1,https://developer.sprint.paymentology.com/companion-api/api-reference/local-api/
docs/companion-api/api-reference-companion/local-api/deletetoken.md,DeleteToken,deletetoken,6581,1,https://developer.sprint.paymentology.com/companion-api/api-reference/local-api/,0,,1,https://developer.sprint.paymentology.com/companion-api/api-reference/local-api/
docs/companion-api/api-reference-companion/local-api/generatetimebasedsecret.md,GenerateTimeBasedSecret,generatetimebasedsecret,6863,1,https://developer.sprint.paymentology.com/companion-api/api-reference/local-api/,0,,1,https://developer.sprint.paymentology.com/companion-api/api-reference/local-api/
docs/companion-api/api-reference-companion/local-api/getactivelinkedcards.md,GetActiveLinkedCards,getactivelinkedcards,8108,2,https://developer.sprint.paymentology.com/companion-api/secure-apis/ | https://developer.sprint.paymentology.com/companion-api/api-reference/local-api/,0,,2,https://developer.sprint.paymentology.com/companion-api/secure-apis/ | https://developer.sprint.paymentology.com/companion-api/api-reference/local-api/
docs/companion-api/api-reference-companion/local-api/getcarddetails.md,GetCardDetails,getcarddetails,11450,2,https://developer.sprint.paymentology.com/companion-api/secure-apis/ | https://developer.sprint.paymentology.com/companion-api/api-reference/local-api/,0,,2,https://developer.sprint.paymentology.com/companion-api/secure-apis/ | https://developer.sprint.paymentology.com/companion-api/api-reference/local-api/
docs/companion-api/api-reference-companion/local-api/getlinkedcards.md,GetLinkedCards,getlinkedcards,9438,2,https://developer.sprint.paymentology.com/companion-api/secure-apis/ | https://developer.sprint.paymentology.com/companion-api/api-reference/local-api/,0,,2,https://developer.sprint.paymentology.com/companion-api/secure-apis/ | https://developer.sprint.paymentology.com/companion-api/api-reference/local-api/
docs/companion-api/api-reference-companion/local-api/index.md,Local API,index,7103,35,https://developer.sprint.paymentology.com/companion-api/api-reference/local-api/activatecard/ | https://developer.sprint.paymentology.com/companion-api/api-reference/local-api/activatetoken/ | https://developer.sprint.paymentology.com/companion-api/api-reference/local-api/calculatetav/ | https://developer.sprint.paymentology.com/companion-api/api-reference/local-api/changepin/ | https://developer.sprint.paymentology.com/companion-api/api-reference/local-api/createlinkedcard/ | https://developer.sprint.paymentology.com/deletetoken/ | https://developer.sprint.paymentology.com/generatetimebasedsecret-2/ | https://developer.sprint.paymentology.com/companion-api/api-reference/local-api/getactivelinkedcards/ | https://developer.sprint.paymentology.com/companion-api/api-reference/local-api/getcarddetails/ | https://developer.sprint.paymentology.com/companion-api/api-reference/local-api/getalllinkedcards/ | https://developer.sprint.paymentology.com/companion-api/api-reference/local-api/linkcard/ | https://developer.sprint.paymentology.com/companion-api/api-reference/local-api/listalltokens/ | https://developer.sprint.paymentology.com/listtokens/ | https://developer.sprint.paymentology.com/companion-api/api-reference/local-api/ordercard/ | https://developer.sprint.paymentology.com/companion-api/api-reference/local-api/ordercardwithpinblock/ | https://developer.sprint.paymentology.com/companion-api/api-reference/local-api/printlinkedcard/ | https://developer.sprint.paymentology.com/companion-api/api-reference/local-api/printlinkedcardwithpinblock/ | https://developer.sprint.paymentology.com/companion-api/api-reference/local-api/resetpin/ | https://developer.sprint.paymentology.com/retirecard/ | https://developer.sprint.paymentology.com/companion-api/api-reference/local-api/status/ | https://developer.sprint.paymentology.com/companion-api/api-reference/local-api/set3dsecurecode/ | https://developer.sprint.paymentology.com/companion-api/api-reference/local-api/stopcard/ | https://developer.sprint.paymentology.com/stoptoken/ | https://developer.sprint.paymentology.com/companion-api/api-reference/local-api/threedsauthenticationoutcome/ | https://developer.sprint.paymentology.com/companion-api/api-reference/local-api/togglevoucherfeature/ | https://developer.sprint.paymentology.com/companion-api/api-reference/local-api/tokenapprovedevicebinding/ | https://developer.sprint.paymentology.com/companion-api/api-reference/local-api/tokenremovedevicebinding/ | https://developer.sprint.paymentology.com/companion-api/api-reference/local-api/transferlink/ | https://developer.sprint.paymentology.com/transfertoken/ | https://developer.sprint.paymentology.com/companion-api/api-reference/local-api/unstopcard/ | https://developer.sprint.paymentology.com/unstoptoken/ | https://developer.sprint.paymentology.com/companion-api/api-reference/local-api/updatebearer/ | https://developer.sprint.paymentology.com/companion-api/api-reference/local-api/updatecvv/ | https://developer.sprint.paymentology.com/companion-api/api-reference/local-api/updatetokenaccount/ | https://developer.sprint.paymentology.com/response-codes/,0,,35,https://developer.sprint.paymentology.com/companion-api/api-reference/local-api/activatecard/ | https://developer.sprint.paymentology.com/companion-api/api-reference/local-api/activatetoken/ | https://developer.sprint.paymentology.com/companion-api/api-reference/local-api/calculatetav/ | https://developer.sprint.paymentology.com/companion-api/api-reference/local-api/changepin/ | https://developer.sprint.paymentology.com/companion-api/api-reference/local-api/createlinkedcard/ | https://developer.sprint.paymentology.com/deletetoken/ | https://developer.sprint.paymentology.com/generatetimebasedsecret-2/ | https://developer.sprint.paymentology.com/companion-api/api-reference/local-api/getactivelinkedcards/ | https://developer.sprint.paymentology.com/companion-api/api-reference/local-api/getcarddetails/ | https://developer.sprint.paymentology.com/companion-api/api-reference/local-api/getalllinkedcards/ | https://developer.sprint.paymentology.com/companion-api/api-reference/local-api/linkcard/ | https://developer.sprint.paymentology.com/companion-api/api-reference/local-api/listalltokens/ | https://developer.sprint.paymentology.com/listtokens/ | https://developer.sprint.paymentology.com/companion-api/api-reference/local-api/ordercard/ | https://developer.sprint.paymentology.com/companion-api/api-reference/local-api/ordercardwithpinblock/ | https://developer.sprint.paymentology.com/companion-api/api-reference/local-api/printlinkedcard/ | https://developer.sprint.paymentology.com/companion-api/api-reference/local-api/printlinkedcardwithpinblock/ | https://developer.sprint.paymentology.com/companion-api/api-reference/local-api/resetpin/ | https://developer.sprint.paymentology.com/retirecard/ | https://developer.sprint.paymentology.com/companion-api/api-reference/local-api/status/ | https://developer.sprint.paymentology.com/companion-api/api-reference/local-api/set3dsecurecode/ | https://developer.sprint.paymentology.com/companion-api/api-reference/local-api/stopcard/ | https://developer.sprint.paymentology.com/stoptoken/ | https://developer.sprint.paymentology.com/companion-api/api-reference/local-api/threedsauthenticationoutcome/ | https://developer.sprint.paymentology.com/companion-api/api-reference/local-api/togglevoucherfeature/ | https://developer.sprint.paymentology.com/companion-api/api-reference/local-api/tokenapprovedevicebinding/ | https://developer.sprint.paymentology.com/companion-api/api-reference/local-api/tokenremovedevicebinding/ | https://developer.sprint.paymentology.com/companion-api/api-reference/local-api/transferlink/ | https://developer.sprint.paymentology.com/transfertoken/ | https://developer.sprint.paymentology.com/companion-api/api-reference/local-api/unstopcard/ | https://developer.sprint.paymentology.com/unstoptoken/ | https://developer.sprint.paymentology.com/companion-api/api-reference/local-api/updatebearer/ | https://developer.sprint.paymentology.com/companion-api/api-reference/local-api/updatecvv/ | https://developer.sprint.paymentology.com/companion-api/api-reference/local-api/updatetokenaccount/ | https://developer.sprint.paymentology.com/response-codes/
docs/companion-api/api-reference-companion/local-api/linkcard-1.md,LinkCard,linkcard-1,6069,1,https://developer.sprint.paymentology.com/companion-api/api-reference/local-api/,0,,1,https://developer.sprint.paymentology.com/companion-api/api-reference/local-api/
docs/companion-api/api-reference-companion/local-api/listalltokens-1.md,ListAllTokens,listalltokens-1,35600,1,https://developer.sprint.paymentology.com/companion-api/api-reference/local-api/,0,,1,https://developer.sprint.paymentology.com/companion-api/api-reference/local-api/
docs/companion-api/api-reference-companion/local-api/listtokens-1.md,ListTokens,listtokens-1,64491,1,https://developer.sprint.paymentology.com/companion-api/api-reference/local-api/,0,,1,https://developer.sprint.paymentology.com/companion-api/api-reference/local-api/
docs/companion-api/api-reference-companion/local-api/ordercard-1.md,OrderCard,ordercard-1,13427,1,https://developer.sprint.paymentology.com/companion-api/api-reference/local-api/,0,,1,https://developer.sprint.paymentology.com/companion-api/api-reference/local-api/
docs/companion-api/api-reference-companion/local-api/ordercardwithpinblock-1.md,OrderCardWithPinBlock,ordercardwithpinblock-1,22704,2,#encryption | https://developer.sprint.paymentology.com/companion-api/api-reference/local-api/,0,,1,https://developer.sprint.paymentology.com/companion-api/api-reference/local-api/
docs/companion-api/api-reference-companion/local-api/printlinkedcard.md,PrintLinkedCard,printlinkedcard,9929,1,https://developer.sprint.paymentology.com/companion-api/api-reference/local-api/,0,,1,https://developer.sprint.paymentology.com/companion-api/api-reference/local-api/
docs/companion-api/api-reference-companion/local-api/printlinkedcardwithpinblock.md,PrintLinkedCardWithPINBlock,printlinkedcardwithpinblock,10435,1,https://developer.sprint.paymentology.com/companion-api/api-reference/local-api/,0,,1,https://developer.sprint.paymentology.com/companion-api/api-reference/local-api/
docs/companion-api/api-reference-companion/local-api/resetpin.md,ResetPin,resetpin,4705,1,https://developer.sprint.paymentology.com/companion-api/api-reference/local-api/,0,,1,https://developer.sprint.paymentology.com/companion-api/api-reference/local-api/
docs/companion-api/api-reference-companion/local-api/retirecard-1.md,RetireCard,retirecard-1,4301,1,https://developer.sprint.paymentology.com/companion-api/api-reference/local-api/,0,,1,https://developer.sprint.paymentology.com/companion-api/api-reference/local-api/
docs/companion-api/api-reference-companion/local-api/set3dsecurecode-1.md,Set3dSecureCode,set3dsecurecode-1,4537,1,https://developer.sprint.paymentology.com/companion-api/api-reference/local-api/,0,,1,https://developer.sprint.paymentology.com/companion-api/api-reference/local-api/
docs/companion-api/api-reference-companion/local-api/status.md,Status,status,9643,1,https://developer.sprint.paymentology.com/companion-api/api-reference/local-api/,0,,1,https://developer.sprint.paymentology.com/companion-api/api-reference/local-api/
docs/companion-api/api-reference-companion/local-api/stopcard-1.md,StopCard,stopcard-1,5357,1,https://developer.sprint.paymentology.com/companion-api/api-reference/local-api/,0,,1,https://developer.sprint.paymentology.com/companion-api/api-reference/local-api/
docs/companion-api/api-reference-companion/local-api/stoptoken-1.md,StopToken,stoptoken-1,5809,1,https://developer.sprint.paymentology.com/companion-api/api-reference/local-api/,0,,1,https://developer.sprint.paymentology.com/companion-api/api-reference/local-api/
docs/companion-api/api-reference-companion/local-api/threedsauthenticationoutcome-1.md,ThreeDSAuthenticationOutcome,threedsauthenticationoutcome-1,1926,1,https://developer.sprint.paymentology.com/companion-api/api-reference/remote/administrativemessage/#3DSAppAuth,0,,1,https://developer.sprint.paymentology.com/companion-api/api-reference/remote/administrativemessage/#3DSAppAuth
docs/companion-api/api-reference-companion/local-api/togglevoucherfeature-1.md,ToggleVoucherFeature,togglevoucherfeature-1,4816,1,https://developer.sprint.paymentology.com/companion-api/api-reference/local-api/,0,,1,https://developer.sprint.paymentology.com/companion-api/api-reference/local-api/
docs/companion-api/api-reference-companion/local-api/tokenapprovedevicebinding-1.md,TokenApproveDeviceBinding,tokenapprovedevicebinding-1,5993,1,https://developer.sprint.paymentology.com/companion-api/api-reference/local-api/,0,,1,https://developer.sprint.paymentology.com/companion-api/api-reference/local-api/
docs/companion-api/api-reference-companion/local-api/tokenremovedevicebinding-1.md,TokenRemoveDeviceBinding,tokenremovedevicebinding-1,6044,1,https://developer.sprint.paymentology.com/companion-api/api-reference/local-api/,0,,1,https://developer.sprint.paymentology.com/companion-api/api-reference/local-api/
docs/companion-api/api-reference-companion/local-api/transferlink-1.md,TransferLink,transferlink-1,4339,1,https://developer.sprint.paymentology.com/companion-api/api-reference/local-api/,0,,1,https://developer.sprint.paymentology.com/companion-api/api-reference/local-api/
docs/companion-api/api-reference-companion/local-api/transfertoken.md,TransferToken,transfertoken,3144,1,https://developer.sprint.paymentology.com/companion-api/api-reference/local-api/,0,,1,https://developer.sprint.paymentology.com/companion-api/api-reference/local-api/
docs/companion-api/api-reference-companion/local-api/unstopcard-1.md,UnstopCard,unstopcard-1,4194,1,https://developer.sprint.paymentology.com/companion-api/api-reference/local-api/,0,,1,https://developer.sprint.paymentology.com/companion-api/api-reference/local-api/
docs/companion-api/api-reference-companion/local-api/unstoptoken-1.md,UnstopToken,unstoptoken-1,5806,1,https://developer.sprint.paymentology.com/companion-api/api-reference/local-api/,0,,1,https://developer.sprint.paymentology.com/companion-api/api-reference/local-api/
docs/companion-api/api-reference-companion/local-api/updatebearer.md,UpdateBearer,updatebearer,9760,3,#version2.4 | #version2.0 | https://developer.sprint.paymentology.com/companion-api/api-reference/local-api/,0,,1,https://developer.sprint.paymentology.com/companion-api/api-reference/local-api/
docs/companion-api/api-reference-companion/local-api/updatecvv-1.md,UpdateCVV,updatecvv-1,5985,2,https://developer.sprint.paymentology.com/companion-api/secure-apis/ | https://developer.sprint.paymentology.com/companion-api/api-reference/local-api/,0,,2,https://developer.sprint.paymentology.com/companion-api/secure-apis/ | https://developer.sprint.paymentology.com/companion-api/api-reference/local-api/
docs/companion-api/api-reference-companion/local-api/updatetokenaccount-1.md,UpdateTokenAccount,updatetokenaccount-1,5852,1,https://developer.sprint.paymentology.com/companion-api/api-reference/local-api/,0,,1,https://developer.sprint.paymentology.com/companion-api/api-reference/local-api/
docs/companion-api/api-reference-companion/remote/administrativemessage/administrative-message-values.md,Administrative message values,administrative-message-values,22603,18,#activationmethods | #activation | #complete | #eventdeleted | #deletedfromdevice | #stopped | #digitized | #exception | #replacement | ../../../klv-lookup | ../../../klv-lookup | ../../../klv-lookup | ../../../klv-lookup | ../../../klv-lookup | ../../../klv-lookup | ../../../klv-lookup | ../../../klv-lookup | ../../../klv-lookup,0,,0,
docs/companion-api/api-reference-companion/remote/administrativemessage/index.md,AdministrativeMessage,index,15149,14,#Tokenization | #3DSecure | #3DSecureCCD | #3DSAppAuth | #3DSAppFinal | administrative-message-values | administrative-message-values | ../../../klv-lookup | ../../../klv-lookup | ../../../klv-lookup | ../../../klv-lookup | ../../local-api/threedsauthenticationoutcome-1 | ../../../klv-lookup | ../../../klv-lookup,0,,0,
docs/companion-api/api-reference-companion/remote/balance.md,Balance,balance,5372,2,https://developer.sprint.paymentology.com/companion-api/klv-lookup/ | https://developer.sprint.paymentology.com/companion-api/api-reference/remote/,0,,2,https://developer.sprint.paymentology.com/companion-api/klv-lookup/ | https://developer.sprint.paymentology.com/companion-api/api-reference/remote/
docs/companion-api/api-reference-companion/remote/brazilianinstallmentsettled.md,BrazilianInstallmentSettled,brazilianinstallmentsettled,5867,1,https://developer.sprint.paymentology.com/companion-api/api-reference/remote/,0,,1,https://developer.sprint.paymentology.com/companion-api/api-reference/remote/
docs/companion-api/api-reference-companion/remote/deduct.md,Deduct,deduct,8452,1,https://developer.sprint.paymentology.com/companion-api/api-reference/remote/,0,,1,https://developer.sprint.paymentology.com/companion-api/api-reference/remote/
docs/companion-api/api-reference-companion/remote/deductadjustment.md,DeductAdjustment,deductadjustment,5539,2,https://developer.sprint.paymentology.com/companion-api/klv-lookup/ | https://developer.sprint.paymentology.com/companion-api/api-reference/remote/,0,,2,https://developer.sprint.paymentology.com/companion-api/klv-lookup/ | https://developer.sprint.paymentology.com/companion-api/api-reference/remote/
docs/companion-api/api-reference-companion/remote/deductreversal.md,DeductReversal,deductreversal,5617,2,https://developer.sprint.paymentology.com/companion-api/klv-lookup/ | https://developer.sprint.paymentology.com/companion-api/api-reference/remote/,0,,2,https://developer.sprint.paymentology.com/companion-api/klv-lookup/ | https://developer.sprint.paymentology.com/companion-api/api-reference/remote/
docs/companion-api/api-reference-companion/remote/index.md,Remote API,index,2841,13,https://developer.sprint.paymentology.com/companion-api/api-reference/remote/administrativemessage/ | https://developer.sprint.paymentology.com/companion-api/api-reference/remote/balance/ | https://developer.sprint.paymentology.com/companion-api/api-reference/remote/brazilianinstallmentsettled/ | https://developer.sprint.paymentology.com/companion-api/api-reference/remote/deduct/ | https://developer.sprint.paymentology.com/companion-api/api-reference/remote/deductadjustment/ | https://developer.sprint.paymentology.com/companion-api/api-reference/remote/deductreversal/ | https://developer.sprint.paymentology.com/companion-api/api-reference/remote/loadadjustment/ | https://developer.sprint.paymentology.com/companion-api/api-reference/remote/loadauth/ | https://developer.sprint.paymentology.com/companion-api/api-reference/remote/loadauthreversal/ | https://developer.sprint.paymentology.com/companion-api/api-reference/remote/loadreversal/ | https://developer.sprint.paymentology.com/companion-api/api-reference/remote/mexicaninstallmentsettled/ | https://developer.sprint.paymentology.com/companion-api/api-reference/remote/stop/ | https://developer.sprint.paymentology.com/companion-api/api-reference/remote/validatepin/,0,,13,https://developer.sprint.paymentology.com/companion-api/api-reference/remote/administrativemessage/ | https://developer.sprint.paymentology.com/companion-api/api-reference/remote/balance/ | https://developer.sprint.paymentology.com/companion-api/api-reference/remote/brazilianinstallmentsettled/ | https://developer.sprint.paymentology.com/companion-api/api-reference/remote/deduct/ | https://developer.sprint.paymentology.com/companion-api/api-reference/remote/deductadjustment/ | https://developer.sprint.paymentology.com/companion-api/api-reference/remote/deductreversal/ | https://developer.sprint.paymentology.com/companion-api/api-reference/remote/loadadjustment/ | https://developer.sprint.paymentology.com/companion-api/api-reference/remote/loadauth/ | https://developer.sprint.paymentology.com/companion-api/api-reference/remote/loadauthreversal/ | https://developer.sprint.paymentology.com/companion-api/api-reference/remote/loadreversal/ | https://developer.sprint.paymentology.com/companion-api/api-reference/remote/mexicaninstallmentsettled/ | https://developer.sprint.paymentology.com/companion-api/api-reference/remote/stop/ | https://developer.sprint.paymentology.com/companion-api/api-reference/remote/validatepin/
docs/companion-api/api-reference-companion/remote/loadadjustment.md,LoadAdjustment,loadadjustment,8786,2,https://developer.sprint.paymentology.com/companion-api/klv-lookup/ | https://developer.sprint.paymentology.com/companion-api/api-reference/remote/,0,,2,https://developer.sprint.paymentology.com/companion-api/klv-lookup/ | https://developer.sprint.paymentology.com/companion-api/api-reference/remote/
docs/companion-api/api-reference-companion/remote/loadauth.md,LoadAuth,loadauth,5619,2,https://developer.sprint.paymentology.com/companion-api/klv-lookup/ | https://developer.sprint.paymentology.com/companion-api/api-reference/remote/,0,,2,https://developer.sprint.paymentology.com/companion-api/klv-lookup/ | https://developer.sprint.paymentology.com/companion-api/api-reference/remote/
docs/companion-api/api-reference-companion/remote/loadauthreversal.md,LoadAuthReversal,loadauthreversal,5901,3,https://developer.sprint.paymentology.com/companion-api/klv-lookup/ | https://developer.sprint.paymentology.com/companion-api/klv-lookup/ | https://developer.sprint.paymentology.com/companion-api/api-reference/remote/,0,,3,https://developer.sprint.paymentology.com/companion-api/klv-lookup/ | https://developer.sprint.paymentology.com/companion-api/klv-lookup/ | https://developer.sprint.paymentology.com/companion-api/api-reference/remote/
docs/companion-api/api-reference-companion/remote/loadreversal.md,LoadReversal,loadreversal,5527,3,https://developer.sprint.paymentology.com/companion-api/klv-lookup/ | https://developer.sprint.paymentology.com/companion-api/klv-lookup/ | https://developer.sprint.paymentology.com/companion-api/api-reference/remote/,0,,3,https://developer.sprint.paymentology.com/companion-api/klv-lookup/ | https://developer.sprint.paymentology.com/companion-api/klv-lookup/ | https://developer.sprint.paymentology.com/companion-api/api-reference/remote/
docs/companion-api/api-reference-companion/remote/mexicaninstallmentsettled.md,MexicanInstallmentSettled,mexicaninstallmentsettled,5033,1,https://developer.sprint.paymentology.com/companion-api/api-reference/remote/,0,,1,https://developer.sprint.paymentology.com/companion-api/api-reference/remote/
docs/companion-api/api-reference-companion/remote/stop.md,Stop,stop,4881,2,https://developer.sprint.paymentology.com/companion-api/klv-lookup/ | https://developer.sprint.paymentology.com/companion-api/api-reference/remote/,0,,2,https://developer.sprint.paymentology.com/companion-api/klv-lookup/ | https://developer.sprint.paymentology.com/companion-api/api-reference/remote/
docs/companion-api/api-reference-companion/remote/validatepin.md,ValidatePIN,validatepin,3636,1,https://developer.sprint.paymentology.com/companion-api/api-reference/remote/,0,,1,https://developer.sprint.paymentology.com/companion-api/api-reference/remote/
docs/companion-api/disputes-1.md,Disputes,disputes-1,10817,1,mailto:support@paymentology.com,1,https://files.readme.io/9ee2cc957dd6c87f3531ae9f9a2b2d4a2be66c2eb91263b2aa0157827a7a6bb6-image.png,0,
docs/companion-api/issue-cards/digital-first.md,Digital First,digital-first,5366,6,https://developer.sprint.paymentology.com/companion-api/tokenization2/ | https://developer.sprint.paymentology.com/companion-api/tokenization2/visa-token-provisioning/ | https://developer.sprint.paymentology.com/companion-api/issue-cards/ | https://developer.sprint.paymentology.com/printlinkedcard/ | https://developer.sprint.paymentology.com/companion-api/api-reference/local-api/printlinkedcardwithpinblock/ | https://developer.sprint.paymentology.com/togglevoucherfeature/,0,,6,https://developer.sprint.paymentology.com/companion-api/tokenization2/ | https://developer.sprint.paymentology.com/companion-api/tokenization2/visa-token-provisioning/ | https://developer.sprint.paymentology.com/companion-api/issue-cards/ | https://developer.sprint.paymentology.com/printlinkedcard/ | https://developer.sprint.paymentology.com/companion-api/api-reference/local-api/printlinkedcardwithpinblock/ | https://developer.sprint.paymentology.com/togglevoucherfeature/
docs/companion-api/issue-cards/index.md,Issue cards,index,4107,2,https://developer.sprint.paymentology.com/companion-api/api-reference/local-api/createlinkedcard/ | https://developer.sprint.paymentology.com/companion-api/issue-cards/digital-first/,0,,2,https://developer.sprint.paymentology.com/companion-api/api-reference/local-api/createlinkedcard/ | https://developer.sprint.paymentology.com/companion-api/issue-cards/digital-first/
docs/companion-api/klv-lookup.md,KLV Lookup,klv-lookup,18669,14,api-reference-companion/remote/balance/ | api-reference-companion/remote/#Deduct | api-reference-companion/remote/#DeductAdjustment | api-reference-companion/remote/#LoadAuth | api-reference-companion/remote/loadauthreversal/ | api-reference-companion/remote/#LoadAdjustment | api-reference-companion/remote/#Stop | api-reference-companion/remote/#AdministrativeMessage | api-reference-companion/remote/#AdministrativeMessage | api-reference-companion/remote/administrativemessage/#3DSecure | api-reference-companion/remote/administrativemessage/#3DSAppAuth | api-reference-companion/remote/administrativemessage/#3DSAppFinal | ../get-started/whats-new | ../get-started/whats-new,0,,0,
docs/companion-api/manage-cards-1.md,Manage cards,manage-cards-1,2744,12,#stop | #unstop | #retire | #replace | #retrieve | #status | https://developer.sprint.paymentology.com/companion-api/api-reference/local-api/#StopCard | https://developer.sprint.paymentology.com/companion-api/api-reference/local-api/#UnstopCard | https://developer.sprint.paymentology.com/retirecard/ | https://developer.sprint.paymentology.com/companion-api/api-reference/local-api/#TransferLink | https://developer.sprint.paymentology.com/companion-api/api-reference/local-api/#GetActiveLinkedCards | https://developer.sprint.paymentology.com/companion-api/api-reference/local-api/#Status,0,,6,https://developer.sprint.paymentology.com/companion-api/api-reference/local-api/#StopCard | https://developer.sprint.paymentology.com/companion-api/api-reference/local-api/#UnstopCard | https://developer.sprint.paymentology.com/retirecard/ | https://developer.sprint.paymentology.com/companion-api/api-reference/local-api/#TransferLink | https://developer.sprint.paymentology.com/companion-api/api-reference/local-api/#GetActiveLinkedCards | https://developer.sprint.paymentology.com/companion-api/api-reference/local-api/#Status
docs/companion-api/manage-funds/3d-secure.md,3D Secure,3d-secure,3809,2,https://developer.sprint.paymentology.com/companion-api/api-reference/local-api/set3dsecurecode/ | https://developer.sprint.paymentology.com/companion-api/api-reference/remote/administrativemessage/#3DSecure,1,https://files.readme.io/ff55b4e05aa3f9a82f1612594f43ee2a177c0128ae682ccd23d64bc9cc5223e8-image.png,2,https://developer.sprint.paymentology.com/companion-api/api-reference/local-api/set3dsecurecode/ | https://developer.sprint.paymentology.com/companion-api/api-reference/remote/administrativemessage/#3DSecure
docs/companion-api/manage-funds/automated-fuel-dispensers-afd-transactions.md,AFD Transactions,automated-fuel-dispensers-afd-transactions,3788,0,,1,https://files.readme.io/94cd04e735f73bec61eee9c5e6242295ce09fa7209ca5790ecc34c4f51a83190-image.png,0,
docs/companion-api/manage-funds/index.md,Manage funds,index,25062,36,https://developer.sprint.paymentology.com/companion-api/api-reference/remote/balance/ | https://developer.sprint.paymentology.com/companion-api/api-reference/remote/deduct/ | https://developer.sprint.paymentology.com/companion-api/api-reference/remote/deductreversal/ | https://developer.sprint.paymentology.com/companion-api/api-reference/remote/deduct/ | https://developer.sprint.paymentology.com/companion-api/api-reference/remote/deductreversal/ | https://developer.sprint.paymentology.com/companion-api/api-reference/remote/deductreversal/ | https://developer.sprint.paymentology.com/companion-api/api-reference/remote/deduct/ | https://developer.sprint.paymentology.com/companion-api/api-reference/remote/deductreversal/ | https://developer.sprint.paymentology.com/companion-api/api-reference/remote/deduct/ | https://developer.sprint.paymentology.com/companion-api/api-reference/remote/deductreversal/ | https://developer.sprint.paymentology.com/companion-api/api-reference/remote/deduct/ | https://developer.sprint.paymentology.com/companion-api/api-reference/remote/deduct/ | https://developer.sprint.paymentology.com/companion-api/api-reference/remote/deductreversal/ | https://developer.sprint.paymentology.com/companion-api/api-reference/remote/deduct/ | https://developer.sprint.paymentology.com/companion-api/api-reference/remote/deductreversal/ | https://developer.sprint.paymentology.com/companion-api/api-reference/remote/deduct/ | https://developer.sprint.paymentology.com/companion-api/api-reference/remote/deduct/ | https://developer.sprint.paymentology.com/companion-api/api-reference/remote/loadauth/ | https://developer.sprint.paymentology.com/companion-api/api-reference/remote/loadadjustment/ | https://developer.sprint.paymentology.com/companion-api/api-reference/remote/loadadjustment/ | https://developer.sprint.paymentology.com/companion-api/api-reference/remote/loadauth/ | https://developer.sprint.paymentology.com/companion-api/api-reference/remote/loadauth/ | https://developer.sprint.paymentology.com/companion-api/api-reference/remote/loadadjustment/ | https://developer.sprint.paymentology.com/companion-api/api-reference/remote/loadauthreversal/ | https://developer.sprint.paymentology.com/companion-api/api-reference/remote/loadauth/ | https://developer.sprint.paymentology.com/companion-api/api-reference/remote/deductreversal/ | https://developer.sprint.paymentology.com/companion-api/api-reference/remote/loadauth/ | https://developer.sprint.paymentology.com/companion-api/api-reference/remote/loadadjustment/ | https://developer.sprint.paymentology.com/companion-api/api-reference/remote/loadreversal/ | https://developer.sprint.paymentology.com/companion-api/api-reference/remote/loadauthreversal/ | https://developer.sprint.paymentology.com/companion-api/api-reference/remote/loadauth/ | #LoadAuth | https://developer.sprint.paymentology.com/companion-api/api-reference/remote/loadadjustment/ | https://developer.sprint.paymentology.com/companion-api/api-reference/remote/loadauthreversal/ | https://developer.sprint.paymentology.com/companion-api/api-reference/remote/loadadjustment/ | https://developer.sprint.paymentology.com/companion-api/api-reference/remote/deductadjustment/,0,,35,https://developer.sprint.paymentology.com/companion-api/api-reference/remote/balance/ | https://developer.sprint.paymentology.com/companion-api/api-reference/remote/deduct/ | https://developer.sprint.paymentology.com/companion-api/api-reference/remote/deductreversal/ | https://developer.sprint.paymentology.com/companion-api/api-reference/remote/deduct/ | https://developer.sprint.paymentology.com/companion-api/api-reference/remote/deductreversal/ | https://developer.sprint.paymentology.com/companion-api/api-reference/remote/deductreversal/ | https://developer.sprint.paymentology.com/companion-api/api-reference/remote/deduct/ | https://developer.sprint.paymentology.com/companion-api/api-reference/remote/deductreversal/ | https://developer.sprint.paymentology.com/companion-api/api-reference/remote/deduct/ | https://developer.sprint.paymentology.com/companion-api/api-reference/remote/deductreversal/ | https://developer.sprint.paymentology.com/companion-api/api-reference/remote/deduct/ | https://developer.sprint.paymentology.com/companion-api/api-reference/remote/deduct/ | https://developer.sprint.paymentology.com/companion-api/api-reference/remote/deductreversal/ | https://developer.sprint.paymentology.com/companion-api/api-reference/remote/deduct/ | https://developer.sprint.paymentology.com/companion-api/api-reference/remote/deductreversal/ | https://developer.sprint.paymentology.com/companion-api/api-reference/remote/deduct/ | https://developer.sprint.paymentology.com/companion-api/api-reference/remote/deduct/ | https://developer.sprint.paymentology.com/companion-api/api-reference/remote/loadauth/ | https://developer.sprint.paymentology.com/companion-api/api-reference/remote/loadadjustment/ | https://developer.sprint.paymentology.com/companion-api/api-reference/remote/loadadjustment/ | https://developer.sprint.paymentology.com/companion-api/api-reference/remote/loadauth/ | https://developer.sprint.paymentology.com/companion-api/api-reference/remote/loadauth/ | https://developer.sprint.paymentology.com/companion-api/api-reference/remote/loadadjustment/ | https://developer.sprint.paymentology.com/companion-api/api-reference/remote/loadauthreversal/ | https://developer.sprint.paymentology.com/companion-api/api-reference/remote/loadauth/ | https://developer.sprint.paymentology.com/companion-api/api-reference/remote/deductreversal/ | https://developer.sprint.paymentology.com/companion-api/api-reference/remote/loadauth/ | https://developer.sprint.paymentology.com/companion-api/api-reference/remote/loadadjustment/ | https://developer.sprint.paymentology.com/companion-api/api-reference/remote/loadreversal/ | https://developer.sprint.paymentology.com/companion-api/api-reference/remote/loadauthreversal/ | https://developer.sprint.paymentology.com/companion-api/api-reference/remote/loadauth/ | https://developer.sprint.paymentology.com/companion-api/api-reference/remote/loadadjustment/ | https://developer.sprint.paymentology.com/companion-api/api-reference/remote/loadauthreversal/ | https://developer.sprint.paymentology.com/companion-api/api-reference/remote/loadadjustment/ | https://developer.sprint.paymentology.com/companion-api/api-reference/remote/deductadjustment/
docs/companion-api/manage-funds.md,Manage funds,manage-funds,18193,0,,2,https://files.readme.io/ae4453cdf9910f36c1cadc40d6c43593c79d1eb05195a6efceb0c47d8f9dbbd4-image.png | https://files.readme.io/bb12aa3330d56a949be2d13c202e18a3f19083b76737a8f5a4415c152a0cfe39-image.png,0,
docs/companion-api/messages.md,Messages,messages,1382,4,https://developer.sprint.paymentology.com/companion-api/api-reference/remote/#AdminsitrativeMessage3DSecureOTP | https://developer.sprint.paymentology.com/companion-api/api-reference/remote/#AdministrativeMessage | https://developer.sprint.paymentology.com/administrative-message-values/ | https://developer.sprint.paymentology.com/companion-api/api-reference/local-api/stopcard/,0,,4,https://developer.sprint.paymentology.com/companion-api/api-reference/remote/#AdminsitrativeMessage3DSecureOTP | https://developer.sprint.paymentology.com/companion-api/api-reference/remote/#AdministrativeMessage | https://developer.sprint.paymentology.com/administrative-message-values/ | https://developer.sprint.paymentology.com/companion-api/api-reference/local-api/stopcard/
docs/companion-api/overview.md,Overview,overview,5852,2,https://developer.sprint.paymentology.com/get-started/our-apis/ | #,5,ICON_URL_1 | ICON_URL_2 | ICON_URL_3 | ICON_URL_4 | ICON_URL_5,1,https://developer.sprint.paymentology.com/get-started/our-apis/
docs/companion-api/reports/apple-pay-monthly-declines-report-1.md,Apple Pay monthly declines report,apple-pay-monthly-declines-report-1,3655,1,https://developer.sprint.paymentology.com/wp-content/uploads/2024/01/CampaignName_ApplePay-Declines-Report-MONTH-YYYY.xls,0,,1,https://developer.sprint.paymentology.com/wp-content/uploads/2024/01/CampaignName_ApplePay-Declines-Report-MONTH-YYYY.xls
docs/companion-api/reports/apple-pay-monthly-fee-billing-report-1.md,Apple Pay monthly fee billing report,apple-pay-monthly-fee-billing-report-1,3278,1,https://developer.sprint.paymentology.com/wp-content/uploads/2023/12/CampaignName_ApplePay-Monthly-Fee-Billing-Report-Month-YYYY.xls,1,https://files.readme.io/7f1c377f5d27da2d91f65444997b9801ecb21ef5967824da982381d3e27e1b22-image.png,1,https://developer.sprint.paymentology.com/wp-content/uploads/2023/12/CampaignName_ApplePay-Monthly-Fee-Billing-Report-Month-YYYY.xls
docs/companion-api/reports/apple-pay-monthly-metric-report-1.md,Apple Pay monthly metric report,apple-pay-monthly-metric-report-1,6524,1,https://developer.sprint.paymentology.com/wp-content/uploads/2023/12/CampaignName_ApplePay-Monthly-Metric-Report-Month-YYYY.xls,1,https://files.readme.io/a66ea97929407216246f3aa30fbbfad829fde88464e670658a19e215b3dd8e4d-image.png,1,https://developer.sprint.paymentology.com/wp-content/uploads/2023/12/CampaignName_ApplePay-Monthly-Metric-Report-Month-YYYY.xls
docs/companion-api/reports/apple-pay-monthly-top-merchant-report-1.md,Apple Pay monthly top merchant report,apple-pay-monthly-top-merchant-report-1,2248,1,https://developer.sprint.paymentology.com/wp-content/uploads/2023/12/CampaignName_ApplePay-Top-Merchant-Report-MMM-YYYY.xls,1,https://files.readme.io/6000680592f26151b636c4b78b2b2f4d8ea7811a62be6f4e8690402628b02ba7-image.png,1,https://developer.sprint.paymentology.com/wp-content/uploads/2023/12/CampaignName_ApplePay-Top-Merchant-Report-MMM-YYYY.xls
docs/companion-api/reports/apple-pay-monthly-usage-frequency-report-1.md,Apple Pay monthly usage frequency report,apple-pay-monthly-usage-frequency-report-1,5797,0,,1,https://files.readme.io/60a1a7955b6db5769c33aed9edd580bb24feebd5655b07e45f77fed464306f26-image.png,0,
docs/companion-api/reports/apple-pay-quarterly-fee-billing-report-1.md,Apple Pay Quarterly Fee Billing Report,apple-pay-quarterly-fee-billing-report-1,5065,1,https://developer.sprint.paymentology.com/wp-content/uploads/2023/12/CampaignName_ApplePay-Quarterly-Fee-Billing-Report-Month-YYYY.xls,1,https://files.readme.io/236bf3afcd34df2a9eb997a056af48562258d18c911b93e3cbc261b2aec9eb8a-image.png,1,https://developer.sprint.paymentology.com/wp-content/uploads/2023/12/CampaignName_ApplePay-Quarterly-Fee-Billing-Report-Month-YYYY.xls
docs/companion-api/reports/authorisation-income-report-1.md,Authorisation income report,authorisation-income-report-1,2455,1,https://developer.sprint.paymentology.com/wp-content/uploads/2023/12/CampaignName_authorisationincomereport_YYYY_MM_DD.csv,1,https://files.readme.io/fbe5b25b5d8f37d66d91b12cea17279fc07059cc08001afb306e4c94cfce84dc-image.png,1,https://developer.sprint.paymentology.com/wp-content/uploads/2023/12/CampaignName_authorisationincomereport_YYYY_MM_DD.csv
docs/companion-api/reports/blocked-transactions-report-1.md,Blocked transactions report,blocked-transactions-report-1,2077,1,https://developer.sprint.paymentology.com/wp-content/uploads/2024/02/CampaignName-Blocked-Transactions-231015-231022.xls,0,,1,https://developer.sprint.paymentology.com/wp-content/uploads/2024/02/CampaignName-Blocked-Transactions-231015-231022.xls
docs/companion-api/reports/card-balance-report-1.md,Card balance report,card-balance-report-1,2865,1,https://developer.sprint.paymentology.com/wp-content/uploads/2023/12/CampaignName_cardbalances_YYYY_MM_DD.csv,1,https://files.readme.io/742b51c0d34de54601aa8469cb10cca4279d96d47c7a762f1148af065a87c1d2-image.png,1,https://developer.sprint.paymentology.com/wp-content/uploads/2023/12/CampaignName_cardbalances_YYYY_MM_DD.csv
docs/companion-api/reports/card-order-report.md,Card order,card-order-report,2319,2,https://developer.sprint.paymentology.com/companion-api/api-reference/local-api/ordercard/ | https://developer.sprint.paymentology.com/wp-content/uploads/2023/12/CampaignName_PanDetails_YYYYMMDD.csv,1,https://files.readme.io/05246a1defd16dbc32a29f85e691779d3372c0b7389d2d5d11bff95cf276556b-image.png,2,https://developer.sprint.paymentology.com/companion-api/api-reference/local-api/ordercard/ | https://developer.sprint.paymentology.com/wp-content/uploads/2023/12/CampaignName_PanDetails_YYYYMMDD.csv
docs/companion-api/reports/daily-negative-balance-report-1.md,Daily negative balance report,daily-negative-balance-report-1,2825,2,https://developer.sprint.paymentology.com/wp-content/uploads/2024/10/DailyNegativeBalanceReportOnChargebackQueue_CampaignName_YYYYMMDD.csv | https://developer.sprint.paymentology.com/companion-api/reports/,0,,2,https://developer.sprint.paymentology.com/wp-content/uploads/2024/10/DailyNegativeBalanceReportOnChargebackQueue_CampaignName_YYYYMMDD.csv | https://developer.sprint.paymentology.com/companion-api/reports/
docs/companion-api/reports/daily-sales-and-redemption-report-1.md,Daily sales and redemption report,daily-sales-and-redemption-report-1,2531,1,https://developer.sprint.paymentology.com/wp-content/uploads/2024/02/CampaignName_DailySalesRedmeptionStatement-YYYY-MM-DD.csv,0,,1,https://developer.sprint.paymentology.com/wp-content/uploads/2024/02/CampaignName_DailySalesRedmeptionStatement-YYYY-MM-DD.csv
docs/companion-api/reports/daily-statement-report-1.md,Daily statement report,daily-statement-report-1,2287,1,https://developer.sprint.paymentology.com/wp-content/uploads/2023/12/CampaignName_Statement_YYYYMMDD.csv,0,,1,https://developer.sprint.paymentology.com/wp-content/uploads/2023/12/CampaignName_Statement_YYYYMMDD.csv
docs/companion-api/reports/detailed-settlement-report-1.md,Detailed settlement report,detailed-settlement-report-1,8133,3,#DSRV1 | #DSRV2 | https://developer.sprint.paymentology.com/wp-content/uploads/2024/02/CampaignNameDailySettlementsYYYYMMDD.csv,1,https://files.readme.io/369ced30e5c3f4ad95f542e8556ac38a11619d46cad93fbc563189218d7d1349-image.png,1,https://developer.sprint.paymentology.com/wp-content/uploads/2024/02/CampaignNameDailySettlementsYYYYMMDD.csv
docs/companion-api/reports/ecommerce-report-1.md,eCommerce report,ecommerce-report-1,3568,1,https://developer.sprint.paymentology.com/wp-content/uploads/2023/12/EcommerceTransactions_CampaignName_YYYYMMDD.csv,1,https://files.readme.io/0cc5ea1a226c0bb50341fcdb5f3f58f48a186885fc8cdf5221005bab83d119d8-image.png,1,https://developer.sprint.paymentology.com/wp-content/uploads/2023/12/EcommerceTransactions_CampaignName_YYYYMMDD.csv
docs/companion-api/reports/failed-transaction-report.md,Failed transaction report,failed-transaction-report,7925,8,#FTRV1 | #FTRV2 | https://developer.sprint.paymentology.com/wp-content/uploads/2021/04/Failed-transaction-report-code-descriptions.xlsx | https://developer.sprint.paymentology.com/companion-api/tokenization2/token-lifecycle-management/#WID | https://developer.sprint.paymentology.com/wp-content/uploads/2021/04/Failed-transaction-report-code-descriptions.xlsx | https://developer.sprint.paymentology.com/companion-api/tokenization2/token-lifecycle-management/#WID | https://developer.sprint.paymentology.com/wp-content/uploads/2023/12/CampaignName_DailyAuthFailure_YYYYMMDD.csv | https://developer.sprint.paymentology.com/wp-content/uploads/2025/05/CampaignName_DailyAuthFailure_YYYYMMDD-V2.csv,1,https://files.readme.io/3ed0015f41b8051dc70faa9609e39a8bdae3a7b08e6b6fb8f4e3c5cecabc3a8c-image.png,6,https://developer.sprint.paymentology.com/wp-content/uploads/2021/04/Failed-transaction-report-code-descriptions.xlsx | https://developer.sprint.paymentology.com/companion-api/tokenization2/token-lifecycle-management/#WID | https://developer.sprint.paymentology.com/wp-content/uploads/2021/04/Failed-transaction-report-code-descriptions.xlsx | https://developer.sprint.paymentology.com/companion-api/tokenization2/token-lifecycle-management/#WID | https://developer.sprint.paymentology.com/wp-content/uploads/2023/12/CampaignName_DailyAuthFailure_YYYYMMDD.csv | https://developer.sprint.paymentology.com/wp-content/uploads/2025/05/CampaignName_DailyAuthFailure_YYYYMMDD-V2.csv
docs/companion-api/reports/forex-gains-report.md,Forex gains report,forex-gains-report,2467,1,https://developer.sprint.paymentology.com/wp-content/uploads/2023/12/DailyForexReport_CAMID_YYYY_MM_DD.xls,1,https://files.readme.io/950d55e521599b60f3926f3a5d8572ff276dd186de428cf651fc545f90a8a7f2-image.png,1,https://developer.sprint.paymentology.com/wp-content/uploads/2023/12/DailyForexReport_CAMID_YYYY_MM_DD.xls
docs/companion-api/reports/google-pay-monthly-report-1.md,Google Pay monthly report,google-pay-monthly-report-1,2261,1,https://developer.sprint.paymentology.com/wp-content/uploads/2023/12/CampaignNamegooglepaymonthlyreportMMM-YYYY.csv,1,https://files.readme.io/cab65267d910d3d9dabfb6e432b1649a1dde22282b4056fcc0032f9b7379089e-image.png,1,https://developer.sprint.paymentology.com/wp-content/uploads/2023/12/CampaignNamegooglepaymonthlyreportMMM-YYYY.csv
docs/companion-api/reports/inactive-cards-report-1.md,Inactive cards report,inactive-cards-report-1,1864,1,https://developer.sprint.paymentology.com/wp-content/uploads/2023/12/InactiveCards_CampaignName_YYYY-MM-DD-YYYY-MM-DD.csv,1,https://files.readme.io/2103c99f7170f5f074394017d47623bbf1106d6341611fb35de32488cc736e90-image.png,1,https://developer.sprint.paymentology.com/wp-content/uploads/2023/12/InactiveCards_CampaignName_YYYY-MM-DD-YYYY-MM-DD.csv
docs/companion-api/reports/index.md,Reports,index,4553,26,https://developer.sprint.paymentology.com/companion-api/reports/mark-off-file | https://developer.sprint.paymentology.com/companion-api/reports/summary-settlement-report | https://developer.sprint.paymentology.com/companion-api/reports/detailed-settlement-report | https://developer.sprint.paymentology.com/companion-api/reports/forex-gains-report | https://developer.sprint.paymentology.com/companion-api/reports/failed-transaction-report | https://developer.sprint.paymentology.com/companion-api/reports/card-order-report | https://developer.sprint.paymentology.com/companion-api/reports/unsettled-transactions-report-2/ | https://developer.sprint.paymentology.com/companion-api/reports/ecommerce-report/ | https://developer.sprint.paymentology.com/companion-api/reports/inactive-cards-report/ | https://developer.sprint.paymentology.com/companion-api/reports/authorisation-income-report/ | https://developer.sprint.paymentology.com/companion-api/reports/card-balance-report/ | https://developer.sprint.paymentology.com/companion-api/reports/daily-statement-report/ | https://developer.sprint.paymentology.com/companion-api/reports/apple-pay-quarterly-fee-billing-report/ | https://developer.sprint.paymentology.com/companion-api/reports/apple-pay-monthly-top-merchant-report/ | https://developer.sprint.paymentology.com/companion-api/reports/apple-pay-monthly-metric-report/ | https://developer.sprint.paymentology.com/companion-api/reports/apple-pay-monthly-usage-frequency-report/ | https://developer.sprint.paymentology.com/companion-api/reports/apple-pay-monthly-fee-billing-report/ | https://developer.sprint.paymentology.com/companion-api/reports/apple-pay-monthly-declines-report/ | https://developer.sprint.paymentology.com/companion-api/reports/google-pay-monthly-report/ | https://developer.sprint.paymentology.com/companion-api/reports/linked-cards-report/ | https://developer.sprint.paymentology.com/companion-api/reports/blocked-transactions-report/ | https://developer.sprint.paymentology.com/companion-api/reports/daily-negative-balance-report/ | https://developer.sprint.paymentology.com/companion-api/reports/qvr-data-report/ | https://developer.sprint.paymentology.com/companion-api/reports/qmr-data-report/ | https://developer.sprint.paymentology.com/companion-api/reports/vau-transaction-report/ | https://developer.sprint.paymentology.com/companion-api/reports/daily-sales-and-redemption-report/,0,,26,https://developer.sprint.paymentology.com/companion-api/reports/mark-off-file | https://developer.sprint.paymentology.com/companion-api/reports/summary-settlement-report | https://developer.sprint.paymentology.com/companion-api/reports/detailed-settlement-report | https://developer.sprint.paymentology.com/companion-api/reports/forex-gains-report | https://developer.sprint.paymentology.com/companion-api/reports/failed-transaction-report | https://developer.sprint.paymentology.com/companion-api/reports/card-order-report | https://developer.sprint.paymentology.com/companion-api/reports/unsettled-transactions-report-2/ | https://developer.sprint.paymentology.com/companion-api/reports/ecommerce-report/ | https://developer.sprint.paymentology.com/companion-api/reports/inactive-cards-report/ | https://developer.sprint.paymentology.com/companion-api/reports/authorisation-income-report/ | https://developer.sprint.paymentology.com/companion-api/reports/card-balance-report/ | https://developer.sprint.paymentology.com/companion-api/reports/daily-statement-report/ | https://developer.sprint.paymentology.com/companion-api/reports/apple-pay-quarterly-fee-billing-report/ | https://developer.sprint.paymentology.com/companion-api/reports/apple-pay-monthly-top-merchant-report/ | https://developer.sprint.paymentology.com/companion-api/reports/apple-pay-monthly-metric-report/ | https://developer.sprint.paymentology.com/companion-api/reports/apple-pay-monthly-usage-frequency-report/ | https://developer.sprint.paymentology.com/companion-api/reports/apple-pay-monthly-fee-billing-report/ | https://developer.sprint.paymentology.com/companion-api/reports/apple-pay-monthly-declines-report/ | https://developer.sprint.paymentology.com/companion-api/reports/google-pay-monthly-report/ | https://developer.sprint.paymentology.com/companion-api/reports/linked-cards-report/ | https://developer.sprint.paymentology.com/companion-api/reports/blocked-transactions-report/ | https://developer.sprint.paymentology.com/companion-api/reports/daily-negative-balance-report/ | https://developer.sprint.paymentology.com/companion-api/reports/qvr-data-report/ | https://developer.sprint.paymentology.com/companion-api/reports/qmr-data-report/ | https://developer.sprint.paymentology.com/companion-api/reports/vau-transaction-report/ | https://developer.sprint.paymentology.com/companion-api/reports/daily-sales-and-redemption-report/
docs/companion-api/reports/linked-cards-report-1.md,Linked cards report,linked-cards-report-1,1831,1,https://developer.sprint.paymentology.com/wp-content/uploads/2023/12/CampaignName_Linked_Cards_YYYYMMDD.csv,1,https://files.readme.io/bd945b717057cff9bdc01381ce99350a5731cd733116d5de9399f1f30bc2b3c2-image.png,1,https://developer.sprint.paymentology.com/wp-content/uploads/2023/12/CampaignName_Linked_Cards_YYYYMMDD.csv
docs/companion-api/reports/mark-off-file-1.md,Mark-off file,mark-off-file-1,4056,1,https://developer.sprint.paymentology.com/wp-content/uploads/2024/02/CampaignName_MarkOffFile_GMT_plus_3_00h00_YYYYMMDD.csv,1,https://files.readme.io/60da279f946b5549f5bf0b8e50d5ca5209930fed5debcb7efffb62946c9e5f1e-image.png,1,https://developer.sprint.paymentology.com/wp-content/uploads/2024/02/CampaignName_MarkOffFile_GMT_plus_3_00h00_YYYYMMDD.csv
docs/companion-api/reports/qmr-data-report-1.md,QMR data report,qmr-data-report-1,6663,1,https://developer.sprint.paymentology.com/wp-content/uploads/2025/01/QMR_BIN_ClientName_YYYYQQ.xls,0,,1,https://developer.sprint.paymentology.com/wp-content/uploads/2025/01/QMR_BIN_ClientName_YYYYQQ.xls
docs/companion-api/reports/qvr-data-report-1.md,QVR data report,qvr-data-report-1,4264,0,,0,,0,
docs/companion-api/reports/summary-settlement-report.md,Summary settlement report,summary-settlement-report,3746,1,https://developer.sprint.paymentology.com/wp-content/uploads/2023/12/Daily_Settlement_Report_ICA_YYYY_MM_DD.xls,1,https://files.readme.io/c6628862e371c950bd9e9f3ad091d46530c7158ba61dcfd2bc054e0b65fba296-image.png,1,https://developer.sprint.paymentology.com/wp-content/uploads/2023/12/Daily_Settlement_Report_ICA_YYYY_MM_DD.xls
docs/companion-api/reports/unsettled-transactions-report-2.md,Unsettled transactions report,unsettled-transactions-report-2,3935,5,#UTRV1 | #UTRV2.0 | https://developer.sprint.paymentology.com/companion-api/reports/mark-off-file/ | https://developer.sprint.paymentology.com/wp-content/uploads/2023/12/CampaignName_UnsettledTransactionReport_YYYYMMDD.csv | https://developer.sprint.paymentology.com/wp-content/uploads/2024/01/CampaignName_UnsettledTransactionReport_YYYYMMDD-V2sample.csv,1,https://files.readme.io/6d38d57300edd4c4bdef5c0bbaa590ead1353ff6cfc67dcee2ede7a1a0191b84-image.png,3,https://developer.sprint.paymentology.com/companion-api/reports/mark-off-file/ | https://developer.sprint.paymentology.com/wp-content/uploads/2023/12/CampaignName_UnsettledTransactionReport_YYYYMMDD.csv | https://developer.sprint.paymentology.com/wp-content/uploads/2024/01/CampaignName_UnsettledTransactionReport_YYYYMMDD-V2sample.csv
docs/companion-api/reports/vau-transaction-report-1.md,VAU transaction report,vau-transaction-report-1,2264,1,https://developer.sprint.paymentology.com/wp-content/uploads/2024/02/VAUtransactionsReportClientName_YYYY-MM-DD.csv,0,,1,https://developer.sprint.paymentology.com/wp-content/uploads/2024/02/VAUtransactionsReportClientName_YYYY-MM-DD.csv
docs/companion-api/secure-apis.md,Secure APIs,secure-apis,8918,9,https://support.paymentology.com/ | https://simple.wikipedia.org/wiki/RSA_alogrithm | https://simple.wikipedia.org/wiki/Advanced_Encryption_Standard | https://developer.sprint.paymentology.com/companion-api/api-reference/local-api/getactivelinkedcards/ | https://developer.sprint.paymentology.com/companion-api/api-reference/local-api/getcarddetails/ | https://developer.sprint.paymentology.com/companion-api/api-reference/local-api/getlinkedcards/ | https://developer.sprint.paymentology.com/companion-api/api-reference/local-api/updatecvv/ | https://developer.sprint.paymentology.com/companion-api/api-reference/local-api/changepin/ | https://developer.sprint.paymentology.com/companion-api/api-reference/local-api/createlinkedcard/,0,,6,https://developer.sprint.paymentology.com/companion-api/api-reference/local-api/getactivelinkedcards/ | https://developer.sprint.paymentology.com/companion-api/api-reference/local-api/getcarddetails/ | https://developer.sprint.paymentology.com/companion-api/api-reference/local-api/getlinkedcards/ | https://developer.sprint.paymentology.com/companion-api/api-reference/local-api/updatecvv/ | https://developer.sprint.paymentology.com/companion-api/api-reference/local-api/changepin/ | https://developer.sprint.paymentology.com/companion-api/api-reference/local-api/createlinkedcard/
docs/companion-api/secure-cards/index.md,Secure cards,index,2883,0,,0,,0,
docs/companion-api/secure-cards/offline-pin.md,Offline PIN,offline-pin,1579,1,https://developer.sprint.paymentology.com/card-api/api-reference/changepin/,0,,1,https://developer.sprint.paymentology.com/card-api/api-reference/changepin/
docs/companion-api/settlement-and-reconciliation.md,Reconciliation,settlement-and-reconciliation,12982,6,https://developer.sprint.paymentology.com/companion-api/reports/mark-off-file/ | https://developer.sprint.paymentology.com/companion-api/reports/summary-settlement-report/ | https://developer.sprint.paymentology.com/companion-api/reports/detailed-settlement-report/ | https://developer.sprint.paymentology.com/companion-api/reports/forex-gains-report/ | https://developer.sprint.paymentology.com/get-started/fraud/ | https://developer.sprint.paymentology.com/companion-api/disputes/,2,https://files.readme.io/583c37b6e0094362b0cdaf01992f8da33abf67db8c5f2eae9d948d8b8ac9dc6e-image.png | https://files.readme.io/e28efad1710f0f3865f3800ccf1cff6c90dae39267f847545a2b024d1e6a4379-image.png,6,https://developer.sprint.paymentology.com/companion-api/reports/mark-off-file/ | https://developer.sprint.paymentology.com/companion-api/reports/summary-settlement-report/ | https://developer.sprint.paymentology.com/companion-api/reports/detailed-settlement-report/ | https://developer.sprint.paymentology.com/companion-api/reports/forex-gains-report/ | https://developer.sprint.paymentology.com/get-started/fraud/ | https://developer.sprint.paymentology.com/companion-api/disputes/
docs/companion-api/tokenization2/index.md,Tokenization,index,5161,0,,0,,0,
docs/companion-api/tokenization2/token-lifecycle-management.md,Lifecycle Management,token-lifecycle-management,4785,11,https://developer.sprint.paymentology.com/administrative-message-values/#stopped | https://developer.sprint.paymentology.com/administrative-message-values/#digitized | https://developer.sprint.paymentology.com/administrative-message-values/#deletedfromdevice | https://developer.sprint.paymentology.com/administrative-message-values/#eventdeleted | https://developer.sprint.paymentology.com/administrative-message-values/#replacement | https://developer.sprint.paymentology.com/administrative-message-values/#stopped | https://developer.sprint.paymentology.com/administrative-message-values/#digitized | https://developer.sprint.paymentology.com/administrative-message-values/#deletedfromdevice | https://developer.sprint.paymentology.com/administrative-message-values/#eventdeleted | https://developer.sprint.paymentology.com/administrative-message-values/#replacement | https://developer.sprint.paymentology.com/administrative-message-values/#complete,1,https://files.readme.io/d20b5a294095e35dfe54d37d80ae3862cd7dc2d4bd09d71fd7f6f6022a3788f7-image.png,11,https://developer.sprint.paymentology.com/administrative-message-values/#stopped | https://developer.sprint.paymentology.com/administrative-message-values/#digitized | https://developer.sprint.paymentology.com/administrative-message-values/#deletedfromdevice | https://developer.sprint.paymentology.com/administrative-message-values/#eventdeleted | https://developer.sprint.paymentology.com/administrative-message-values/#replacement | https://developer.sprint.paymentology.com/administrative-message-values/#stopped | https://developer.sprint.paymentology.com/administrative-message-values/#digitized | https://developer.sprint.paymentology.com/administrative-message-values/#deletedfromdevice | https://developer.sprint.paymentology.com/administrative-message-values/#eventdeleted | https://developer.sprint.paymentology.com/administrative-message-values/#replacement | https://developer.sprint.paymentology.com/administrative-message-values/#complete
docs/companion-api/tokenization2/token-payments.md,Payments,token-payments,3635,0,,0,,0,
docs/companion-api/tokenization2/token-processing.md,Processing,token-processing,1422,0,,1,https://files.readme.io/0c71f1034cc7ab8ee184b2a9e79475ef68c9b74cef69a30ce2dfab8c6f21ceca-image.png,0,
docs/companion-api/tokenization2/token-provisioning.md,Provisioning,token-provisioning,11084,11,https://developer.sprint.paymentology.com/companion-api/api-reference/remote/#AdministrativeMessage | https://developer.sprint.paymentology.com/administrative-message-values/ | https://developer.sprint.paymentology.com/companion-api/api-reference/remote/#AdministrativeMessage | https://developer.sprint.paymentology.com/administrative-message-values/#activationmethods | https://developer.sprint.paymentology.com/administrative-message-values/#activation | https://developer.sprint.paymentology.com/administrative-message-values/#complete | https://developer.sprint.paymentology.com/administrative-message-values/#exception | https://developer.sprint.paymentology.com/administrative-message-values/#activationmethods | https://developer.sprint.paymentology.com/administrative-message-values/#activation | https://developer.sprint.paymentology.com/administrative-message-values/#complete | https://developer.sprint.paymentology.com/administrative-message-values/#exception,3,https://files.readme.io/d2ef8ca66479feeed18d378c86e1132596438d568633b26923f5e4e5e6a6820c-image.png | https://files.readme.io/d588062610237167ce70614043608a2eb729ae18fa5dd0ca4820acdca9036d1c-image.png | https://files.readme.io/0ad92668607b06b41a5bb20e7c1d597cbef9dac0782ac025a14885956ae12c3b-image.png,11,https://developer.sprint.paymentology.com/companion-api/api-reference/remote/#AdministrativeMessage | https://developer.sprint.paymentology.com/administrative-message-values/ | https://developer.sprint.paymentology.com/companion-api/api-reference/remote/#AdministrativeMessage | https://developer.sprint.paymentology.com/administrative-message-values/#activationmethods | https://developer.sprint.paymentology.com/administrative-message-values/#activation | https://developer.sprint.paymentology.com/administrative-message-values/#complete | https://developer.sprint.paymentology.com/administrative-message-values/#exception | https://developer.sprint.paymentology.com/administrative-message-values/#activationmethods | https://developer.sprint.paymentology.com/administrative-message-values/#activation | https://developer.sprint.paymentology.com/administrative-message-values/#complete | https://developer.sprint.paymentology.com/administrative-message-values/#exception
docs/companion-api/tokenization2/visa-token-provisioning.md,VTS,visa-token-provisioning,3611,2,https://developer.sprint.paymentology.com/companion-api/tokenization2/token-provisioning/ | https://developer.sprint.paymentology.com/companion-api/api-reference/local-api/activatetoken/,0,,2,https://developer.sprint.paymentology.com/companion-api/tokenization2/token-provisioning/ | https://developer.sprint.paymentology.com/companion-api/api-reference/local-api/activatetoken/
docs/documentation/3d-secure-out-of-band.md,3D Secure – Out of band Authentication,3d-secure-out-of-band,5236,6,../companion-api/api-reference-companion/remote/administrativemessage/#3DSAppAuth | ../card-api/api-reference-card/remotemessaging#appauth | ../companion-api/api-reference-companion/local-api/threedsauthenticationoutcome-1 | ../card-api/api-reference-card/threedsauthenticationoutcome | ../companion-api/api-reference-companion/remote/administrativemessage/#3DSAppFinal | ../card-api/api-reference-card/remotemessaging#appfinal,0,,0,
docs/documentation/administrativemessage3dsecureotp.md,AdministrativeMessage3DSecureOTP,administrativemessage3dsecureotp,4841,2,https://developer.sprint.paymentology.com/companion-api/klv-lookup/ | https://developer.sprint.paymentology.com/companion-api/api-reference/remote/,0,,2,https://developer.sprint.paymentology.com/companion-api/klv-lookup/ | https://developer.sprint.paymentology.com/companion-api/api-reference/remote/
docs/documentation/api-reference-sample.md,API Reference Sample,api-reference-sample,3499,1,https://mysite.typeform.com/to/u6nXL7,0,,0,
docs/documentation/contact-us.md,Contact us,contact-us,195,0,,0,,0,
docs/documentation/generatetimebasedsecret-1.md,generateTimeBasedSecret,generatetimebasedsecret-1,7304,1,https://developer.sprint.paymentology.com/companion-api/api-reference/local-api/,0,,1,https://developer.sprint.paymentology.com/companion-api/api-reference/local-api/
docs/documentation/home.md,Home,home,37,0,,0,,0,
docs/documentation/how_payments_work.md,How Payments Work,how-payments-work,6344,13,../companion-api/settlement-and-reconciliation#authorization | ../companion-api/settlement-and-reconciliation#settlements | ../companion-api/disputes-1 | ../card-api/overview-1 | ../companion-api/overview | ../companion-api/manage-funds/automated-fuel-dispensers-afd-transactions | ../companion-api/tokenization2/ | ../qr-payments-api/ | ../companion-api/manage-funds/3d-secure | ../companion-api/disputes-1 | ../companion-api/manage-funds/#Reversal | ../companion-api/manage-funds/#Loadadjustment | ../companion-api/disputes-1,0,,0,
docs/documentation/login.md,Login,login,1,0,,0,,0,
docs/documentation/notifications.md,Notifications,notifications,7247,8,https://www.pubnub.com | #transaction-types | #step-1-get-authentication-data | #response | https://www.pubnub.com/docs/sdks/java#publish-and-subscribe | https://www.pubnub.com/docs/rest-api#publish-subscribe-subscribe-get | https://www.pubnub.com/ | url,0,,0,
docs/documentation/privacy-policy.md,Privacy Policy,privacy-policy,4014,2,https://developer.sprint.paymentology.com | https://automattic.com/privacy/,0,,1,https://developer.sprint.paymentology.com
docs/documentation/register-1.md,Register,register-1,1,0,,0,,0,
docs/documentation/register-thank-you.md,Register – Thank you,register-thank-you,368,0,,0,,0,
docs/documentation/reporting-api-2.md,Reporting API (companion),reporting-api-2,6749,0,,0,,0,
docs/documentation/reporting-api.md,Reporting API (Card),reporting-api,7397,1,https://auth.uat.tutuka.cloud/oauth/token,0,,0,
docs/documentation/reset.md,Reset,reset,1,0,,0,,0,
docs/documentation/response-codes-1.md,Response Codes – Local API,response-codes-1,999,0,,0,,0,
docs/documentation/reversedevalueprofile-1.md,ReverseDevalueProfile,reversedevalueprofile-1,5357,0,,0,,0,
docs/documentation/tutuka-transaction-stream-2.md,Transaction Stream,tutuka-transaction-stream-2,7605,4,https://example.com/transaction-stream-api | https://www.pubnub.com/ | https://api.tutuka.com/pubnub/json.cfm?method=Authenticate&deviceID=DUNNE_PC&transactionID=49716b6b-1cfa-4355-bef3-1e71281c1862&transactionDate=2017-02-01T12%3A37%3A20.108%2B02%3A00&terminalID=0090424741&checksum=54CDCAD914E6E97E648F3DF1BA64F41C2C441862 | https://www.pubnub.com/docs/pubnub-rest-api-documentation#publish-subscribe-subscribe-get,0,,0,
docs/documentation/updateprofile-1.md,UpdateProfile,updateprofile-1,8113,1,https://developer.sprint.paymentology.com/profile-api-reference/,0,,1,https://developer.sprint.paymentology.com/profile-api-reference/
docs/profile-api-reference/activate.md,Activate,activate,4005,0,,0,,0,
docs/profile-api-reference/activatetoken-2.md,ActivateToken,activatetoken-2,4115,0,,0,,0,
docs/profile-api-reference/allocatecard.md,AllocateCard,allocatecard,6545,0,,0,,0,
docs/profile-api-reference/allocatecreatevirtualcard.md,AllocateCreateVirtualCard,allocatecreatevirtualcard,5953,0,,0,,0,
docs/profile-api-reference/allocateiban.md,AllocateIBAN,allocateiban,4375,0,,0,,0,
docs/profile-api-reference/balance-1.md,Balance,balance-1,5880,0,,0,,0,
docs/profile-api-reference/calculatetav-2.md,CalculateTAV,calculatetav-2,3298,0,,0,,0,
docs/profile-api-reference/cancelscheduledstop.md,CancelScheduledStop,cancelscheduledstop,4474,0,,0,,0,
docs/profile-api-reference/cancelstopcard.md,CancelStopCard,cancelstopcard,4442,0,,0,,0,
docs/profile-api-reference/carddetail-1.md,CardDetail,carddetail-1,4966,0,,0,,0,
docs/profile-api-reference/changepin-2.md,ChangePin,changepin-2,4220,0,,0,,0,
docs/profile-api-reference/checkauthorisation.md,CheckAuthorisation,checkauthorisation,4341,0,,0,,0,
docs/profile-api-reference/checkload.md,CheckLoad,checkload,3666,0,,0,,0,
docs/profile-api-reference/createscheduledstop.md,CreateScheduledStop,createscheduledstop,5974,0,,0,,0,
docs/profile-api-reference/createvirtualcard-1.md,CreateVirtualCard,createvirtualcard-1,5133,0,,0,,0,
docs/profile-api-reference/deductcardloadprofile.md,DeductCardLoadProfile,deductcardloadprofile,2111,0,,0,,0,
docs/profile-api-reference/deletetoken-1.md,DeleteToken,deletetoken-1,5571,0,,0,,0,
docs/profile-api-reference/delinkcard.md,DeLinkCard,delinkcard,4794,0,,0,,0,
docs/profile-api-reference/devalueprofile.md,DevalueProfile,devalueprofile,5133,0,,0,,0,
docs/profile-api-reference/generatetimebasedsecret-2.md,GenerateTimeBasedSecret,generatetimebasedsecret-2,3539,0,,0,,0,
docs/profile-api-reference/getschedulestopdetail.md,GetScheduleStopDetail,getschedulestopdetail,5507,0,,0,,0,
docs/profile-api-reference/index.md,Profile API Reference,index,5924,54,activate | allocatecard | allocatecreatevirtualcard | balance-1 | cancelscheduledstop | cancelstopcard | carddetail-1 | changepin-2 | checkauthorisation | checkload | createscheduledstop | createvirtualcard-1 | deductcardloadprofile | delinkcard | devalueprofile | getschedulestopdetail | inserttransactionfee-1 | loadcarddeductprofile | linkcard-2 | linkcardsbysequencerange | ordercard-2 | register | resetpin-1 | reversedeductcardloadprofile | reversedevalueprofile | reversetransactionfee | inserttransactionfee-1 | statement-1 | statementbydaterange | status-1 | stopcard-2 | togglevoucherfeature-2 | transferfunds-1 | transferfundsbetweenprofiles | updateallocatedcard | updatebearer-1 | updateprofile | updatescheduledstop | transferlink-2 | allocateiban | reversevastransferfunds | updatebearerextended | uploadficadocument | vastransferfunds | activatetoken-2 | calculatetav-2 | deletetoken-1 | generatetimebasedsecret-2 | listalltokens-2 | listtokens-2 | stoptoken-2 | transfertoken-1 | updatetokenaccount-2 | unstoptoken-2,0,,0,
docs/profile-api-reference/inserttransactionfee-1.md,InsertTransactionFee,inserttransactionfee-1,7877,0,,0,,0,
docs/profile-api-reference/linkcard-2.md,LinkCard,linkcard-2,4545,0,,0,,0,
docs/profile-api-reference/linkcardsbysequencerange.md,LinkCardsBySequenceRange,linkcardsbysequencerange,6458,0,,0,,0,
docs/profile-api-reference/listalltokens-2.md,ListAllTokens,listalltokens-2,18487,1,/,0,,0,
docs/profile-api-reference/listtokens-2.md,ListTokens,listtokens-2,18706,0,,0,,0,
docs/profile-api-reference/loadcarddeductprofile.md,LoadCardDeductProfile,loadcarddeductprofile,5747,0,,0,,0,
docs/profile-api-reference/ordercard-2.md,OrderCard,ordercard-2,6542,0,,0,,0,
docs/profile-api-reference/overview-2.md,Overview 2,overview-2,81,0,,0,,0,
docs/profile-api-reference/register.md,Register,register,11343,0,,0,,0,
docs/profile-api-reference/resetpin-1.md,ResetPin,resetpin-1,4424,0,,0,,0,
docs/profile-api-reference/reversedeductcardloadprofile.md,ReverseDeductCardLoadProfile,reversedeductcardloadprofile,5957,0,,0,,0,
docs/profile-api-reference/reversedevalueprofile.md,ReverseDevalueProfile,reversedevalueprofile,5441,0,,0,,0,
docs/profile-api-reference/reversetransactionfee.md,ReverseTransactionFee,reversetransactionfee,5030,1,inserttransactionfee-1,0,,0,
docs/profile-api-reference/reversevastransferfunds.md,ReverseVasTransferFunds,reversevastransferfunds,4950,0,,0,,0,
docs/profile-api-reference/statement-1.md,Statement,statement-1,8057,0,,0,,0,
docs/profile-api-reference/statementbydaterange.md,StatementByDateRange,statementbydaterange,6247,0,,0,,0,
docs/profile-api-reference/status-1.md,Status,status-1,5296,0,,0,,0,
docs/profile-api-reference/stopcard-2.md,StopCard,stopcard-2,5339,0,,0,,0,
docs/profile-api-reference/stoptoken-2.md,StopToken,stoptoken-2,5430,0,,0,,0,
docs/profile-api-reference/togglevoucherfeature-2.md,ToggleVoucherFeature,togglevoucherfeature-2,4552,0,,0,,0,
docs/profile-api-reference/transferfunds-1.md,TransferFunds,transferfunds-1,6619,0,,0,,0,
docs/profile-api-reference/transferfundsbetweenprofiles.md,TransferFundsBetweenProfiles,transferfundsbetweenprofiles,5998,0,,0,,0,
docs/profile-api-reference/transferlink-2.md,TransferLink,transferlink-2,2943,0,,0,,0,
docs/profile-api-reference/transfertoken-1.md,TransferToken,transfertoken-1,3718,0,,0,,0,
docs/profile-api-reference/unstoptoken-2.md,UnStopToken,unstoptoken-2,5431,1,deletetoken-1,0,,0,
docs/profile-api-reference/updateallocatedcard.md,UpdateAllocatedCard,updateallocatedcard,5001,0,,0,,0,
docs/profile-api-reference/updatebearer-1.md,UpdateBearer,updatebearer-1,5271,0,,0,,0,
docs/profile-api-reference/updatebearerextended.md,UpdateBearerExtended,updatebearerextended,12552,4,updatebearer-1 | https://www.iban.com/country-codes | https://www.iban.com/country-codes | ../../assets/IndustryID_PermissibleValues.pdf,0,,0,
docs/profile-api-reference/updateprofile.md,UpdateProfile,updateprofile,10975,0,,0,,0,
docs/profile-api-reference/updatescheduledstop.md,UpdateScheduledStop,updatescheduledstop,5999,0,,0,,0,
docs/profile-api-reference/updatetokenaccount-2.md,UpdateTokenAccount,updatetokenaccount-2,3977,0,,0,,0,
docs/profile-api-reference/uploadficadocument.md,UploadFicaDocument,uploadficadocument,5222,0,,0,,0,
docs/profile-api-reference/vastransferfunds.md,VasTransferFunds,vastransferfunds,4446,0,,0,,0,
docs/qr-payments-api/api-reference-qr/appendix-1.md,Appendix,appendix-1,2907,1,https://developer.sprint.paymentology.com/mpqr/documentation/http://xmlrpc.scripting.com/spec,0,,1,https://developer.sprint.paymentology.com/mpqr/documentation/http://xmlrpc.scripting.com/spec
docs/qr-payments-api/api-reference-qr/index.md,Index,index,86,0,,0,,0,
docs/qr-payments-api/api-reference-qr/originating-institution.md,Originating Institution,originating-institution,12200,2,https://developer.sprint.paymentology.com/qr-payments-api/api-reference/originating-institution/#TransferPaymentToMerchant | https://developer.sprint.paymentology.com/qr-payments-api/api-reference/appendix/#OI,0,,2,https://developer.sprint.paymentology.com/qr-payments-api/api-reference/originating-institution/#TransferPaymentToMerchant | https://developer.sprint.paymentology.com/qr-payments-api/api-reference/appendix/#OI
docs/qr-payments-api/api-reference-qr/receiving-institution-remote.md,Receiving Institution (Remote),receiving-institution-remote,18491,3,https://developer.sprint.paymentology.com/qr-payments-api/api-reference/receiving-institution-remote/#Load | https://developer.sprint.paymentology.com/qr-payments-api/api-reference/receiving-institution-remote/#LoadReversal | https://developer.sprint.paymentology.com/qr-payments-api/api-reference/appendix/#RIRemote,0,,3,https://developer.sprint.paymentology.com/qr-payments-api/api-reference/receiving-institution-remote/#Load | https://developer.sprint.paymentology.com/qr-payments-api/api-reference/receiving-institution-remote/#LoadReversal | https://developer.sprint.paymentology.com/qr-payments-api/api-reference/appendix/#RIRemote
docs/qr-payments-api/api-reference-qr/receiving-institution.md,Receiving Institution,receiving-institution,21222,3,https://developer.sprint.paymentology.com/qr-payments-api/api-reference/receiving-institution/#CreateQRData | https://developer.sprint.paymentology.com/qr-payments-api/api-reference/receiving-institution/#DeactivateQR | https://developer.sprint.paymentology.com/qr-payments-api/api-reference/appendix/#RI,0,,3,https://developer.sprint.paymentology.com/qr-payments-api/api-reference/receiving-institution/#CreateQRData | https://developer.sprint.paymentology.com/qr-payments-api/api-reference/receiving-institution/#DeactivateQR | https://developer.sprint.paymentology.com/qr-payments-api/api-reference/appendix/#RI
docs/qr-payments-api/index.md,QR Payments API,index,1666,1,qr-payments,0,,0,
docs/qr-payments-api/overview-3.md,Overview 3,overview-3,81,0,,0,,0,
docs/qr-payments-api/qr-payments.md,QR payments,qr-payments,6681,2,../tools/simpos/ | ../tools/checksum-generator/,0,,0,
docs/qr-payments-api/reportsQR.md,Reports QR,reportsqr,4064,1,mailto:support@paymentology.com,0,,0,
docs/report-generator-offline/index.md,Report Generator,index,542,0,,0,,0,
docs/report-generator-offline/report-generator-help.md,Help,report-generator-help,858,2,report-generator-help | ../tools/,0,,0,
docs/response-codes-2/index.md,Response Codes – Remote API,index,3066,1,response-and-action-code-mapping,0,,0,
docs/response-codes-2/response-and-action-code-mapping.md,Response and action code mapping,response-and-action-code-mapping,3253,2,/ | ../documentation/notifications,0,,0,
docs/tools/3d-secure-customization/help.md,Help,help,3010,1,mailto:support@paymentology.com,0,,0,
docs/tools/3d-secure-customization/index.md,3D Secure Screen Customization,index,399,0,,0,,0,
docs/tools/3d-secure-customization/one-time-password-otp-authentication.md,One-time Password (OTP) Authentication,one-time-password-otp-authentication,1,0,,0,,0,
docs/tools/3d-secure-customization/out-of-band-oob-authentication.md,Out-of-Band (OOB) Authentication,out-of-band-oob-authentication,1,0,,0,,0,
docs/tools/checksum-generator/checksum-generator-help.md,Help,checksum-generator-help,1496,2,https://developer.sprint.paymentology.com/tools/checksum-generator/ | https://developer.sprint.paymentology.com/tools/,0,,2,https://developer.sprint.paymentology.com/tools/checksum-generator/ | https://developer.sprint.paymentology.com/tools/
docs/tools/checksum-generator/index.md,Checksum Generator,index,1160,1,https://developer.sprint.paymentology.com/tools/checksum/checksumhelp,0,,1,https://developer.sprint.paymentology.com/tools/checksum/checksumhelp
docs/tools/index.md,Tools,index,471,0,,0,,0,
docs/tools/simpos/help-1.md,Help,help-1,2325,3,https://developer.sprint.paymentology.com/tools/simpos/ | https://developer.sprint.paymentology.com/tools/ | https://developer.sprint.paymentology.com/tools/simpos/simpos-result-codes/,0,,3,https://developer.sprint.paymentology.com/tools/simpos/ | https://developer.sprint.paymentology.com/tools/ | https://developer.sprint.paymentology.com/tools/simpos/simpos-result-codes/
docs/tools/simpos/index.md,SimPOS,index,584,1,https://developer.sprint.paymentology.com/tools/simpos/simpos-result-codes/,0,,1,https://developer.sprint.paymentology.com/tools/simpos/simpos-result-codes/
docs/tools/simpos/simpos-result-codes.md,SimPOS Result Codes,simpos-result-codes,1,0,,0,,0,
docs/tools/xml-generator/help-2.md,Help,help-2,2346,4,https://developer.sprint.paymentology.com/tools/xml-poster-generator/ | https://developer.sprint.paymentology.com/tools/ | https://developer.sprint.paymentology.com/tools/xml-poster-generator/ | https://developer.sprint.paymentology.com/tools/,0,,4,https://developer.sprint.paymentology.com/tools/xml-poster-generator/ | https://developer.sprint.paymentology.com/tools/ | https://developer.sprint.paymentology.com/tools/xml-poster-generator/ | https://developer.sprint.paymentology.com/tools/
docs/tools/xml-generator/index.md,XML Generator,index,517,1,https://developer.sprint.paymentology.com/tools/xmlrpcexamples/xmlrpcexampleshelp,0,,1,https://developer.sprint.paymentology.com/tools/xmlrpcexamples/xmlrpcexampleshelp
docs/tools/xml-poster.md,XML Poster,xml-poster,819,0,,0,,0,
