priority,category,file_or_source,message,evidence,recommended_action
0,duplicate_match,https://developer.sprint.paymentology.com/card-api/secure-cards/,Published WordPress page matched multiple ReadMe candidates: Secure cards,"Multiple ReadMe candidates: docs/card-api/secure-cards-1/index.md, docs/companion-api/secure-cards/index.md",Choose the canonical ReadMe destination and update matching data.
0,duplicate_match,https://developer.sprint.paymentology.com/qr-payments-api/reports/,Published WordPress page matched multiple ReadMe candidates: Reports,"Multiple ReadMe candidates: docs/card-api/reports/index.md, docs/companion-api/reports/index.md",Choose the canonical ReadMe destination and update matching data.
0,missing_asset,docs/card-api/disputes.md,Referenced local asset is missing from the repository.,../../assets/Dispute-Resolution-Form-Fraud.docx,Restore the asset or update the page to a valid asset path.
0,missing_asset,docs/card-api/disputes.md,Referenced local asset is missing from the repository.,../../assets/Dispute-Resolution-Form.docx,Restore the asset or update the page to a valid asset path.
0,missing_asset,docs/card-api/disputes.md,Referenced local asset is missing from the repository.,../../assets/Visa-Generic-Dispute-Form.docx,Restore the asset or update the page to a valid asset path.
0,missing_page,https://developer.sprint.paymentology.com/card-api/,Published WordPress page has no ReadMe match: Card API,"No ReadMe candidate matched URL path, slug, filename, or title.",Create or map the equivalent ReadMe page.
0,missing_page,https://developer.sprint.paymentology.com/chargeback-api/,Published WordPress page has no ReadMe match: Chargeback API,"No ReadMe candidate matched URL path, slug, filename, or title.",Create or map the equivalent ReadMe page.
0,missing_page,https://developer.sprint.paymentology.com/companion-api/,Published WordPress page has no ReadMe match: Companion API,"No ReadMe candidate matched URL path, slug, filename, or title.",Create or map the equivalent ReadMe page.
0,missing_page,https://developer.sprint.paymentology.com/companion-api/api-reference/remote/,Published WordPress page has no ReadMe match: Remote,"No ReadMe candidate matched URL path, slug, filename, or title.",Create or map the equivalent ReadMe page.
0,unmapped_legacy_link,docs/Getting Started/client-testing-guide.md,Legacy WordPress link has no mapped ReadMe target.,https://developer.sprint.paymentology.com/companion-api/api-reference/remote/,Map the target page or keep the link only with an explicit launch waiver.
0,unmapped_legacy_link,docs/Getting Started/client-testing-guide.md,Legacy WordPress link has no mapped ReadMe target.,https://developer.sprint.paymentology.com/card-api/,Map the target page or keep the link only with an explicit launch waiver.
0,unmapped_legacy_link,docs/Getting Started/client-testing-guide.md,Legacy WordPress link has no mapped ReadMe target.,https://developer.sprint.paymentology.com/wp-content/uploads/2022/11/Companion-API-Physical-Card-test-script.xlsx,Map the target page or keep the link only with an explicit launch waiver.
0,unmapped_legacy_link,docs/Getting Started/client-testing-guide.md,Legacy WordPress link has no mapped ReadMe target.,https://developer.sprint.paymentology.com/wp-content/uploads/2022/11/Companion-API-Virtual-Card-test-script.xlsx,Map the target page or keep the link only with an explicit launch waiver.
0,unmapped_legacy_link,docs/Getting Started/client-testing-guide.md,Legacy WordPress link has no mapped ReadMe target.,https://developer.sprint.paymentology.com/wp-content/uploads/2022/11/Card-API-Physical-Card-test-script.xlsx,Map the target page or keep the link only with an explicit launch waiver.
0,unmapped_legacy_link,docs/Getting Started/client-testing-guide.md,Legacy WordPress link has no mapped ReadMe target.,https://developer.sprint.paymentology.com/wp-content/uploads/2022/11/Card-API-Virtual-Card-test-script.xlsx,Map the target page or keep the link only with an explicit launch waiver.
0,unmapped_legacy_link,docs/Getting Started/our-apis.md,Legacy WordPress link has no mapped ReadMe target.,https://developer.sprint.paymentology.com/companion-api/,Map the target page or keep the link only with an explicit launch waiver.
0,unmapped_legacy_link,docs/Getting Started/our-apis.md,Legacy WordPress link has no mapped ReadMe target.,https://developer.sprint.paymentology.com/card-api/,Map the target page or keep the link only with an explicit launch waiver.
0,unmapped_legacy_link,docs/card-api/api-reference-card/index.md,Legacy WordPress link has no mapped ReadMe target.,https://developer.sprint.paymentology.com/card-api/togglevoucherfeature/,Map the target page or keep the link only with an explicit launch waiver.
0,unmapped_legacy_link,docs/card-api/api-reference-card/index.md,Legacy WordPress link has no mapped ReadMe target.,https://developer.sprint.paymentology.com/card-api/transferlink/,Map the target page or keep the link only with an explicit launch waiver.
0,unmapped_legacy_link,docs/card-api/reports/apple-pay-monthly-declines-report.md,Legacy WordPress link has no mapped ReadMe target.,https://developer.sprint.paymentology.com/wp-content/uploads/2024/01/CampaignName_ApplePay-Declines-Report-MONTH-YYYY.xls,Map the target page or keep the link only with an explicit launch waiver.
0,unmapped_legacy_link,docs/card-api/reports/apple-pay-monthly-fee-billing-report.md,Legacy WordPress link has no mapped ReadMe target.,https://developer.sprint.paymentology.com/wp-content/uploads/2023/12/CampaignName_ApplePay-Monthly-Fee-Billing-Report-Month-YYYY.xls,Map the target page or keep the link only with an explicit launch waiver.
0,unmapped_legacy_link,docs/card-api/reports/apple-pay-monthly-metric-report.md,Legacy WordPress link has no mapped ReadMe target.,https://developer.sprint.paymentology.com/wp-content/uploads/2023/12/CampaignName_ApplePay-Monthly-Metric-Report-Month-YYYY.xls,Map the target page or keep the link only with an explicit launch waiver.
0,unmapped_legacy_link,docs/card-api/reports/apple-pay-monthly-top-merchant-report.md,Legacy WordPress link has no mapped ReadMe target.,https://developer.sprint.paymentology.com/wp-content/uploads/2023/12/CampaignName_ApplePay-Top-Merchant-Report-MMM-YYYY.xls,Map the target page or keep the link only with an explicit launch waiver.
0,unmapped_legacy_link,docs/card-api/reports/apple-pay-monthly-usage-frequency-report.md,Legacy WordPress link has no mapped ReadMe target.,https://developer.sprint.paymentology.com/wp-content/uploads/2023/12/CampaignName_ApplePay-Monthly-Frequency-Report-Month-YYYY.xls,Map the target page or keep the link only with an explicit launch waiver.
0,unmapped_legacy_link,docs/card-api/reports/apple-pay-quarterly-fee-billing-report.md,Legacy WordPress link has no mapped ReadMe target.,https://developer.sprint.paymentology.com/wp-content/uploads/2023/12/CampaignName_ApplePay-Quarterly-Fee-Billing-Report-Month-YYYY.xls,Map the target page or keep the link only with an explicit launch waiver.
0,unmapped_legacy_link,docs/card-api/reports/daily-sales-and-redemption-report.md,Legacy WordPress link has no mapped ReadMe target.,https://developer.sprint.paymentology.com/wp-content/uploads/2024/02/CampaignName_DailySalesRedmeptionStatement-YYYY-MM-DD.csv,Map the target page or keep the link only with an explicit launch waiver.
0,unmapped_legacy_link,docs/card-api/reports/daily-statement-report.md,Legacy WordPress link has no mapped ReadMe target.,https://developer.sprint.paymentology.com/wp-content/uploads/2023/12/CampaignName_Statement_YYYYMMDD.csv,Map the target page or keep the link only with an explicit launch waiver.
0,unmapped_legacy_link,docs/card-api/reports/detailed-settlement-report.md,Legacy WordPress link has no mapped ReadMe target.,https://developer.sprint.paymentology.com/wp-content/uploads/2023/12/CampaignNameDailySettlementsYYYYMMDD-1.csv,Map the target page or keep the link only with an explicit launch waiver.
0,unmapped_legacy_link,docs/card-api/reports/detailed-settlement-report.md,Legacy WordPress link has no mapped ReadMe target.,https://developer.sprint.paymentology.com/wp-content/uploads/2023/12/CampaignNameDailySettlementsYYYYMMDD-2.csv,Map the target page or keep the link only with an explicit launch waiver.
0,unmapped_legacy_link,docs/card-api/reports/ecommerce-report.md,Legacy WordPress link has no mapped ReadMe target.,https://developer.sprint.paymentology.com/wp-content/uploads/2023/12/EcommerceTransactions_CampaignName_YYYYMMDD.csv,Map the target page or keep the link only with an explicit launch waiver.
0,unmapped_legacy_link,docs/card-api/reports/failed-transaction-report-2.md,Legacy WordPress link has no mapped ReadMe target.,https://developer.sprint.paymentology.com/wp-content/uploads/2021/04/Failed-transaction-report-code-descriptions.xlsx,Map the target page or keep the link only with an explicit launch waiver.
0,unmapped_legacy_link,docs/card-api/reports/failed-transaction-report-2.md,Legacy WordPress link has no mapped ReadMe target.,https://developer.sprint.paymentology.com/wp-content/uploads/2023/12/CampaignName_DailyAuthFailure_YYYYMMDD.csv,Map the target page or keep the link only with an explicit launch waiver.
0,unmapped_legacy_link,docs/card-api/reports/failed-transaction-report-2.md,Legacy WordPress link has no mapped ReadMe target.,https://developer.sprint.paymentology.com/wp-content/uploads/2024/10/CampaignName_DailyAuthFailure_YYYYMMDD-.csv,Map the target page or keep the link only with an explicit launch waiver.
0,unmapped_legacy_link,docs/card-api/reports/forex-gains-report-2.md,Legacy WordPress link has no mapped ReadMe target.,https://developer.sprint.paymentology.com/wp-content/uploads/2023/12/DailyForexReport_CAMIDNNN_YYYY_MM_DD.xls,Map the target page or keep the link only with an explicit launch waiver.
0,unmapped_legacy_link,docs/card-api/reports/inactive-cards-report.md,Legacy WordPress link has no mapped ReadMe target.,https://developer.sprint.paymentology.com/wp-content/uploads/2023/12/InactiveCards_CampaignName_YYYY-MM-DD-YYYY-MM-DD.csv,Map the target page or keep the link only with an explicit launch waiver.
0,unmapped_legacy_link,docs/card-api/reports/qmr-data-report.md,Legacy WordPress link has no mapped ReadMe target.,https://developer.sprint.paymentology.com/wp-content/uploads/2025/01/QMR_BIN_ClientName_YYYYQQ.xls,Map the target page or keep the link only with an explicit launch waiver.
0,unmapped_legacy_link,docs/card-api/reports/vau-transaction-report.md,Legacy WordPress link has no mapped ReadMe target.,https://developer.sprint.paymentology.com/wp-content/uploads/2024/02/VAUtransactionsReportClientName_YYYY-MM-DD.csv,Map the target page or keep the link only with an explicit launch waiver.
0,unmapped_legacy_link,docs/companion-api/api-reference-companion/index.md,Legacy WordPress link has no mapped ReadMe target.,https://developer.sprint.paymentology.com/companion-api/api-reference/remote/,Map the target page or keep the link only with an explicit launch waiver.
0,unmapped_legacy_link,docs/companion-api/api-reference-companion/local-api/index.md,Legacy WordPress link has no mapped ReadMe target.,https://developer.sprint.paymentology.com/generatetimebasedsecret-2/,Map the target page or keep the link only with an explicit launch waiver.
0,unmapped_legacy_link,docs/companion-api/api-reference-companion/local-api/index.md,Legacy WordPress link has no mapped ReadMe target.,https://developer.sprint.paymentology.com/companion-api/api-reference/local-api/getalllinkedcards/,Map the target page or keep the link only with an explicit launch waiver.
0,unmapped_legacy_link,docs/companion-api/api-reference-companion/remote/balance.md,Legacy WordPress link has no mapped ReadMe target.,https://developer.sprint.paymentology.com/companion-api/api-reference/remote/,Map the target page or keep the link only with an explicit launch waiver.
0,unmapped_legacy_link,docs/companion-api/api-reference-companion/remote/brazilianinstallmentsettled.md,Legacy WordPress link has no mapped ReadMe target.,https://developer.sprint.paymentology.com/companion-api/api-reference/remote/,Map the target page or keep the link only with an explicit launch waiver.
0,unmapped_legacy_link,docs/companion-api/api-reference-companion/remote/deduct.md,Legacy WordPress link has no mapped ReadMe target.,https://developer.sprint.paymentology.com/companion-api/api-reference/remote/,Map the target page or keep the link only with an explicit launch waiver.
0,unmapped_legacy_link,docs/companion-api/api-reference-companion/remote/deductadjustment.md,Legacy WordPress link has no mapped ReadMe target.,https://developer.sprint.paymentology.com/companion-api/api-reference/remote/,Map the target page or keep the link only with an explicit launch waiver.
0,unmapped_legacy_link,docs/companion-api/api-reference-companion/remote/deductreversal.md,Legacy WordPress link has no mapped ReadMe target.,https://developer.sprint.paymentology.com/companion-api/api-reference/remote/,Map the target page or keep the link only with an explicit launch waiver.
0,unmapped_legacy_link,docs/companion-api/api-reference-companion/remote/loadadjustment.md,Legacy WordPress link has no mapped ReadMe target.,https://developer.sprint.paymentology.com/companion-api/api-reference/remote/,Map the target page or keep the link only with an explicit launch waiver.
0,unmapped_legacy_link,docs/companion-api/api-reference-companion/remote/loadauth.md,Legacy WordPress link has no mapped ReadMe target.,https://developer.sprint.paymentology.com/companion-api/api-reference/remote/,Map the target page or keep the link only with an explicit launch waiver.
0,unmapped_legacy_link,docs/companion-api/api-reference-companion/remote/loadauthreversal.md,Legacy WordPress link has no mapped ReadMe target.,https://developer.sprint.paymentology.com/companion-api/api-reference/remote/,Map the target page or keep the link only with an explicit launch waiver.
0,unmapped_legacy_link,docs/companion-api/api-reference-companion/remote/loadreversal.md,Legacy WordPress link has no mapped ReadMe target.,https://developer.sprint.paymentology.com/companion-api/api-reference/remote/,Map the target page or keep the link only with an explicit launch waiver.
0,unmapped_legacy_link,docs/companion-api/api-reference-companion/remote/mexicaninstallmentsettled.md,Legacy WordPress link has no mapped ReadMe target.,https://developer.sprint.paymentology.com/companion-api/api-reference/remote/,Map the target page or keep the link only with an explicit launch waiver.
0,unmapped_legacy_link,docs/companion-api/api-reference-companion/remote/stop.md,Legacy WordPress link has no mapped ReadMe target.,https://developer.sprint.paymentology.com/companion-api/api-reference/remote/,Map the target page or keep the link only with an explicit launch waiver.
0,unmapped_legacy_link,docs/companion-api/api-reference-companion/remote/validatepin.md,Legacy WordPress link has no mapped ReadMe target.,https://developer.sprint.paymentology.com/companion-api/api-reference/remote/,Map the target page or keep the link only with an explicit launch waiver.
0,unmapped_legacy_link,docs/companion-api/messages.md,Legacy WordPress link has no mapped ReadMe target.,https://developer.sprint.paymentology.com/companion-api/api-reference/remote/#AdminsitrativeMessage3DSecureOTP,Map the target page or keep the link only with an explicit launch waiver.
0,unmapped_legacy_link,docs/companion-api/messages.md,Legacy WordPress link has no mapped ReadMe target.,https://developer.sprint.paymentology.com/companion-api/api-reference/remote/#AdministrativeMessage,Map the target page or keep the link only with an explicit launch waiver.
0,unmapped_legacy_link,docs/companion-api/reports/apple-pay-monthly-declines-report-1.md,Legacy WordPress link has no mapped ReadMe target.,https://developer.sprint.paymentology.com/wp-content/uploads/2024/01/CampaignName_ApplePay-Declines-Report-MONTH-YYYY.xls,Map the target page or keep the link only with an explicit launch waiver.
0,unmapped_legacy_link,docs/companion-api/reports/apple-pay-monthly-fee-billing-report-1.md,Legacy WordPress link has no mapped ReadMe target.,https://developer.sprint.paymentology.com/wp-content/uploads/2023/12/CampaignName_ApplePay-Monthly-Fee-Billing-Report-Month-YYYY.xls,Map the target page or keep the link only with an explicit launch waiver.
0,unmapped_legacy_link,docs/companion-api/reports/apple-pay-monthly-metric-report-1.md,Legacy WordPress link has no mapped ReadMe target.,https://developer.sprint.paymentology.com/wp-content/uploads/2023/12/CampaignName_ApplePay-Monthly-Metric-Report-Month-YYYY.xls,Map the target page or keep the link only with an explicit launch waiver.
0,unmapped_legacy_link,docs/companion-api/reports/apple-pay-monthly-top-merchant-report-1.md,Legacy WordPress link has no mapped ReadMe target.,https://developer.sprint.paymentology.com/wp-content/uploads/2023/12/CampaignName_ApplePay-Top-Merchant-Report-MMM-YYYY.xls,Map the target page or keep the link only with an explicit launch waiver.
0,unmapped_legacy_link,docs/companion-api/reports/apple-pay-quarterly-fee-billing-report-1.md,Legacy WordPress link has no mapped ReadMe target.,https://developer.sprint.paymentology.com/wp-content/uploads/2023/12/CampaignName_ApplePay-Quarterly-Fee-Billing-Report-Month-YYYY.xls,Map the target page or keep the link only with an explicit launch waiver.
0,unmapped_legacy_link,docs/companion-api/reports/authorisation-income-report-1.md,Legacy WordPress link has no mapped ReadMe target.,https://developer.sprint.paymentology.com/wp-content/uploads/2023/12/CampaignName_authorisationincomereport_YYYY_MM_DD.csv,Map the target page or keep the link only with an explicit launch waiver.
0,unmapped_legacy_link,docs/companion-api/reports/blocked-transactions-report-1.md,Legacy WordPress link has no mapped ReadMe target.,https://developer.sprint.paymentology.com/wp-content/uploads/2024/02/CampaignName-Blocked-Transactions-231015-231022.xls,Map the target page or keep the link only with an explicit launch waiver.
0,unmapped_legacy_link,docs/companion-api/reports/card-balance-report-1.md,Legacy WordPress link has no mapped ReadMe target.,https://developer.sprint.paymentology.com/wp-content/uploads/2023/12/CampaignName_cardbalances_YYYY_MM_DD.csv,Map the target page or keep the link only with an explicit launch waiver.
0,unmapped_legacy_link,docs/companion-api/reports/card-order-report.md,Legacy WordPress link has no mapped ReadMe target.,https://developer.sprint.paymentology.com/wp-content/uploads/2023/12/CampaignName_PanDetails_YYYYMMDD.csv,Map the target page or keep the link only with an explicit launch waiver.
0,unmapped_legacy_link,docs/companion-api/reports/daily-negative-balance-report-1.md,Legacy WordPress link has no mapped ReadMe target.,https://developer.sprint.paymentology.com/wp-content/uploads/2024/10/DailyNegativeBalanceReportOnChargebackQueue_CampaignName_YYYYMMDD.csv,Map the target page or keep the link only with an explicit launch waiver.
0,unmapped_legacy_link,docs/companion-api/reports/daily-sales-and-redemption-report-1.md,Legacy WordPress link has no mapped ReadMe target.,https://developer.sprint.paymentology.com/wp-content/uploads/2024/02/CampaignName_DailySalesRedmeptionStatement-YYYY-MM-DD.csv,Map the target page or keep the link only with an explicit launch waiver.
0,unmapped_legacy_link,docs/companion-api/reports/daily-statement-report-1.md,Legacy WordPress link has no mapped ReadMe target.,https://developer.sprint.paymentology.com/wp-content/uploads/2023/12/CampaignName_Statement_YYYYMMDD.csv,Map the target page or keep the link only with an explicit launch waiver.
0,unmapped_legacy_link,docs/companion-api/reports/detailed-settlement-report-1.md,Legacy WordPress link has no mapped ReadMe target.,https://developer.sprint.paymentology.com/wp-content/uploads/2024/02/CampaignNameDailySettlementsYYYYMMDD.csv,Map the target page or keep the link only with an explicit launch waiver.
0,unmapped_legacy_link,docs/companion-api/reports/ecommerce-report-1.md,Legacy WordPress link has no mapped ReadMe target.,https://developer.sprint.paymentology.com/wp-content/uploads/2023/12/EcommerceTransactions_CampaignName_YYYYMMDD.csv,Map the target page or keep the link only with an explicit launch waiver.
0,unmapped_legacy_link,docs/companion-api/reports/failed-transaction-report.md,Legacy WordPress link has no mapped ReadMe target.,https://developer.sprint.paymentology.com/wp-content/uploads/2021/04/Failed-transaction-report-code-descriptions.xlsx,Map the target page or keep the link only with an explicit launch waiver.
0,unmapped_legacy_link,docs/companion-api/reports/failed-transaction-report.md,Legacy WordPress link has no mapped ReadMe target.,https://developer.sprint.paymentology.com/wp-content/uploads/2023/12/CampaignName_DailyAuthFailure_YYYYMMDD.csv,Map the target page or keep the link only with an explicit launch waiver.
0,unmapped_legacy_link,docs/companion-api/reports/failed-transaction-report.md,Legacy WordPress link has no mapped ReadMe target.,https://developer.sprint.paymentology.com/wp-content/uploads/2025/05/CampaignName_DailyAuthFailure_YYYYMMDD-V2.csv,Map the target page or keep the link only with an explicit launch waiver.
0,unmapped_legacy_link,docs/companion-api/reports/forex-gains-report.md,Legacy WordPress link has no mapped ReadMe target.,https://developer.sprint.paymentology.com/wp-content/uploads/2023/12/DailyForexReport_CAMID_YYYY_MM_DD.xls,Map the target page or keep the link only with an explicit launch waiver.
0,unmapped_legacy_link,docs/companion-api/reports/google-pay-monthly-report-1.md,Legacy WordPress link has no mapped ReadMe target.,https://developer.sprint.paymentology.com/wp-content/uploads/2023/12/CampaignNamegooglepaymonthlyreportMMM-YYYY.csv,Map the target page or keep the link only with an explicit launch waiver.
0,unmapped_legacy_link,docs/companion-api/reports/inactive-cards-report-1.md,Legacy WordPress link has no mapped ReadMe target.,https://developer.sprint.paymentology.com/wp-content/uploads/2023/12/InactiveCards_CampaignName_YYYY-MM-DD-YYYY-MM-DD.csv,Map the target page or keep the link only with an explicit launch waiver.
0,unmapped_legacy_link,docs/companion-api/reports/linked-cards-report-1.md,Legacy WordPress link has no mapped ReadMe target.,https://developer.sprint.paymentology.com/wp-content/uploads/2023/12/CampaignName_Linked_Cards_YYYYMMDD.csv,Map the target page or keep the link only with an explicit launch waiver.
0,unmapped_legacy_link,docs/companion-api/reports/mark-off-file-1.md,Legacy WordPress link has no mapped ReadMe target.,https://developer.sprint.paymentology.com/wp-content/uploads/2024/02/CampaignName_MarkOffFile_GMT_plus_3_00h00_YYYYMMDD.csv,Map the target page or keep the link only with an explicit launch waiver.
0,unmapped_legacy_link,docs/companion-api/reports/qmr-data-report-1.md,Legacy WordPress link has no mapped ReadMe target.,https://developer.sprint.paymentology.com/wp-content/uploads/2025/01/QMR_BIN_ClientName_YYYYQQ.xls,Map the target page or keep the link only with an explicit launch waiver.
0,unmapped_legacy_link,docs/companion-api/reports/summary-settlement-report.md,Legacy WordPress link has no mapped ReadMe target.,https://developer.sprint.paymentology.com/wp-content/uploads/2023/12/Daily_Settlement_Report_ICA_YYYY_MM_DD.xls,Map the target page or keep the link only with an explicit launch waiver.
0,unmapped_legacy_link,docs/companion-api/reports/unsettled-transactions-report-2.md,Legacy WordPress link has no mapped ReadMe target.,https://developer.sprint.paymentology.com/wp-content/uploads/2023/12/CampaignName_UnsettledTransactionReport_YYYYMMDD.csv,Map the target page or keep the link only with an explicit launch waiver.
0,unmapped_legacy_link,docs/companion-api/reports/unsettled-transactions-report-2.md,Legacy WordPress link has no mapped ReadMe target.,https://developer.sprint.paymentology.com/wp-content/uploads/2024/01/CampaignName_UnsettledTransactionReport_YYYYMMDD-V2sample.csv,Map the target page or keep the link only with an explicit launch waiver.
0,unmapped_legacy_link,docs/companion-api/reports/vau-transaction-report-1.md,Legacy WordPress link has no mapped ReadMe target.,https://developer.sprint.paymentology.com/wp-content/uploads/2024/02/VAUtransactionsReportClientName_YYYY-MM-DD.csv,Map the target page or keep the link only with an explicit launch waiver.
0,unmapped_legacy_link,docs/companion-api/tokenization2/token-provisioning.md,Legacy WordPress link has no mapped ReadMe target.,https://developer.sprint.paymentology.com/companion-api/api-reference/remote/#AdministrativeMessage,Map the target page or keep the link only with an explicit launch waiver.
0,unmapped_legacy_link,docs/documentation/administrativemessage3dsecureotp.md,Legacy WordPress link has no mapped ReadMe target.,https://developer.sprint.paymentology.com/companion-api/api-reference/remote/,Map the target page or keep the link only with an explicit launch waiver.
0,unmapped_legacy_link,docs/documentation/privacy-policy.md,Legacy WordPress link has no mapped ReadMe target.,https://developer.sprint.paymentology.com,Map the target page or keep the link only with an explicit launch waiver.
0,unmapped_legacy_link,docs/qr-payments-api/api-reference-qr/appendix-1.md,Legacy WordPress link has no mapped ReadMe target.,https://developer.sprint.paymentology.com/mpqr/documentation/http://xmlrpc.scripting.com/spec,Map the target page or keep the link only with an explicit launch waiver.
0,unmapped_legacy_link,docs/tools/checksum-generator/index.md,Legacy WordPress link has no mapped ReadMe target.,https://developer.sprint.paymentology.com/tools/checksum/checksumhelp,Map the target page or keep the link only with an explicit launch waiver.
0,unmapped_legacy_link,docs/tools/xml-generator/help-2.md,Legacy WordPress link has no mapped ReadMe target.,https://developer.sprint.paymentology.com/tools/xml-poster-generator/,Map the target page or keep the link only with an explicit launch waiver.
0,unmapped_legacy_link,docs/tools/xml-generator/index.md,Legacy WordPress link has no mapped ReadMe target.,https://developer.sprint.paymentology.com/tools/xmlrpcexamples/xmlrpcexampleshelp,Map the target page or keep the link only with an explicit launch waiver.
1,icon_token,docs/companion-api/overview.md,ReadMe page contains unresolved icon token text.,ICON_URL,Replace with a real asset reference or remove the broken visual token.
1,image_token,docs/companion-api/overview.md,ReadMe page contains a literal image token line.,image.,Replace with the intended image or remove the orphaned text.
1,low_confidence_match,https://developer.sprint.paymentology.com/,Published WordPress page matched with low confidence: Home,title confidence 0.75,Review the match and confirm or remap the destination.
1,low_confidence_match,https://developer.sprint.paymentology.com/administrativemessage3dsecureotp/,Published WordPress page matched with low confidence: AdministrativeMessage3DSecureOTP,title confidence 0.75,Review the match and confirm or remap the destination.
1,low_confidence_match,https://developer.sprint.paymentology.com/api-reference-sample/,Published WordPress page matched with low confidence: API Reference Sample,title confidence 0.75,Review the match and confirm or remap the destination.
1,low_confidence_match,https://developer.sprint.paymentology.com/card-api/api-reference/,Published WordPress page matched with low confidence: Card API REFERENCE,title confidence 0.75,Review the match and confirm or remap the destination.
1,low_confidence_match,https://developer.sprint.paymentology.com/card-api/api-reference/addcardtag/,Published WordPress page matched with low confidence: AddCardTag,title confidence 0.75,Review the match and confirm or remap the destination.
1,low_confidence_match,https://developer.sprint.paymentology.com/card-api/api-reference/addpocket/,Published WordPress page matched with low confidence: AddPocket,title confidence 0.75,Review the match and confirm or remap the destination.
1,low_confidence_match,https://developer.sprint.paymentology.com/card-api/api-reference/bearerdetail/,Published WordPress page matched with low confidence: BearerDetail,title confidence 0.75,Review the match and confirm or remap the destination.
1,low_confidence_match,https://developer.sprint.paymentology.com/card-api/api-reference/createvirtualcardwithload/,Published WordPress page matched with low confidence: CreateVirtualCardWithLoad,title confidence 0.75,Review the match and confirm or remap the destination.
1,low_confidence_match,https://developer.sprint.paymentology.com/card-api/api-reference/deductfunds/,Published WordPress page matched with low confidence: DeductFunds,title confidence 0.75,Review the match and confirm or remap the destination.
1,low_confidence_match,https://developer.sprint.paymentology.com/card-api/api-reference/deductfundsreverse/,Published WordPress page matched with low confidence: DeductFundsReverse,title confidence 0.75,Review the match and confirm or remap the destination.
1,low_confidence_match,https://developer.sprint.paymentology.com/card-api/api-reference/devalue/,Published WordPress page matched with low confidence: Devalue,title confidence 0.75,Review the match and confirm or remap the destination.
1,low_confidence_match,https://developer.sprint.paymentology.com/card-api/api-reference/devaluereverse/,Published WordPress page matched with low confidence: DevalueReverse,title confidence 0.75,Review the match and confirm or remap the destination.
1,low_confidence_match,https://developer.sprint.paymentology.com/card-api/api-reference/listcards/,Published WordPress page matched with low confidence: ListCards,title confidence 0.75,Review the match and confirm or remap the destination.
1,low_confidence_match,https://developer.sprint.paymentology.com/card-api/api-reference/loadfunds/,Published WordPress page matched with low confidence: LoadFunds,title confidence 0.75,Review the match and confirm or remap the destination.
1,low_confidence_match,https://developer.sprint.paymentology.com/card-api/api-reference/loadfundsreverse/,Published WordPress page matched with low confidence: LoadFundsReverse,title confidence 0.75,Review the match and confirm or remap the destination.
1,low_confidence_match,https://developer.sprint.paymentology.com/card-api/api-reference/mostrecenttransactions/,Published WordPress page matched with low confidence: MostRecentTransactions,title confidence 0.75,Review the match and confirm or remap the destination.
1,low_confidence_match,https://developer.sprint.paymentology.com/card-api/api-reference/pockettransfer/,Published WordPress page matched with low confidence: PocketTransfer,title confidence 0.75,Review the match and confirm or remap the destination.
1,low_confidence_match,https://developer.sprint.paymentology.com/card-api/api-reference/pockettransferreverse/,Published WordPress page matched with low confidence: PocketTransferReverse,title confidence 0.75,Review the match and confirm or remap the destination.
1,low_confidence_match,https://developer.sprint.paymentology.com/card-api/api-reference/setbearerdetail/,Published WordPress page matched with low confidence: SetBearerDetail,title confidence 0.75,Review the match and confirm or remap the destination.
1,low_confidence_match,https://developer.sprint.paymentology.com/card-api/api-reference/transferfundsreverse/,Published WordPress page matched with low confidence: TransferFundsReverse,title confidence 0.75,Review the match and confirm or remap the destination.
1,low_confidence_match,https://developer.sprint.paymentology.com/card-api/api-reference/updatecardexpirydate/,Published WordPress page matched with low confidence: UpdateCardExpiryDate,title confidence 0.75,Review the match and confirm or remap the destination.
1,low_confidence_match,https://developer.sprint.paymentology.com/card-api/api-reference/updatecardlabel/,Published WordPress page matched with low confidence: UpdateCardLabel,title confidence 0.75,Review the match and confirm or remap the destination.
1,low_confidence_match,https://developer.sprint.paymentology.com/companion-api/api-reference/,Published WordPress page matched with low confidence: API REFERENCE,title confidence 0.75,Review the match and confirm or remap the destination.
1,low_confidence_match,https://developer.sprint.paymentology.com/companion-api/api-reference/local-api/,Published WordPress page matched with low confidence: Local API,title confidence 0.75,Review the match and confirm or remap the destination.
1,low_confidence_match,https://developer.sprint.paymentology.com/companion-api/api-reference/local-api/activatecard/,Published WordPress page matched with low confidence: ActivateCard,title confidence 0.75,Review the match and confirm or remap the destination.
1,low_confidence_match,https://developer.sprint.paymentology.com/companion-api/api-reference/local-api/createlinkedcard/,Published WordPress page matched with low confidence: CreateLinkedCard,title confidence 0.75,Review the match and confirm or remap the destination.
1,low_confidence_match,https://developer.sprint.paymentology.com/companion-api/api-reference/local-api/createlinkedcardmaskedresponse/,Published WordPress page matched with low confidence: CreateLinkedCardMaskedResponse,title confidence 0.75,Review the match and confirm or remap the destination.
1,low_confidence_match,https://developer.sprint.paymentology.com/companion-api/api-reference/local-api/getactivelinkedcards/,Published WordPress page matched with low confidence: GetActiveLinkedCards,title confidence 0.75,Review the match and confirm or remap the destination.
1,low_confidence_match,https://developer.sprint.paymentology.com/companion-api/api-reference/local-api/getcarddetails/,Published WordPress page matched with low confidence: GetCardDetails,title confidence 0.75,Review the match and confirm or remap the destination.
1,low_confidence_match,https://developer.sprint.paymentology.com/companion-api/api-reference/local-api/getlinkedcards/,Published WordPress page matched with low confidence: GetLinkedCards,title confidence 0.75,Review the match and confirm or remap the destination.
1,low_confidence_match,https://developer.sprint.paymentology.com/companion-api/api-reference/local-api/printlinkedcard/,Published WordPress page matched with low confidence: PrintLinkedCard,title confidence 0.75,Review the match and confirm or remap the destination.
1,low_confidence_match,https://developer.sprint.paymentology.com/companion-api/api-reference/local-api/printlinkedcardwithpinblock/,Published WordPress page matched with low confidence: PrintLinkedCardWithPINBlock,title confidence 0.75,Review the match and confirm or remap the destination.
1,low_confidence_match,https://developer.sprint.paymentology.com/companion-api/api-reference/remote/administrativemessage/,Published WordPress page matched with low confidence: AdministrativeMessage,title confidence 0.75,Review the match and confirm or remap the destination.
1,low_confidence_match,https://developer.sprint.paymentology.com/companion-api/api-reference/remote/administrativemessage/administrative-message-values/,Published WordPress page matched with low confidence: Administrative message values,title confidence 0.75,Review the match and confirm or remap the destination.
1,low_confidence_match,https://developer.sprint.paymentology.com/companion-api/api-reference/remote/brazilianinstallmentsettled/,Published WordPress page matched with low confidence: BrazilianInstallmentSettled,title confidence 0.75,Review the match and confirm or remap the destination.
1,low_confidence_match,https://developer.sprint.paymentology.com/companion-api/api-reference/remote/deduct/,Published WordPress page matched with low confidence: Deduct,title confidence 0.75,Review the match and confirm or remap the destination.
1,low_confidence_match,https://developer.sprint.paymentology.com/companion-api/api-reference/remote/deductadjustment/,Published WordPress page matched with low confidence: DeductAdjustment,title confidence 0.75,Review the match and confirm or remap the destination.
1,low_confidence_match,https://developer.sprint.paymentology.com/companion-api/api-reference/remote/deductreversal/,Published WordPress page matched with low confidence: DeductReversal,title confidence 0.75,Review the match and confirm or remap the destination.
1,low_confidence_match,https://developer.sprint.paymentology.com/companion-api/api-reference/remote/loadadjustment/,Published WordPress page matched with low confidence: LoadAdjustment,title confidence 0.75,Review the match and confirm or remap the destination.
1,low_confidence_match,https://developer.sprint.paymentology.com/companion-api/api-reference/remote/loadauth/,Published WordPress page matched with low confidence: LoadAuth,title confidence 0.75,Review the match and confirm or remap the destination.
1,low_confidence_match,https://developer.sprint.paymentology.com/companion-api/api-reference/remote/loadauthreversal/,Published WordPress page matched with low confidence: LoadAuthReversal,title confidence 0.75,Review the match and confirm or remap the destination.
1,low_confidence_match,https://developer.sprint.paymentology.com/companion-api/api-reference/remote/loadreversal/,Published WordPress page matched with low confidence: LoadReversal,title confidence 0.75,Review the match and confirm or remap the destination.
1,low_confidence_match,https://developer.sprint.paymentology.com/companion-api/api-reference/remote/mexicaninstallmentsettled/,Published WordPress page matched with low confidence: MexicanInstallmentSettled,title confidence 0.75,Review the match and confirm or remap the destination.
1,low_confidence_match,https://developer.sprint.paymentology.com/companion-api/api-reference/remote/stop/,Published WordPress page matched with low confidence: Stop,title confidence 0.75,Review the match and confirm or remap the destination.
1,low_confidence_match,https://developer.sprint.paymentology.com/companion-api/api-reference/remote/validatepin/,Published WordPress page matched with low confidence: ValidatePIN,title confidence 0.75,Review the match and confirm or remap the destination.
1,low_confidence_match,https://developer.sprint.paymentology.com/contact-us/,Published WordPress page matched with low confidence: Contact us,title confidence 0.75,Review the match and confirm or remap the destination.
1,low_confidence_match,https://developer.sprint.paymentology.com/get-started/,Published WordPress page matched with low confidence: Get Started,title confidence 0.75,Review the match and confirm or remap the destination.
1,low_confidence_match,https://developer.sprint.paymentology.com/get-started/ask-ai/,Published WordPress page matched with low confidence: Ask AI,title confidence 0.75,Review the match and confirm or remap the destination.
1,low_confidence_match,https://developer.sprint.paymentology.com/get-started/client-card-program/,Published WordPress page matched with low confidence: Client Card Program,title confidence 0.75,Review the match and confirm or remap the destination.
1,low_confidence_match,https://developer.sprint.paymentology.com/get-started/client-testing-guide/,Published WordPress page matched with low confidence: Client Testing Guide,title confidence 0.75,Review the match and confirm or remap the destination.
1,low_confidence_match,https://developer.sprint.paymentology.com/get-started/glossary/,Published WordPress page matched with low confidence: Glossary,title confidence 0.75,Review the match and confirm or remap the destination.
1,low_confidence_match,https://developer.sprint.paymentology.com/get-started/our-apis/,Published WordPress page matched with low confidence: Our APIs,title confidence 0.75,Review the match and confirm or remap the destination.
1,low_confidence_match,https://developer.sprint.paymentology.com/get-started/security/,Published WordPress page matched with low confidence: Security,title confidence 0.75,Review the match and confirm or remap the destination.
1,low_confidence_match,https://developer.sprint.paymentology.com/how_payments_work/,Published WordPress page matched with low confidence: How Payments Work,title confidence 0.75,Review the match and confirm or remap the destination.
1,low_confidence_match,https://developer.sprint.paymentology.com/login/,Published WordPress page matched with low confidence: Login,title confidence 0.75,Review the match and confirm or remap the destination.
1,low_confidence_match,https://developer.sprint.paymentology.com/notifications/,Published WordPress page matched with low confidence: Notifications,title confidence 0.75,Review the match and confirm or remap the destination.
1,low_confidence_match,https://developer.sprint.paymentology.com/privacy-policy/,Published WordPress page matched with low confidence: Privacy Policy,title confidence 0.75,Review the match and confirm or remap the destination.
1,low_confidence_match,https://developer.sprint.paymentology.com/qr-payments-api/api-reference/,Published WordPress page matched with low confidence: API REFERENCE,title confidence 0.75,Review the match and confirm or remap the destination.
1,low_confidence_match,https://developer.sprint.paymentology.com/qr-payments-api/api-reference/originating-institution/,Published WordPress page matched with low confidence: Originating Institution,title confidence 0.75,Review the match and confirm or remap the destination.
1,low_confidence_match,https://developer.sprint.paymentology.com/qr-payments-api/api-reference/receiving-institution-remote/,Published WordPress page matched with low confidence: Receiving Institution (Remote),title confidence 0.75,Review the match and confirm or remap the destination.
1,low_confidence_match,https://developer.sprint.paymentology.com/qr-payments-api/api-reference/receiving-institution/,Published WordPress page matched with low confidence: Receiving Institution,title confidence 0.75,Review the match and confirm or remap the destination.
1,low_confidence_match,https://developer.sprint.paymentology.com/reset/,Published WordPress page matched with low confidence: Reset,title confidence 0.75,Review the match and confirm or remap the destination.
1,malformed_code_fence,docs/card-api/api-reference-card/activatetoken.md,ReadMe page contains adjacent malformed code fences.,"```,```",Split the fences into valid Markdown code blocks after checking rendered examples.
1,malformed_code_fence,docs/card-api/api-reference-card/addcardtag.md,ReadMe page contains adjacent malformed code fences.,"```,```",Split the fences into valid Markdown code blocks after checking rendered examples.
1,malformed_code_fence,docs/card-api/api-reference-card/addpocket.md,ReadMe page contains adjacent malformed code fences.,"```,```",Split the fences into valid Markdown code blocks after checking rendered examples.
1,malformed_code_fence,docs/card-api/api-reference-card/bearerdetail.md,ReadMe page contains adjacent malformed code fences.,"```,```",Split the fences into valid Markdown code blocks after checking rendered examples.
1,malformed_code_fence,docs/card-api/api-reference-card/calculatetav.md,ReadMe page contains adjacent malformed code fences.,"```,```",Split the fences into valid Markdown code blocks after checking rendered examples.
1,malformed_code_fence,docs/card-api/api-reference-card/carddetail.md,ReadMe page contains adjacent malformed code fences.,"```,```",Split the fences into valid Markdown code blocks after checking rendered examples.
1,malformed_code_fence,docs/card-api/api-reference-card/changepin.md,ReadMe page contains adjacent malformed code fences.,"```,```",Split the fences into valid Markdown code blocks after checking rendered examples.
1,malformed_code_fence,docs/card-api/api-reference-card/createvirtualcard.md,ReadMe page contains adjacent malformed code fences.,"```,```",Split the fences into valid Markdown code blocks after checking rendered examples.
1,malformed_code_fence,docs/card-api/api-reference-card/deductfunds.md,ReadMe page contains adjacent malformed code fences.,"```,```",Split the fences into valid Markdown code blocks after checking rendered examples.
1,malformed_code_fence,docs/card-api/api-reference-card/deductfundsreverse.md,ReadMe page contains adjacent malformed code fences.,"```,```",Split the fences into valid Markdown code blocks after checking rendered examples.
1,malformed_code_fence,docs/card-api/api-reference-card/deletetoken-2.md,ReadMe page contains adjacent malformed code fences.,"```,```",Split the fences into valid Markdown code blocks after checking rendered examples.
1,malformed_code_fence,docs/card-api/api-reference-card/devalue.md,ReadMe page contains adjacent malformed code fences.,"```,```",Split the fences into valid Markdown code blocks after checking rendered examples.
1,malformed_code_fence,docs/card-api/api-reference-card/devaluereverse.md,ReadMe page contains adjacent malformed code fences.,"```,```",Split the fences into valid Markdown code blocks after checking rendered examples.
1,malformed_code_fence,docs/card-api/api-reference-card/inserttransactionfee.md,ReadMe page contains adjacent malformed code fences.,"```,```",Split the fences into valid Markdown code blocks after checking rendered examples.
1,malformed_code_fence,docs/card-api/api-reference-card/linkcard.md,ReadMe page contains adjacent malformed code fences.,"```,```",Split the fences into valid Markdown code blocks after checking rendered examples.
1,malformed_code_fence,docs/card-api/api-reference-card/listalltokens.md,ReadMe page contains adjacent malformed code fences.,"```,```",Split the fences into valid Markdown code blocks after checking rendered examples.
1,malformed_code_fence,docs/card-api/api-reference-card/listcards.md,ReadMe page contains adjacent malformed code fences.,"```,```",Split the fences into valid Markdown code blocks after checking rendered examples.
1,malformed_code_fence,docs/card-api/api-reference-card/listtokens.md,ReadMe page contains adjacent malformed code fences.,"```,```",Split the fences into valid Markdown code blocks after checking rendered examples.
1,malformed_code_fence,docs/card-api/api-reference-card/loadfunds.md,ReadMe page contains adjacent malformed code fences.,"```,```",Split the fences into valid Markdown code blocks after checking rendered examples.
1,malformed_code_fence,docs/card-api/api-reference-card/loadfundsreverse.md,ReadMe page contains adjacent malformed code fences.,"```,```",Split the fences into valid Markdown code blocks after checking rendered examples.
1,malformed_code_fence,docs/card-api/api-reference-card/mostrecenttransactions.md,ReadMe page contains adjacent malformed code fences.,"```,```",Split the fences into valid Markdown code blocks after checking rendered examples.
1,malformed_code_fence,docs/card-api/api-reference-card/ordercard.md,ReadMe page contains adjacent malformed code fences.,"```,```",Split the fences into valid Markdown code blocks after checking rendered examples.
1,malformed_code_fence,docs/card-api/api-reference-card/pockettransfer.md,ReadMe page contains adjacent malformed code fences.,"```,```",Split the fences into valid Markdown code blocks after checking rendered examples.
1,malformed_code_fence,docs/card-api/api-reference-card/pockettransferreverse.md,ReadMe page contains adjacent malformed code fences.,"```,```",Split the fences into valid Markdown code blocks after checking rendered examples.
1,malformed_code_fence,docs/card-api/api-reference-card/retirecard.md,ReadMe page contains adjacent malformed code fences.,"```,```",Split the fences into valid Markdown code blocks after checking rendered examples.
1,malformed_code_fence,docs/card-api/api-reference-card/set3dsecurecode.md,ReadMe page contains adjacent malformed code fences.,"```,```",Split the fences into valid Markdown code blocks after checking rendered examples.
1,malformed_code_fence,docs/card-api/api-reference-card/setbearerdetail.md,ReadMe page contains adjacent malformed code fences.,"```,```",Split the fences into valid Markdown code blocks after checking rendered examples.
1,malformed_code_fence,docs/card-api/api-reference-card/stopcard.md,ReadMe page contains adjacent malformed code fences.,"```,```",Split the fences into valid Markdown code blocks after checking rendered examples.
1,malformed_code_fence,docs/card-api/api-reference-card/stoptoken.md,ReadMe page contains adjacent malformed code fences.,"```,```",Split the fences into valid Markdown code blocks after checking rendered examples.
1,malformed_code_fence,docs/card-api/api-reference-card/togglevoucherfeature.md,ReadMe page contains adjacent malformed code fences.,"```,```",Split the fences into valid Markdown code blocks after checking rendered examples.
1,malformed_code_fence,docs/card-api/api-reference-card/tokenapprovedevicebinding-2.md,ReadMe page contains adjacent malformed code fences.,"```,```",Split the fences into valid Markdown code blocks after checking rendered examples.
1,malformed_code_fence,docs/card-api/api-reference-card/tokenapprovedevicebinding.md,ReadMe page contains adjacent malformed code fences.,"```,```",Split the fences into valid Markdown code blocks after checking rendered examples.
1,malformed_code_fence,docs/card-api/api-reference-card/tokenremovedevicebinding.md,ReadMe page contains adjacent malformed code fences.,"```,```",Split the fences into valid Markdown code blocks after checking rendered examples.
1,malformed_code_fence,docs/card-api/api-reference-card/transferfunds.md,ReadMe page contains adjacent malformed code fences.,"```,```",Split the fences into valid Markdown code blocks after checking rendered examples.
1,malformed_code_fence,docs/card-api/api-reference-card/transferfundsreverse.md,ReadMe page contains adjacent malformed code fences.,"```,```",Split the fences into valid Markdown code blocks after checking rendered examples.
1,malformed_code_fence,docs/card-api/api-reference-card/transferlink.md,ReadMe page contains adjacent malformed code fences.,"```,```",Split the fences into valid Markdown code blocks after checking rendered examples.
1,malformed_code_fence,docs/card-api/api-reference-card/transfertoken-2.md,ReadMe page contains adjacent malformed code fences.,"```,```",Split the fences into valid Markdown code blocks after checking rendered examples.
1,malformed_code_fence,docs/card-api/api-reference-card/unstopcard.md,ReadMe page contains adjacent malformed code fences.,"```,```",Split the fences into valid Markdown code blocks after checking rendered examples.
1,malformed_code_fence,docs/card-api/api-reference-card/unstoptoken.md,ReadMe page contains adjacent malformed code fences.,"```,```",Split the fences into valid Markdown code blocks after checking rendered examples.
1,malformed_code_fence,docs/card-api/api-reference-card/updatecardexpirydate.md,ReadMe page contains adjacent malformed code fences.,"```,```",Split the fences into valid Markdown code blocks after checking rendered examples.
1,malformed_code_fence,docs/card-api/api-reference-card/updatecardlabel.md,ReadMe page contains adjacent malformed code fences.,"```,```",Split the fences into valid Markdown code blocks after checking rendered examples.
1,malformed_code_fence,docs/card-api/api-reference-card/updatecvv.md,ReadMe page contains adjacent malformed code fences.,"```,```",Split the fences into valid Markdown code blocks after checking rendered examples.
1,malformed_code_fence,docs/card-api/api-reference-card/updatetokenaccount.md,ReadMe page contains adjacent malformed code fences.,"```,```",Split the fences into valid Markdown code blocks after checking rendered examples.
1,malformed_code_fence,docs/companion-api/api-reference-companion/local-api/activatecard.md,ReadMe page contains adjacent malformed code fences.,"```,```",Split the fences into valid Markdown code blocks after checking rendered examples.
1,malformed_code_fence,docs/companion-api/api-reference-companion/local-api/activatetoken-1.md,ReadMe page contains adjacent malformed code fences.,"```,```",Split the fences into valid Markdown code blocks after checking rendered examples.
1,malformed_code_fence,docs/companion-api/api-reference-companion/local-api/calculatetav-1.md,ReadMe page contains adjacent malformed code fences.,"```,```",Split the fences into valid Markdown code blocks after checking rendered examples.
1,malformed_code_fence,docs/companion-api/api-reference-companion/local-api/changepin-1.md,ReadMe page contains adjacent malformed code fences.,"```,```",Split the fences into valid Markdown code blocks after checking rendered examples.
1,malformed_code_fence,docs/companion-api/api-reference-companion/local-api/createlinkedcard.md,ReadMe page contains adjacent malformed code fences.,"```,```",Split the fences into valid Markdown code blocks after checking rendered examples.
1,malformed_code_fence,docs/companion-api/api-reference-companion/local-api/createlinkedcardmaskedresponse.md,ReadMe page contains adjacent malformed code fences.,"```,```",Split the fences into valid Markdown code blocks after checking rendered examples.
1,malformed_code_fence,docs/companion-api/api-reference-companion/local-api/deletetoken.md,ReadMe page contains adjacent malformed code fences.,"```,```",Split the fences into valid Markdown code blocks after checking rendered examples.
1,malformed_code_fence,docs/companion-api/api-reference-companion/local-api/generatetimebasedsecret.md,ReadMe page contains adjacent malformed code fences.,"```,```",Split the fences into valid Markdown code blocks after checking rendered examples.
1,malformed_code_fence,docs/companion-api/api-reference-companion/local-api/getactivelinkedcards.md,ReadMe page contains adjacent malformed code fences.,"```,```",Split the fences into valid Markdown code blocks after checking rendered examples.
1,malformed_code_fence,docs/companion-api/api-reference-companion/local-api/getcarddetails.md,ReadMe page contains adjacent malformed code fences.,"```,```",Split the fences into valid Markdown code blocks after checking rendered examples.
1,malformed_code_fence,docs/companion-api/api-reference-companion/local-api/getlinkedcards.md,ReadMe page contains adjacent malformed code fences.,"```,```",Split the fences into valid Markdown code blocks after checking rendered examples.
1,malformed_code_fence,docs/companion-api/api-reference-companion/local-api/linkcard-1.md,ReadMe page contains adjacent malformed code fences.,"```,```",Split the fences into valid Markdown code blocks after checking rendered examples.
1,malformed_code_fence,docs/companion-api/api-reference-companion/local-api/listalltokens-1.md,ReadMe page contains adjacent malformed code fences.,"```,```",Split the fences into valid Markdown code blocks after checking rendered examples.
1,malformed_code_fence,docs/companion-api/api-reference-companion/local-api/listtokens-1.md,ReadMe page contains adjacent malformed code fences.,"```,```",Split the fences into valid Markdown code blocks after checking rendered examples.
1,malformed_code_fence,docs/companion-api/api-reference-companion/local-api/ordercard-1.md,ReadMe page contains adjacent malformed code fences.,"```,```",Split the fences into valid Markdown code blocks after checking rendered examples.
1,malformed_code_fence,docs/companion-api/api-reference-companion/local-api/ordercardwithpinblock-1.md,ReadMe page contains adjacent malformed code fences.,"```,```",Split the fences into valid Markdown code blocks after checking rendered examples.
1,malformed_code_fence,docs/companion-api/api-reference-companion/local-api/printlinkedcard.md,ReadMe page contains adjacent malformed code fences.,"```,```",Split the fences into valid Markdown code blocks after checking rendered examples.
1,malformed_code_fence,docs/companion-api/api-reference-companion/local-api/printlinkedcardwithpinblock.md,ReadMe page contains adjacent malformed code fences.,"```,```",Split the fences into valid Markdown code blocks after checking rendered examples.
1,malformed_code_fence,docs/companion-api/api-reference-companion/local-api/resetpin.md,ReadMe page contains adjacent malformed code fences.,"```,```",Split the fences into valid Markdown code blocks after checking rendered examples.
1,malformed_code_fence,docs/companion-api/api-reference-companion/local-api/retirecard-1.md,ReadMe page contains adjacent malformed code fences.,"```,```",Split the fences into valid Markdown code blocks after checking rendered examples.
1,malformed_code_fence,docs/companion-api/api-reference-companion/local-api/set3dsecurecode-1.md,ReadMe page contains adjacent malformed code fences.,"```,```",Split the fences into valid Markdown code blocks after checking rendered examples.
1,malformed_code_fence,docs/companion-api/api-reference-companion/local-api/status.md,ReadMe page contains adjacent malformed code fences.,"```,```",Split the fences into valid Markdown code blocks after checking rendered examples.
1,malformed_code_fence,docs/companion-api/api-reference-companion/local-api/stopcard-1.md,ReadMe page contains adjacent malformed code fences.,"```,```",Split the fences into valid Markdown code blocks after checking rendered examples.
1,malformed_code_fence,docs/companion-api/api-reference-companion/local-api/stoptoken-1.md,ReadMe page contains adjacent malformed code fences.,"```,```",Split the fences into valid Markdown code blocks after checking rendered examples.
1,malformed_code_fence,docs/companion-api/api-reference-companion/local-api/togglevoucherfeature-1.md,ReadMe page contains adjacent malformed code fences.,"```,```",Split the fences into valid Markdown code blocks after checking rendered examples.
1,malformed_code_fence,docs/companion-api/api-reference-companion/local-api/tokenapprovedevicebinding-1.md,ReadMe page contains adjacent malformed code fences.,"```,```",Split the fences into valid Markdown code blocks after checking rendered examples.
1,malformed_code_fence,docs/companion-api/api-reference-companion/local-api/tokenremovedevicebinding-1.md,ReadMe page contains adjacent malformed code fences.,"```,```",Split the fences into valid Markdown code blocks after checking rendered examples.
1,malformed_code_fence,docs/companion-api/api-reference-companion/local-api/transferlink-1.md,ReadMe page contains adjacent malformed code fences.,"```,```",Split the fences into valid Markdown code blocks after checking rendered examples.
1,malformed_code_fence,docs/companion-api/api-reference-companion/local-api/unstopcard-1.md,ReadMe page contains adjacent malformed code fences.,"```,```",Split the fences into valid Markdown code blocks after checking rendered examples.
1,malformed_code_fence,docs/companion-api/api-reference-companion/local-api/unstoptoken-1.md,ReadMe page contains adjacent malformed code fences.,"```,```",Split the fences into valid Markdown code blocks after checking rendered examples.
1,malformed_code_fence,docs/companion-api/api-reference-companion/local-api/updatecvv-1.md,ReadMe page contains adjacent malformed code fences.,"```,```",Split the fences into valid Markdown code blocks after checking rendered examples.
1,malformed_code_fence,docs/companion-api/api-reference-companion/local-api/updatetokenaccount-1.md,ReadMe page contains adjacent malformed code fences.,"```,```",Split the fences into valid Markdown code blocks after checking rendered examples.
1,malformed_code_fence,docs/companion-api/api-reference-companion/remote/balance.md,ReadMe page contains adjacent malformed code fences.,"```,```",Split the fences into valid Markdown code blocks after checking rendered examples.
1,malformed_code_fence,docs/companion-api/api-reference-companion/remote/brazilianinstallmentsettled.md,ReadMe page contains adjacent malformed code fences.,"```,```",Split the fences into valid Markdown code blocks after checking rendered examples.
1,malformed_code_fence,docs/companion-api/api-reference-companion/remote/deduct.md,ReadMe page contains adjacent malformed code fences.,"```,```",Split the fences into valid Markdown code blocks after checking rendered examples.
1,malformed_code_fence,docs/companion-api/api-reference-companion/remote/deductadjustment.md,ReadMe page contains adjacent malformed code fences.,"```,```",Split the fences into valid Markdown code blocks after checking rendered examples.
1,malformed_code_fence,docs/companion-api/api-reference-companion/remote/deductreversal.md,ReadMe page contains adjacent malformed code fences.,"```,```",Split the fences into valid Markdown code blocks after checking rendered examples.
1,malformed_code_fence,docs/companion-api/api-reference-companion/remote/loadadjustment.md,ReadMe page contains adjacent malformed code fences.,"```,```",Split the fences into valid Markdown code blocks after checking rendered examples.
1,malformed_code_fence,docs/companion-api/api-reference-companion/remote/loadauth.md,ReadMe page contains adjacent malformed code fences.,"```,```",Split the fences into valid Markdown code blocks after checking rendered examples.
1,malformed_code_fence,docs/companion-api/api-reference-companion/remote/loadauthreversal.md,ReadMe page contains adjacent malformed code fences.,"```,```",Split the fences into valid Markdown code blocks after checking rendered examples.
1,malformed_code_fence,docs/companion-api/api-reference-companion/remote/mexicaninstallmentsettled.md,ReadMe page contains adjacent malformed code fences.,"```,```",Split the fences into valid Markdown code blocks after checking rendered examples.
1,malformed_code_fence,docs/companion-api/api-reference-companion/remote/stop.md,ReadMe page contains adjacent malformed code fences.,"```,```",Split the fences into valid Markdown code blocks after checking rendered examples.
1,manual_review,docs/Getting Started/fraud.md,Existing v1.0_codex review marks this page as high risk.,high,Review against WordPress source content and record approval or required fixes.
1,manual_review,docs/Getting Started/glossary.md,Existing v1.0_codex review marks this page as high risk.,high,Review against WordPress source content and record approval or required fixes.
1,manual_review,docs/card-api/api-reference-card/ordercardwithpinblock.md,Existing v1.0_codex review marks this page as high risk.,high,Review against WordPress source content and record approval or required fixes.
1,manual_review,docs/card-api/disputes.md,Existing v1.0_codex review marks this page as high risk.,high,Review against WordPress source content and record approval or required fixes.
1,manual_review,docs/card-api/manage-funds-1.md,Existing v1.0_codex review marks this page as high risk.,high,Review against WordPress source content and record approval or required fixes.
1,manual_review,docs/card-api/reconciliation.md,Existing v1.0_codex review marks this page as high risk.,high,Review against WordPress source content and record approval or required fixes.
1,manual_review,docs/card-api/reports/authorisation-income-report.md,Existing v1.0_codex review marks this page as high risk.,high,Review against WordPress source content and record approval or required fixes.
1,manual_review,docs/card-api/reports/blocked-transactions-report.md,Existing v1.0_codex review marks this page as high risk.,high,Review against WordPress source content and record approval or required fixes.
1,manual_review,docs/card-api/reports/card-order-report-2.md,Existing v1.0_codex review marks this page as high risk.,high,Review against WordPress source content and record approval or required fixes.
1,manual_review,docs/card-api/reports/daily-negative-balance-report.md,Existing v1.0_codex review marks this page as high risk.,high,Review against WordPress source content and record approval or required fixes.
1,manual_review,docs/card-api/reports/google-pay-monthly-report.md,Existing v1.0_codex review marks this page as high risk.,high,Review against WordPress source content and record approval or required fixes.
1,manual_review,docs/card-api/reports/mark-off-file.md,Existing v1.0_codex review marks this page as high risk.,high,Review against WordPress source content and record approval or required fixes.
1,manual_review,docs/card-api/reports/summary-settlement-report-2.md,Existing v1.0_codex review marks this page as high risk.,high,Review against WordPress source content and record approval or required fixes.
1,manual_review,docs/card-api/tokenization/index.md,Existing v1.0_codex review marks this page as high risk.,high,Review against WordPress source content and record approval or required fixes.
1,manual_review,docs/chargeback-api/chargeback-api-reference/document-status.md,Existing v1.0_codex review marks this page as high risk.,high,Review against WordPress source content and record approval or required fixes.
1,manual_review,docs/chargeback-api/chargeback-api-reference/first-chargeback.md,Existing v1.0_codex review marks this page as high risk.,high,Review against WordPress source content and record approval or required fixes.
1,manual_review,docs/chargeback-api/chargeback-api-reference/pre-arbitration.md,Existing v1.0_codex review marks this page as high risk.,high,Review against WordPress source content and record approval or required fixes.
1,manual_review,docs/chargeback-api/chargeback-api-reference/query-chargeback.md,Existing v1.0_codex review marks this page as high risk.,high,Review against WordPress source content and record approval or required fixes.
1,manual_review,docs/chargeback-api/chargeback-api-reference/upload-supporting-document.md,Existing v1.0_codex review marks this page as high risk.,high,Review against WordPress source content and record approval or required fixes.
1,manual_review,docs/chargeback-api/chargeback-reason-codes.md,Existing v1.0_codex review marks this page as high risk.,high,Review against WordPress source content and record approval or required fixes.
1,manual_review,docs/chargeback-api/connectivity.md,Existing v1.0_codex review marks this page as high risk.,high,Review against WordPress source content and record approval or required fixes.
1,manual_review,docs/chargeback-api/process-overview.md,Existing v1.0_codex review marks this page as high risk.,high,Review against WordPress source content and record approval or required fixes.
1,manual_review,docs/chargeback-api/remote-messaging-api/remote-messaging-api-chargeback-notification.md,Existing v1.0_codex review marks this page as high risk.,high,Review against WordPress source content and record approval or required fixes.
1,manual_review,docs/chargeback-api/response-codes.md,Existing v1.0_codex review marks this page as high risk.,high,Review against WordPress source content and record approval or required fixes.
1,manual_review,docs/companion-api/api-reference-companion/remote/administrativemessage/administrative-message-values.md,Existing v1.0_codex review marks this page as high risk.,high,Review against WordPress source content and record approval or required fixes.
1,manual_review,docs/companion-api/api-reference-companion/remote/administrativemessage/index.md,Existing v1.0_codex review marks this page as high risk.,high,Review against WordPress source content and record approval or required fixes.
1,manual_review,docs/companion-api/klv-lookup.md,Existing v1.0_codex review marks this page as high risk.,high,Review against WordPress source content and record approval or required fixes.
1,manual_review,docs/documentation/how_payments_work.md,Existing v1.0_codex review marks this page as high risk.,high,Review against WordPress source content and record approval or required fixes.
1,manual_review,docs/documentation/reporting-api-2.md,Existing v1.0_codex review marks this page as high risk.,high,Review against WordPress source content and record approval or required fixes.
1,manual_review,docs/documentation/reversedevalueprofile-1.md,Existing v1.0_codex review marks this page as high risk.,high,Review against WordPress source content and record approval or required fixes.
1,manual_review,docs/profile-api-reference/activate.md,Existing v1.0_codex review marks this page as high risk.,high,Review against WordPress source content and record approval or required fixes.
1,manual_review,docs/profile-api-reference/activatetoken-2.md,Existing v1.0_codex review marks this page as high risk.,high,Review against WordPress source content and record approval or required fixes.
1,manual_review,docs/profile-api-reference/allocatecard.md,Existing v1.0_codex review marks this page as high risk.,high,Review against WordPress source content and record approval or required fixes.
1,manual_review,docs/profile-api-reference/allocatecreatevirtualcard.md,Existing v1.0_codex review marks this page as high risk.,high,Review against WordPress source content and record approval or required fixes.
1,manual_review,docs/profile-api-reference/allocateiban.md,Existing v1.0_codex review marks this page as high risk.,high,Review against WordPress source content and record approval or required fixes.
1,manual_review,docs/profile-api-reference/balance-1.md,Existing v1.0_codex review marks this page as high risk.,high,Review against WordPress source content and record approval or required fixes.
1,manual_review,docs/profile-api-reference/calculatetav-2.md,Existing v1.0_codex review marks this page as high risk.,high,Review against WordPress source content and record approval or required fixes.
1,manual_review,docs/profile-api-reference/cancelscheduledstop.md,Existing v1.0_codex review marks this page as high risk.,high,Review against WordPress source content and record approval or required fixes.
1,manual_review,docs/profile-api-reference/cancelstopcard.md,Existing v1.0_codex review marks this page as high risk.,high,Review against WordPress source content and record approval or required fixes.
1,manual_review,docs/profile-api-reference/carddetail-1.md,Existing v1.0_codex review marks this page as high risk.,high,Review against WordPress source content and record approval or required fixes.
1,manual_review,docs/profile-api-reference/changepin-2.md,Existing v1.0_codex review marks this page as high risk.,high,Review against WordPress source content and record approval or required fixes.
1,manual_review,docs/profile-api-reference/checkauthorisation.md,Existing v1.0_codex review marks this page as high risk.,high,Review against WordPress source content and record approval or required fixes.
1,manual_review,docs/profile-api-reference/checkload.md,Existing v1.0_codex review marks this page as high risk.,high,Review against WordPress source content and record approval or required fixes.
1,manual_review,docs/profile-api-reference/createscheduledstop.md,Existing v1.0_codex review marks this page as high risk.,high,Review against WordPress source content and record approval or required fixes.
1,manual_review,docs/profile-api-reference/createvirtualcard-1.md,Existing v1.0_codex review marks this page as high risk.,high,Review against WordPress source content and record approval or required fixes.
1,manual_review,docs/profile-api-reference/deductcardloadprofile.md,Existing v1.0_codex review marks this page as high risk.,high,Review against WordPress source content and record approval or required fixes.
1,manual_review,docs/profile-api-reference/deletetoken-1.md,Existing v1.0_codex review marks this page as high risk.,high,Review against WordPress source content and record approval or required fixes.
1,manual_review,docs/profile-api-reference/delinkcard.md,Existing v1.0_codex review marks this page as high risk.,high,Review against WordPress source content and record approval or required fixes.
1,manual_review,docs/profile-api-reference/devalueprofile.md,Existing v1.0_codex review marks this page as high risk.,high,Review against WordPress source content and record approval or required fixes.
1,manual_review,docs/profile-api-reference/generatetimebasedsecret-2.md,Existing v1.0_codex review marks this page as high risk.,high,Review against WordPress source content and record approval or required fixes.
1,manual_review,docs/profile-api-reference/getschedulestopdetail.md,Existing v1.0_codex review marks this page as high risk.,high,Review against WordPress source content and record approval or required fixes.
1,manual_review,docs/profile-api-reference/inserttransactionfee-1.md,Existing v1.0_codex review marks this page as high risk.,high,Review against WordPress source content and record approval or required fixes.
1,manual_review,docs/profile-api-reference/linkcard-2.md,Existing v1.0_codex review marks this page as high risk.,high,Review against WordPress source content and record approval or required fixes.
1,manual_review,docs/profile-api-reference/linkcardsbysequencerange.md,Existing v1.0_codex review marks this page as high risk.,high,Review against WordPress source content and record approval or required fixes.
1,manual_review,docs/profile-api-reference/listalltokens-2.md,Existing v1.0_codex review marks this page as high risk.,high,Review against WordPress source content and record approval or required fixes.
1,manual_review,docs/profile-api-reference/listtokens-2.md,Existing v1.0_codex review marks this page as high risk.,high,Review against WordPress source content and record approval or required fixes.
1,manual_review,docs/profile-api-reference/loadcarddeductprofile.md,Existing v1.0_codex review marks this page as high risk.,high,Review against WordPress source content and record approval or required fixes.
1,manual_review,docs/profile-api-reference/ordercard-2.md,Existing v1.0_codex review marks this page as high risk.,high,Review against WordPress source content and record approval or required fixes.
1,manual_review,docs/profile-api-reference/register.md,Existing v1.0_codex review marks this page as high risk.,high,Review against WordPress source content and record approval or required fixes.
1,manual_review,docs/profile-api-reference/resetpin-1.md,Existing v1.0_codex review marks this page as high risk.,high,Review against WordPress source content and record approval or required fixes.
1,manual_review,docs/profile-api-reference/reversedeductcardloadprofile.md,Existing v1.0_codex review marks this page as high risk.,high,Review against WordPress source content and record approval or required fixes.
1,manual_review,docs/profile-api-reference/reversedevalueprofile.md,Existing v1.0_codex review marks this page as high risk.,high,Review against WordPress source content and record approval or required fixes.
1,manual_review,docs/profile-api-reference/reversetransactionfee.md,Existing v1.0_codex review marks this page as high risk.,high,Review against WordPress source content and record approval or required fixes.
1,manual_review,docs/profile-api-reference/reversevastransferfunds.md,Existing v1.0_codex review marks this page as high risk.,high,Review against WordPress source content and record approval or required fixes.
1,manual_review,docs/profile-api-reference/statement-1.md,Existing v1.0_codex review marks this page as high risk.,high,Review against WordPress source content and record approval or required fixes.
1,manual_review,docs/profile-api-reference/statementbydaterange.md,Existing v1.0_codex review marks this page as high risk.,high,Review against WordPress source content and record approval or required fixes.
1,manual_review,docs/profile-api-reference/status-1.md,Existing v1.0_codex review marks this page as high risk.,high,Review against WordPress source content and record approval or required fixes.
1,manual_review,docs/profile-api-reference/stopcard-2.md,Existing v1.0_codex review marks this page as high risk.,high,Review against WordPress source content and record approval or required fixes.
1,manual_review,docs/profile-api-reference/stoptoken-2.md,Existing v1.0_codex review marks this page as high risk.,high,Review against WordPress source content and record approval or required fixes.
1,manual_review,docs/profile-api-reference/togglevoucherfeature-2.md,Existing v1.0_codex review marks this page as high risk.,high,Review against WordPress source content and record approval or required fixes.
1,manual_review,docs/profile-api-reference/transferfunds-1.md,Existing v1.0_codex review marks this page as high risk.,high,Review against WordPress source content and record approval or required fixes.
1,manual_review,docs/profile-api-reference/transferfundsbetweenprofiles.md,Existing v1.0_codex review marks this page as high risk.,high,Review against WordPress source content and record approval or required fixes.
1,manual_review,docs/profile-api-reference/transferlink-2.md,Existing v1.0_codex review marks this page as high risk.,high,Review against WordPress source content and record approval or required fixes.
1,manual_review,docs/profile-api-reference/transfertoken-1.md,Existing v1.0_codex review marks this page as high risk.,high,Review against WordPress source content and record approval or required fixes.
1,manual_review,docs/profile-api-reference/unstoptoken-2.md,Existing v1.0_codex review marks this page as high risk.,high,Review against WordPress source content and record approval or required fixes.
1,manual_review,docs/profile-api-reference/updateallocatedcard.md,Existing v1.0_codex review marks this page as high risk.,high,Review against WordPress source content and record approval or required fixes.
1,manual_review,docs/profile-api-reference/updatebearer-1.md,Existing v1.0_codex review marks this page as high risk.,high,Review against WordPress source content and record approval or required fixes.
1,manual_review,docs/profile-api-reference/updatebearerextended.md,Existing v1.0_codex review marks this page as high risk.,high,Review against WordPress source content and record approval or required fixes.
1,manual_review,docs/profile-api-reference/updateprofile.md,Existing v1.0_codex review marks this page as high risk.,high,Review against WordPress source content and record approval or required fixes.
1,manual_review,docs/profile-api-reference/updatescheduledstop.md,Existing v1.0_codex review marks this page as high risk.,high,Review against WordPress source content and record approval or required fixes.
1,manual_review,docs/profile-api-reference/updatetokenaccount-2.md,Existing v1.0_codex review marks this page as high risk.,high,Review against WordPress source content and record approval or required fixes.
1,manual_review,docs/profile-api-reference/uploadficadocument.md,Existing v1.0_codex review marks this page as high risk.,high,Review against WordPress source content and record approval or required fixes.
1,manual_review,docs/profile-api-reference/vastransferfunds.md,Existing v1.0_codex review marks this page as high risk.,high,Review against WordPress source content and record approval or required fixes.
1,manual_review,docs/response-codes-2/index.md,Existing v1.0_codex review marks this page as high risk.,high,Review against WordPress source content and record approval or required fixes.
1,manual_review,docs/response-codes-2/response-and-action-code-mapping.md,Existing v1.0_codex review marks this page as high risk.,high,Review against WordPress source content and record approval or required fixes.
1,rewriteable_legacy_link,docs/Getting Started/client-testing-guide.md,Legacy WordPress link can be rewritten to a mapped ReadMe destination.,https://developer.sprint.paymentology.com/get-started/our-apis/,Rewrite to target represented by docs/Getting Started/our-apis.md.
1,rewriteable_legacy_link,docs/Getting Started/client-testing-guide.md,Legacy WordPress link can be rewritten to a mapped ReadMe destination.,https://developer.sprint.paymentology.com/contact-us/,Rewrite to target represented by docs/documentation/contact-us.md.
1,rewriteable_legacy_link,docs/Getting Started/client-testing-guide.md,Legacy WordPress link can be rewritten to a mapped ReadMe destination.,https://developer.sprint.paymentology.com/companion-api/api-reference/,Rewrite to target represented by docs/companion-api/api-reference-companion/index.md.
1,rewriteable_legacy_link,docs/Getting Started/client-testing-guide.md,Legacy WordPress link can be rewritten to a mapped ReadMe destination.,https://developer.sprint.paymentology.com/card-api/api-reference/,Rewrite to target represented by docs/card-api/api-reference-card/index.md.
1,rewriteable_legacy_link,docs/Getting Started/client-testing-guide.md,Legacy WordPress link can be rewritten to a mapped ReadMe destination.,https://developer.sprint.paymentology.com/tools/,Rewrite to target represented by docs/tools/index.md.
1,rewriteable_legacy_link,docs/Getting Started/client-testing-guide.md,Legacy WordPress link can be rewritten to a mapped ReadMe destination.,https://developer.sprint.paymentology.com/tools/checksum-generator/,Rewrite to target represented by docs/tools/checksum-generator/index.md.
1,rewriteable_legacy_link,docs/Getting Started/client-testing-guide.md,Legacy WordPress link can be rewritten to a mapped ReadMe destination.,https://developer.sprint.paymentology.com/tools/xml-generator/,Rewrite to target represented by docs/tools/xml-generator/index.md.
1,rewriteable_legacy_link,docs/Getting Started/client-testing-guide.md,Legacy WordPress link can be rewritten to a mapped ReadMe destination.,https://developer.sprint.paymentology.com/tools/xml-poster/,Rewrite to target represented by docs/tools/xml-poster.md.
1,rewriteable_legacy_link,docs/Getting Started/client-testing-guide.md,Legacy WordPress link can be rewritten to a mapped ReadMe destination.,https://developer.sprint.paymentology.com/tools/simpos/,Rewrite to target represented by docs/tools/simpos/index.md.
1,rewriteable_legacy_link,docs/Getting Started/our-apis.md,Legacy WordPress link can be rewritten to a mapped ReadMe destination.,https://developer.sprint.paymentology.com/qr-payments-api/,Rewrite to target represented by docs/qr-payments-api/index.md.
1,rewriteable_legacy_link,docs/Getting Started/our-apis.md,Legacy WordPress link can be rewritten to a mapped ReadMe destination.,https://developer.sprint.paymentology.com/notifications/,Rewrite to target represented by docs/documentation/notifications.md.
1,rewriteable_legacy_link,docs/card-api/api-reference-card/addcardtag.md,Legacy WordPress link can be rewritten to a mapped ReadMe destination.,https://developer.sprint.paymentology.com/card-api/api-reference/,Rewrite to target represented by docs/card-api/api-reference-card/index.md.
1,rewriteable_legacy_link,docs/card-api/api-reference-card/addpocket.md,Legacy WordPress link can be rewritten to a mapped ReadMe destination.,https://developer.sprint.paymentology.com/card-api/api-reference/,Rewrite to target represented by docs/card-api/api-reference-card/index.md.
1,rewriteable_legacy_link,docs/card-api/api-reference-card/bearerdetail.md,Legacy WordPress link can be rewritten to a mapped ReadMe destination.,https://developer.sprint.paymentology.com/card-api/api-reference/,Rewrite to target represented by docs/card-api/api-reference-card/index.md.
1,rewriteable_legacy_link,docs/card-api/api-reference-card/calculatetav.md,Legacy WordPress link can be rewritten to a mapped ReadMe destination.,https://developer.sprint.paymentology.com/card-api/api-reference/,Rewrite to target represented by docs/card-api/api-reference-card/index.md.
1,rewriteable_legacy_link,docs/card-api/api-reference-card/carddetail.md,Legacy WordPress link can be rewritten to a mapped ReadMe destination.,https://developer.sprint.paymentology.com/card-api/api-reference/,Rewrite to target represented by docs/card-api/api-reference-card/index.md.
1,rewriteable_legacy_link,docs/card-api/api-reference-card/changepin.md,Legacy WordPress link can be rewritten to a mapped ReadMe destination.,https://developer.sprint.paymentology.com/card-api/api-reference/,Rewrite to target represented by docs/card-api/api-reference-card/index.md.
1,rewriteable_legacy_link,docs/card-api/api-reference-card/createvirtualcard.md,Legacy WordPress link can be rewritten to a mapped ReadMe destination.,https://developer.sprint.paymentology.com/card-api/api-reference/,Rewrite to target represented by docs/card-api/api-reference-card/index.md.
1,rewriteable_legacy_link,docs/card-api/api-reference-card/createvirtualcardwithload.md,Legacy WordPress link can be rewritten to a mapped ReadMe destination.,https://developer.sprint.paymentology.com/card-api/api-reference/,Rewrite to target represented by docs/card-api/api-reference-card/index.md.
1,rewriteable_legacy_link,docs/card-api/api-reference-card/deductfunds.md,Legacy WordPress link can be rewritten to a mapped ReadMe destination.,https://developer.sprint.paymentology.com/card-api/api-reference/,Rewrite to target represented by docs/card-api/api-reference-card/index.md.
1,rewriteable_legacy_link,docs/card-api/api-reference-card/deductfundsreverse.md,Legacy WordPress link can be rewritten to a mapped ReadMe destination.,https://developer.sprint.paymentology.com/card-api/api-reference/,Rewrite to target represented by docs/card-api/api-reference-card/index.md.
1,rewriteable_legacy_link,docs/card-api/api-reference-card/deletetoken-2.md,Legacy WordPress link can be rewritten to a mapped ReadMe destination.,https://developer.sprint.paymentology.com/card-api/api-reference/,Rewrite to target represented by docs/card-api/api-reference-card/index.md.
1,rewriteable_legacy_link,docs/card-api/api-reference-card/devalue.md,Legacy WordPress link can be rewritten to a mapped ReadMe destination.,https://developer.sprint.paymentology.com/card-api/api-reference/,Rewrite to target represented by docs/card-api/api-reference-card/index.md.
1,rewriteable_legacy_link,docs/card-api/api-reference-card/devaluereverse.md,Legacy WordPress link can be rewritten to a mapped ReadMe destination.,https://developer.sprint.paymentology.com/card-api/api-reference/,Rewrite to target represented by docs/card-api/api-reference-card/index.md.
1,rewriteable_legacy_link,docs/card-api/api-reference-card/index.md,Legacy WordPress link can be rewritten to a mapped ReadMe destination.,https://developer.sprint.paymentology.com/card-api/api-reference/activatetoken/,Rewrite to target represented by docs/card-api/api-reference-card/activatetoken.md.
1,rewriteable_legacy_link,docs/card-api/api-reference-card/index.md,Legacy WordPress link can be rewritten to a mapped ReadMe destination.,https://developer.sprint.paymentology.com/card-api/api-reference/addcardtag/,Rewrite to target represented by docs/card-api/api-reference-card/addcardtag.md.
1,rewriteable_legacy_link,docs/card-api/api-reference-card/index.md,Legacy WordPress link can be rewritten to a mapped ReadMe destination.,https://developer.sprint.paymentology.com/card-api/api-reference/addpocket/,Rewrite to target represented by docs/card-api/api-reference-card/addpocket.md.
1,rewriteable_legacy_link,docs/card-api/api-reference-card/index.md,Legacy WordPress link can be rewritten to a mapped ReadMe destination.,https://developer.sprint.paymentology.com/card-api/api-reference/bearerdetail/,Rewrite to target represented by docs/card-api/api-reference-card/bearerdetail.md.
1,rewriteable_legacy_link,docs/card-api/api-reference-card/index.md,Legacy WordPress link can be rewritten to a mapped ReadMe destination.,https://developer.sprint.paymentology.com/card-api/api-reference/calculatetav/,Rewrite to target represented by docs/card-api/api-reference-card/calculatetav.md.
1,rewriteable_legacy_link,docs/card-api/api-reference-card/index.md,Legacy WordPress link can be rewritten to a mapped ReadMe destination.,https://developer.sprint.paymentology.com/card-api/api-reference/carddetail/,Rewrite to target represented by docs/card-api/api-reference-card/carddetail.md.
1,rewriteable_legacy_link,docs/card-api/api-reference-card/index.md,Legacy WordPress link can be rewritten to a mapped ReadMe destination.,https://developer.sprint.paymentology.com/card-api/api-reference/changepin/,Rewrite to target represented by docs/card-api/api-reference-card/changepin.md.
1,rewriteable_legacy_link,docs/card-api/api-reference-card/index.md,Legacy WordPress link can be rewritten to a mapped ReadMe destination.,https://developer.sprint.paymentology.com/card-api/api-reference/createvirtualcard/,Rewrite to target represented by docs/card-api/api-reference-card/createvirtualcard.md.
1,rewriteable_legacy_link,docs/card-api/api-reference-card/index.md,Legacy WordPress link can be rewritten to a mapped ReadMe destination.,https://developer.sprint.paymentology.com/card-api/api-reference/createvirtualcardwithload/,Rewrite to target represented by docs/card-api/api-reference-card/createvirtualcardwithload.md.
1,rewriteable_legacy_link,docs/card-api/api-reference-card/index.md,Legacy WordPress link can be rewritten to a mapped ReadMe destination.,https://developer.sprint.paymentology.com/card-api/api-reference/deductfunds/,Rewrite to target represented by docs/card-api/api-reference-card/deductfunds.md.
1,rewriteable_legacy_link,docs/card-api/api-reference-card/index.md,Legacy WordPress link can be rewritten to a mapped ReadMe destination.,https://developer.sprint.paymentology.com/card-api/api-reference/deductfundsreverse/,Rewrite to target represented by docs/card-api/api-reference-card/deductfundsreverse.md.
1,rewriteable_legacy_link,docs/card-api/api-reference-card/index.md,Legacy WordPress link can be rewritten to a mapped ReadMe destination.,https://developer.sprint.paymentology.com/deletetoken-2/,Rewrite to target represented by docs/card-api/api-reference-card/deletetoken-2.md.
1,rewriteable_legacy_link,docs/card-api/api-reference-card/index.md,Legacy WordPress link can be rewritten to a mapped ReadMe destination.,https://developer.sprint.paymentology.com/card-api/api-reference/devalue/,Rewrite to target represented by docs/card-api/api-reference-card/devalue.md.
1,rewriteable_legacy_link,docs/card-api/api-reference-card/index.md,Legacy WordPress link can be rewritten to a mapped ReadMe destination.,https://developer.sprint.paymentology.com/card-api/api-reference/devaluereverse/,Rewrite to target represented by docs/card-api/api-reference-card/devaluereverse.md.
1,rewriteable_legacy_link,docs/card-api/api-reference-card/index.md,Legacy WordPress link can be rewritten to a mapped ReadMe destination.,https://developer.sprint.paymentology.com/generatetimebasedsecret/,Rewrite to target represented by docs/companion-api/api-reference-companion/local-api/generatetimebasedsecret.md.
1,rewriteable_legacy_link,docs/card-api/api-reference-card/index.md,Legacy WordPress link can be rewritten to a mapped ReadMe destination.,https://developer.sprint.paymentology.com/card-api/api-reference/inserttransactionfee/,Rewrite to target represented by docs/card-api/api-reference-card/inserttransactionfee.md.
1,rewriteable_legacy_link,docs/card-api/api-reference-card/index.md,Legacy WordPress link can be rewritten to a mapped ReadMe destination.,https://developer.sprint.paymentology.com/card-api/api-reference/linkcard/,Rewrite to target represented by docs/card-api/api-reference-card/linkcard.md.
1,rewriteable_legacy_link,docs/card-api/api-reference-card/index.md,Legacy WordPress link can be rewritten to a mapped ReadMe destination.,https://developer.sprint.paymentology.com/card-api/api-reference/listalltokens/,Rewrite to target represented by docs/card-api/api-reference-card/listalltokens.md.
1,rewriteable_legacy_link,docs/card-api/api-reference-card/index.md,Legacy WordPress link can be rewritten to a mapped ReadMe destination.,https://developer.sprint.paymentology.com/card-api/api-reference/listcards/,Rewrite to target represented by docs/card-api/api-reference-card/listcards.md.
1,rewriteable_legacy_link,docs/card-api/api-reference-card/index.md,Legacy WordPress link can be rewritten to a mapped ReadMe destination.,https://developer.sprint.paymentology.com/card-api/api-reference/listtokens/,Rewrite to target represented by docs/card-api/api-reference-card/listtokens.md.
1,rewriteable_legacy_link,docs/card-api/api-reference-card/index.md,Legacy WordPress link can be rewritten to a mapped ReadMe destination.,https://developer.sprint.paymentology.com/card-api/api-reference/loadfunds/,Rewrite to target represented by docs/card-api/api-reference-card/loadfunds.md.
1,rewriteable_legacy_link,docs/card-api/api-reference-card/index.md,Legacy WordPress link can be rewritten to a mapped ReadMe destination.,https://developer.sprint.paymentology.com/card-api/api-reference/loadfundsreverse/,Rewrite to target represented by docs/card-api/api-reference-card/loadfundsreverse.md.
1,rewriteable_legacy_link,docs/card-api/api-reference-card/index.md,Legacy WordPress link can be rewritten to a mapped ReadMe destination.,https://developer.sprint.paymentology.com/card-api/api-reference/mostrecenttransactions/,Rewrite to target represented by docs/card-api/api-reference-card/mostrecenttransactions.md.
1,rewriteable_legacy_link,docs/card-api/api-reference-card/index.md,Legacy WordPress link can be rewritten to a mapped ReadMe destination.,https://developer.sprint.paymentology.com/card-api/api-reference/ordercard/,Rewrite to target represented by docs/card-api/api-reference-card/ordercard.md.
1,rewriteable_legacy_link,docs/card-api/api-reference-card/index.md,Legacy WordPress link can be rewritten to a mapped ReadMe destination.,https://developer.sprint.paymentology.com/card-api/api-reference/ordercardwithpinblock/,Rewrite to target represented by docs/card-api/api-reference-card/ordercardwithpinblock.md.
1,rewriteable_legacy_link,docs/card-api/api-reference-card/index.md,Legacy WordPress link can be rewritten to a mapped ReadMe destination.,https://developer.sprint.paymentology.com/card-api/api-reference/pockettransfer/,Rewrite to target represented by docs/card-api/api-reference-card/pockettransfer.md.
1,rewriteable_legacy_link,docs/card-api/api-reference-card/index.md,Legacy WordPress link can be rewritten to a mapped ReadMe destination.,https://developer.sprint.paymentology.com/card-api/api-reference/pockettransferreverse/,Rewrite to target represented by docs/card-api/api-reference-card/pockettransferreverse.md.
1,rewriteable_legacy_link,docs/card-api/api-reference-card/index.md,Legacy WordPress link can be rewritten to a mapped ReadMe destination.,https://developer.sprint.paymentology.com/card-api/api-reference/retirecard/,Rewrite to target represented by docs/card-api/api-reference-card/retirecard.md.
1,rewriteable_legacy_link,docs/card-api/api-reference-card/index.md,Legacy WordPress link can be rewritten to a mapped ReadMe destination.,https://developer.sprint.paymentology.com/card-api/api-reference/set3dsecurecode/,Rewrite to target represented by docs/card-api/api-reference-card/set3dsecurecode.md.
1,rewriteable_legacy_link,docs/card-api/api-reference-card/index.md,Legacy WordPress link can be rewritten to a mapped ReadMe destination.,https://developer.sprint.paymentology.com/card-api/api-reference/setbearerdetail/,Rewrite to target represented by docs/card-api/api-reference-card/setbearerdetail.md.
1,rewriteable_legacy_link,docs/card-api/api-reference-card/index.md,Legacy WordPress link can be rewritten to a mapped ReadMe destination.,https://developer.sprint.paymentology.com/card-api/api-reference/statement/,Rewrite to target represented by docs/card-api/api-reference-card/statement.md.
1,rewriteable_legacy_link,docs/card-api/api-reference-card/index.md,Legacy WordPress link can be rewritten to a mapped ReadMe destination.,https://developer.sprint.paymentology.com/card-api/api-reference/stopcard/,Rewrite to target represented by docs/card-api/api-reference-card/stopcard.md.
1,rewriteable_legacy_link,docs/card-api/api-reference-card/index.md,Legacy WordPress link can be rewritten to a mapped ReadMe destination.,https://developer.sprint.paymentology.com/card-api/api-reference/stoptoken/,Rewrite to target represented by docs/card-api/api-reference-card/stoptoken.md.
1,rewriteable_legacy_link,docs/card-api/api-reference-card/index.md,Legacy WordPress link can be rewritten to a mapped ReadMe destination.,https://developer.sprint.paymentology.com/card-api/api-reference/threedsauthenticationoutcome/,Rewrite to target represented by docs/card-api/api-reference-card/threedsauthenticationoutcome.md.
1,rewriteable_legacy_link,docs/card-api/api-reference-card/index.md,Legacy WordPress link can be rewritten to a mapped ReadMe destination.,https://developer.sprint.paymentology.com/card-api/api-reference/tokenapprovedevicebinding-2/,Rewrite to target represented by docs/card-api/api-reference-card/tokenapprovedevicebinding-2.md.
1,rewriteable_legacy_link,docs/card-api/api-reference-card/index.md,Legacy WordPress link can be rewritten to a mapped ReadMe destination.,https://developer.sprint.paymentology.com/card-api/api-reference/tokenremovedevicebinding/,Rewrite to target represented by docs/card-api/api-reference-card/tokenremovedevicebinding.md.
1,rewriteable_legacy_link,docs/card-api/api-reference-card/index.md,Legacy WordPress link can be rewritten to a mapped ReadMe destination.,https://developer.sprint.paymentology.com/card-api/api-reference/transferfunds/,Rewrite to target represented by docs/card-api/api-reference-card/transferfunds.md.
1,rewriteable_legacy_link,docs/card-api/api-reference-card/index.md,Legacy WordPress link can be rewritten to a mapped ReadMe destination.,https://developer.sprint.paymentology.com/card-api/api-reference/transferfundsreverse/,Rewrite to target represented by docs/card-api/api-reference-card/transferfundsreverse.md.
1,rewriteable_legacy_link,docs/card-api/api-reference-card/index.md,Legacy WordPress link can be rewritten to a mapped ReadMe destination.,https://developer.sprint.paymentology.com/transfertoken-2/,Rewrite to target represented by docs/card-api/api-reference-card/transfertoken-2.md.
1,rewriteable_legacy_link,docs/card-api/api-reference-card/index.md,Legacy WordPress link can be rewritten to a mapped ReadMe destination.,https://developer.sprint.paymentology.com/card-api/api-reference/unstopcard/,Rewrite to target represented by docs/card-api/api-reference-card/unstopcard.md.
1,rewriteable_legacy_link,docs/card-api/api-reference-card/index.md,Legacy WordPress link can be rewritten to a mapped ReadMe destination.,https://developer.sprint.paymentology.com/card-api/api-reference/unstoptoken/,Rewrite to target represented by docs/card-api/api-reference-card/unstoptoken.md.
1,rewriteable_legacy_link,docs/card-api/api-reference-card/index.md,Legacy WordPress link can be rewritten to a mapped ReadMe destination.,https://developer.sprint.paymentology.com/card-api/api-reference/updatecardexpirydate/,Rewrite to target represented by docs/card-api/api-reference-card/updatecardexpirydate.md.
1,rewriteable_legacy_link,docs/card-api/api-reference-card/index.md,Legacy WordPress link can be rewritten to a mapped ReadMe destination.,https://developer.sprint.paymentology.com/card-api/api-reference/updatecardlabel/,Rewrite to target represented by docs/card-api/api-reference-card/updatecardlabel.md.
1,rewriteable_legacy_link,docs/card-api/api-reference-card/index.md,Legacy WordPress link can be rewritten to a mapped ReadMe destination.,https://developer.sprint.paymentology.com/card-api/api-reference/updatecvv/,Rewrite to target represented by docs/card-api/api-reference-card/updatecvv.md.
1,rewriteable_legacy_link,docs/card-api/api-reference-card/index.md,Legacy WordPress link can be rewritten to a mapped ReadMe destination.,https://developer.sprint.paymentology.com/card-api/api-reference/updatetokenaccount/,Rewrite to target represented by docs/card-api/api-reference-card/updatetokenaccount.md.
1,rewriteable_legacy_link,docs/card-api/api-reference-card/index.md,Legacy WordPress link can be rewritten to a mapped ReadMe destination.,https://developer.sprint.paymentology.com/remotemessaging/,Rewrite to target represented by docs/card-api/api-reference-card/remotemessaging.md.
1,rewriteable_legacy_link,docs/card-api/api-reference-card/index.md,Legacy WordPress link can be rewritten to a mapped ReadMe destination.,https://developer.sprint.paymentology.com/remotemessaging/#appauth,Rewrite to target represented by docs/card-api/api-reference-card/remotemessaging.md.
1,rewriteable_legacy_link,docs/card-api/api-reference-card/index.md,Legacy WordPress link can be rewritten to a mapped ReadMe destination.,https://developer.sprint.paymentology.com/remotemessaging/#appfinal,Rewrite to target represented by docs/card-api/api-reference-card/remotemessaging.md.
1,rewriteable_legacy_link,docs/card-api/api-reference-card/index.md,Legacy WordPress link can be rewritten to a mapped ReadMe destination.,https://developer.sprint.paymentology.com/remotemessaging/#3DSecure,Rewrite to target represented by docs/card-api/api-reference-card/remotemessaging.md.
1,rewriteable_legacy_link,docs/card-api/api-reference-card/index.md,Legacy WordPress link can be rewritten to a mapped ReadMe destination.,https://developer.sprint.paymentology.com/remotemessaging/#3DSecureCCD,Rewrite to target represented by docs/card-api/api-reference-card/remotemessaging.md.
1,rewriteable_legacy_link,docs/card-api/api-reference-card/index.md,Legacy WordPress link can be rewritten to a mapped ReadMe destination.,https://developer.sprint.paymentology.com/remotemessaging/#activation,Rewrite to target represented by docs/card-api/api-reference-card/remotemessaging.md.
1,rewriteable_legacy_link,docs/card-api/api-reference-card/index.md,Legacy WordPress link can be rewritten to a mapped ReadMe destination.,https://developer.sprint.paymentology.com/remotemessaging/#activationmethods,Rewrite to target represented by docs/card-api/api-reference-card/remotemessaging.md.
1,rewriteable_legacy_link,docs/card-api/api-reference-card/index.md,Legacy WordPress link can be rewritten to a mapped ReadMe destination.,https://developer.sprint.paymentology.com/remotemessaging/#event,Rewrite to target represented by docs/card-api/api-reference-card/remotemessaging.md.
1,rewriteable_legacy_link,docs/card-api/api-reference-card/index.md,Legacy WordPress link can be rewritten to a mapped ReadMe destination.,https://developer.sprint.paymentology.com/remotemessaging/#responsereference,Rewrite to target represented by docs/card-api/api-reference-card/remotemessaging.md.
1,rewriteable_legacy_link,docs/card-api/api-reference-card/inserttransactionfee.md,Legacy WordPress link can be rewritten to a mapped ReadMe destination.,https://developer.sprint.paymentology.com/card-api/api-reference/appendix/#feeTypes,Rewrite to target represented by docs/card-api/api-reference-card/appendix.md.
1,rewriteable_legacy_link,docs/card-api/api-reference-card/inserttransactionfee.md,Legacy WordPress link can be rewritten to a mapped ReadMe destination.,https://developer.sprint.paymentology.com/card-api/api-reference/,Rewrite to target represented by docs/card-api/api-reference-card/index.md.
1,rewriteable_legacy_link,docs/card-api/api-reference-card/linkcard.md,Legacy WordPress link can be rewritten to a mapped ReadMe destination.,https://developer.sprint.paymentology.com/card-api/api-reference/,Rewrite to target represented by docs/card-api/api-reference-card/index.md.
1,rewriteable_legacy_link,docs/card-api/api-reference-card/listalltokens.md,Legacy WordPress link can be rewritten to a mapped ReadMe destination.,https://developer.sprint.paymentology.com/companion-api/api-reference/local-api/,Rewrite to target represented by docs/companion-api/api-reference-companion/local-api/index.md.
1,rewriteable_legacy_link,docs/card-api/api-reference-card/listcards.md,Legacy WordPress link can be rewritten to a mapped ReadMe destination.,https://developer.sprint.paymentology.com/card-api/api-reference/,Rewrite to target represented by docs/card-api/api-reference-card/index.md.
1,rewriteable_legacy_link,docs/card-api/api-reference-card/listtokens.md,Legacy WordPress link can be rewritten to a mapped ReadMe destination.,https://developer.sprint.paymentology.com/card-api/api-reference/,Rewrite to target represented by docs/card-api/api-reference-card/index.md.
1,rewriteable_legacy_link,docs/card-api/api-reference-card/loadfunds.md,Legacy WordPress link can be rewritten to a mapped ReadMe destination.,https://developer.sprint.paymentology.com/card-api/api-reference/,Rewrite to target represented by docs/card-api/api-reference-card/index.md.
1,rewriteable_legacy_link,docs/card-api/api-reference-card/loadfundsreverse.md,Legacy WordPress link can be rewritten to a mapped ReadMe destination.,https://developer.sprint.paymentology.com/card-api/api-reference/,Rewrite to target represented by docs/card-api/api-reference-card/index.md.
1,rewriteable_legacy_link,docs/card-api/api-reference-card/mostrecenttransactions.md,Legacy WordPress link can be rewritten to a mapped ReadMe destination.,https://developer.sprint.paymentology.com/card-api/api-reference/,Rewrite to target represented by docs/card-api/api-reference-card/index.md.
1,rewriteable_legacy_link,docs/card-api/api-reference-card/ordercard.md,Legacy WordPress link can be rewritten to a mapped ReadMe destination.,https://developer.sprint.paymentology.com/card-api/api-reference/,Rewrite to target represented by docs/card-api/api-reference-card/index.md.
1,rewriteable_legacy_link,docs/card-api/api-reference-card/pockettransfer.md,Legacy WordPress link can be rewritten to a mapped ReadMe destination.,https://developer.sprint.paymentology.com/card-api/api-reference/,Rewrite to target represented by docs/card-api/api-reference-card/index.md.
1,rewriteable_legacy_link,docs/card-api/api-reference-card/pockettransferreverse.md,Legacy WordPress link can be rewritten to a mapped ReadMe destination.,https://developer.sprint.paymentology.com/card-api/api-reference/,Rewrite to target represented by docs/card-api/api-reference-card/index.md.
1,rewriteable_legacy_link,docs/card-api/api-reference-card/remotemessaging.md,Legacy WordPress link can be rewritten to a mapped ReadMe destination.,https://developer.sprint.paymentology.com/card-api/api-reference/threedsauthenticationoutcome/,Rewrite to target represented by docs/card-api/api-reference-card/threedsauthenticationoutcome.md.
1,rewriteable_legacy_link,docs/card-api/api-reference-card/retirecard.md,Legacy WordPress link can be rewritten to a mapped ReadMe destination.,https://developer.sprint.paymentology.com/card-api/api-reference/,Rewrite to target represented by docs/card-api/api-reference-card/index.md.
1,rewriteable_legacy_link,docs/card-api/api-reference-card/set3dsecurecode.md,Legacy WordPress link can be rewritten to a mapped ReadMe destination.,https://developer.sprint.paymentology.com/card-api/api-reference/,Rewrite to target represented by docs/card-api/api-reference-card/index.md.
1,rewriteable_legacy_link,docs/card-api/api-reference-card/setbearerdetail.md,Legacy WordPress link can be rewritten to a mapped ReadMe destination.,https://developer.sprint.paymentology.com/card-api/api-reference/,Rewrite to target represented by docs/card-api/api-reference-card/index.md.
1,rewriteable_legacy_link,docs/card-api/api-reference-card/stopcard.md,Legacy WordPress link can be rewritten to a mapped ReadMe destination.,https://developer.sprint.paymentology.com/card-api/api-reference/,Rewrite to target represented by docs/card-api/api-reference-card/index.md.
1,rewriteable_legacy_link,docs/card-api/api-reference-card/togglevoucherfeature.md,Legacy WordPress link can be rewritten to a mapped ReadMe destination.,https://developer.sprint.paymentology.com/card-api/api-reference/,Rewrite to target represented by docs/card-api/api-reference-card/index.md.
1,rewriteable_legacy_link,docs/card-api/api-reference-card/tokenapprovedevicebinding-2.md,Legacy WordPress link can be rewritten to a mapped ReadMe destination.,https://developer.sprint.paymentology.com/card-api/api-reference/,Rewrite to target represented by docs/card-api/api-reference-card/index.md.
1,rewriteable_legacy_link,docs/card-api/api-reference-card/tokenapprovedevicebinding.md,Legacy WordPress link can be rewritten to a mapped ReadMe destination.,https://developer.sprint.paymentology.com/card-api/api-reference/,Rewrite to target represented by docs/card-api/api-reference-card/index.md.
1,rewriteable_legacy_link,docs/card-api/api-reference-card/tokenremovedevicebinding.md,Legacy WordPress link can be rewritten to a mapped ReadMe destination.,https://developer.sprint.paymentology.com/card-api/api-reference/,Rewrite to target represented by docs/card-api/api-reference-card/index.md.
1,rewriteable_legacy_link,docs/card-api/api-reference-card/transferfunds.md,Legacy WordPress link can be rewritten to a mapped ReadMe destination.,https://developer.sprint.paymentology.com/card-api/api-reference/,Rewrite to target represented by docs/card-api/api-reference-card/index.md.
1,rewriteable_legacy_link,docs/card-api/api-reference-card/transferfundsreverse.md,Legacy WordPress link can be rewritten to a mapped ReadMe destination.,https://developer.sprint.paymentology.com/card-api/api-reference/,Rewrite to target represented by docs/card-api/api-reference-card/index.md.
1,rewriteable_legacy_link,docs/card-api/api-reference-card/transferlink.md,Legacy WordPress link can be rewritten to a mapped ReadMe destination.,https://developer.sprint.paymentology.com/card-api/api-reference/,Rewrite to target represented by docs/card-api/api-reference-card/index.md.
1,rewriteable_legacy_link,docs/card-api/api-reference-card/transfertoken-2.md,Legacy WordPress link can be rewritten to a mapped ReadMe destination.,https://developer.sprint.paymentology.com/card-api/api-reference/,Rewrite to target represented by docs/card-api/api-reference-card/index.md.
1,rewriteable_legacy_link,docs/card-api/api-reference-card/unstopcard.md,Legacy WordPress link can be rewritten to a mapped ReadMe destination.,https://developer.sprint.paymentology.com/card-api/api-reference/,Rewrite to target represented by docs/card-api/api-reference-card/index.md.
1,rewriteable_legacy_link,docs/card-api/api-reference-card/unstoptoken.md,Legacy WordPress link can be rewritten to a mapped ReadMe destination.,https://developer.sprint.paymentology.com/card-api/api-reference/,Rewrite to target represented by docs/card-api/api-reference-card/index.md.
1,rewriteable_legacy_link,docs/card-api/api-reference-card/updatecardexpirydate.md,Legacy WordPress link can be rewritten to a mapped ReadMe destination.,https://developer.sprint.paymentology.com/card-api/api-reference/,Rewrite to target represented by docs/card-api/api-reference-card/index.md.
1,rewriteable_legacy_link,docs/card-api/api-reference-card/updatecardlabel.md,Legacy WordPress link can be rewritten to a mapped ReadMe destination.,https://developer.sprint.paymentology.com/card-api/api-reference/,Rewrite to target represented by docs/card-api/api-reference-card/index.md.
1,rewriteable_legacy_link,docs/card-api/api-reference-card/updatecvv.md,Legacy WordPress link can be rewritten to a mapped ReadMe destination.,https://developer.sprint.paymentology.com/card-api/api-reference/,Rewrite to target represented by docs/card-api/api-reference-card/index.md.
1,rewriteable_legacy_link,docs/card-api/api-reference-card/updatetokenaccount.md,Legacy WordPress link can be rewritten to a mapped ReadMe destination.,https://developer.sprint.paymentology.com/card-api/api-reference/,Rewrite to target represented by docs/card-api/api-reference-card/index.md.
1,rewriteable_legacy_link,docs/card-api/reports/failed-transaction-report-2.md,Legacy WordPress link can be rewritten to a mapped ReadMe destination.,https://developer.sprint.paymentology.com/companion-api/tokenization2/token-lifecycle-management/#WID,Rewrite to target represented by docs/companion-api/tokenization2/token-lifecycle-management.md.
1,rewriteable_legacy_link,docs/card-api/reports/index.md,Legacy WordPress link can be rewritten to a mapped ReadMe destination.,https://developer.sprint.paymentology.com/card-api/reports/mark-off-file,Rewrite to target represented by docs/card-api/reports/mark-off-file.md.
1,rewriteable_legacy_link,docs/card-api/reports/index.md,Legacy WordPress link can be rewritten to a mapped ReadMe destination.,https://developer.sprint.paymentology.com/card-api/reports/summary-settlement-report-2,Rewrite to target represented by docs/card-api/reports/summary-settlement-report-2.md.
1,rewriteable_legacy_link,docs/card-api/reports/index.md,Legacy WordPress link can be rewritten to a mapped ReadMe destination.,https://developer.sprint.paymentology.com/card-api/reports/detailed-settlement-report,Rewrite to target represented by docs/card-api/reports/detailed-settlement-report.md.
1,rewriteable_legacy_link,docs/card-api/reports/index.md,Legacy WordPress link can be rewritten to a mapped ReadMe destination.,https://developer.sprint.paymentology.com/card-api/reports/forex-gains-report-2,Rewrite to target represented by docs/card-api/reports/forex-gains-report-2.md.
1,rewriteable_legacy_link,docs/card-api/reports/index.md,Legacy WordPress link can be rewritten to a mapped ReadMe destination.,https://developer.sprint.paymentology.com/card-api/reports/failed-transaction-report-2,Rewrite to target represented by docs/card-api/reports/failed-transaction-report-2.md.
1,rewriteable_legacy_link,docs/card-api/reports/index.md,Legacy WordPress link can be rewritten to a mapped ReadMe destination.,https://developer.sprint.paymentology.com/card-api/reports/card-order-report-2,Rewrite to target represented by docs/card-api/reports/card-order-report-2.md.
1,rewriteable_legacy_link,docs/card-api/reports/index.md,Legacy WordPress link can be rewritten to a mapped ReadMe destination.,https://developer.sprint.paymentology.com/card-api/reports/ecommerce-report/,Rewrite to target represented by docs/card-api/reports/ecommerce-report.md.
1,rewriteable_legacy_link,docs/card-api/reports/index.md,Legacy WordPress link can be rewritten to a mapped ReadMe destination.,https://developer.sprint.paymentology.com/card-api/reports/inactive-cards-report/,Rewrite to target represented by docs/card-api/reports/inactive-cards-report.md.
1,rewriteable_legacy_link,docs/card-api/reports/index.md,Legacy WordPress link can be rewritten to a mapped ReadMe destination.,https://developer.sprint.paymentology.com/card-api/reports/authorisation-income-report/,Rewrite to target represented by docs/card-api/reports/authorisation-income-report.md.
1,rewriteable_legacy_link,docs/card-api/reports/index.md,Legacy WordPress link can be rewritten to a mapped ReadMe destination.,https://developer.sprint.paymentology.com/card-api/reports/card-balance-report/,Rewrite to target represented by docs/card-api/reports/card-balance-report.md.
1,rewriteable_legacy_link,docs/card-api/reports/index.md,Legacy WordPress link can be rewritten to a mapped ReadMe destination.,https://developer.sprint.paymentology.com/card-api/reports/daily-statement-report/,Rewrite to target represented by docs/card-api/reports/daily-statement-report.md.
1,rewriteable_legacy_link,docs/card-api/reports/index.md,Legacy WordPress link can be rewritten to a mapped ReadMe destination.,https://developer.sprint.paymentology.com/card-api/reports/apple-pay-quarterly-fee-billing-report/,Rewrite to target represented by docs/card-api/reports/apple-pay-quarterly-fee-billing-report.md.
1,rewriteable_legacy_link,docs/card-api/reports/index.md,Legacy WordPress link can be rewritten to a mapped ReadMe destination.,https://developer.sprint.paymentology.com/card-api/reports/apple-pay-monthly-top-merchant-report/,Rewrite to target represented by docs/card-api/reports/apple-pay-monthly-top-merchant-report.md.
1,rewriteable_legacy_link,docs/card-api/reports/index.md,Legacy WordPress link can be rewritten to a mapped ReadMe destination.,https://developer.sprint.paymentology.com/card-api/reports/apple-pay-monthly-metric-report/,Rewrite to target represented by docs/card-api/reports/apple-pay-monthly-metric-report.md.
1,rewriteable_legacy_link,docs/card-api/reports/index.md,Legacy WordPress link can be rewritten to a mapped ReadMe destination.,https://developer.sprint.paymentology.com/card-api/reports/apple-pay-monthly-usage-frequency-report/,Rewrite to target represented by docs/card-api/reports/apple-pay-monthly-usage-frequency-report.md.
1,rewriteable_legacy_link,docs/card-api/reports/index.md,Legacy WordPress link can be rewritten to a mapped ReadMe destination.,https://developer.sprint.paymentology.com/card-api/reports/apple-pay-monthly-fee-billing-report/,Rewrite to target represented by docs/card-api/reports/apple-pay-monthly-fee-billing-report.md.
1,rewriteable_legacy_link,docs/card-api/reports/index.md,Legacy WordPress link can be rewritten to a mapped ReadMe destination.,https://developer.sprint.paymentology.com/card-api/reports/apple-pay-monthly-declines-report/,Rewrite to target represented by docs/card-api/reports/apple-pay-monthly-declines-report.md.
1,rewriteable_legacy_link,docs/card-api/reports/index.md,Legacy WordPress link can be rewritten to a mapped ReadMe destination.,https://developer.sprint.paymentology.com/card-api/reports/google-pay-monthly-report/,Rewrite to target represented by docs/card-api/reports/google-pay-monthly-report.md.
1,rewriteable_legacy_link,docs/card-api/reports/index.md,Legacy WordPress link can be rewritten to a mapped ReadMe destination.,https://developer.sprint.paymentology.com/card-api/reports/linked-cards-report/,Rewrite to target represented by docs/card-api/reports/linked-cards-report.md.
1,rewriteable_legacy_link,docs/card-api/reports/index.md,Legacy WordPress link can be rewritten to a mapped ReadMe destination.,https://developer.sprint.paymentology.com/card-api/reports/blocked-transactions-report/,Rewrite to target represented by docs/card-api/reports/blocked-transactions-report.md.
1,rewriteable_legacy_link,docs/card-api/reports/index.md,Legacy WordPress link can be rewritten to a mapped ReadMe destination.,https://developer.sprint.paymentology.com/card-api/reports/daily-negative-balance-report/,Rewrite to target represented by docs/card-api/reports/daily-negative-balance-report.md.
1,rewriteable_legacy_link,docs/card-api/reports/index.md,Legacy WordPress link can be rewritten to a mapped ReadMe destination.,https://developer.sprint.paymentology.com/card-api/reports/qvr-data-report/,Rewrite to target represented by docs/card-api/reports/qvr-data-report.md.
1,rewriteable_legacy_link,docs/card-api/reports/index.md,Legacy WordPress link can be rewritten to a mapped ReadMe destination.,https://developer.sprint.paymentology.com/card-api/reports/qmr-data-report/,Rewrite to target represented by docs/card-api/reports/qmr-data-report.md.
1,rewriteable_legacy_link,docs/card-api/reports/index.md,Legacy WordPress link can be rewritten to a mapped ReadMe destination.,https://developer.sprint.paymentology.com/card-api/reports/vau-transaction-report/,Rewrite to target represented by docs/card-api/reports/vau-transaction-report.md.
1,rewriteable_legacy_link,docs/card-api/reports/index.md,Legacy WordPress link can be rewritten to a mapped ReadMe destination.,https://developer.sprint.paymentology.com/card-api/reports/daily-sales-and-redemption-report/,Rewrite to target represented by docs/card-api/reports/daily-sales-and-redemption-report.md.
1,rewriteable_legacy_link,docs/card-api/tokenization/provisioning.md,Legacy WordPress link can be rewritten to a mapped ReadMe destination.,https://developer.sprint.paymentology.com/remotemessaging/,Rewrite to target represented by docs/card-api/api-reference-card/remotemessaging.md.
1,rewriteable_legacy_link,docs/card-api/tokenization/provisioning.md,Legacy WordPress link can be rewritten to a mapped ReadMe destination.,https://developer.sprint.paymentology.com/companion-api/api-reference/local-api/calculatetav/,Rewrite to target represented by docs/card-api/api-reference-card/calculatetav.md.
1,rewriteable_legacy_link,docs/card-api/tokenization/provisioning.md,Legacy WordPress link can be rewritten to a mapped ReadMe destination.,https://developer.sprint.paymentology.com/administrative-message-values/,Rewrite to target represented by docs/companion-api/api-reference-companion/remote/administrativemessage/administrative-message-values.md.
1,rewriteable_legacy_link,docs/card-api/tokenization/provisioning.md,Legacy WordPress link can be rewritten to a mapped ReadMe destination.,https://developer.sprint.paymentology.com/remotemessaging/#3DSecure,Rewrite to target represented by docs/card-api/api-reference-card/remotemessaging.md.
1,rewriteable_legacy_link,docs/card-api/tokenization/provisioning.md,Legacy WordPress link can be rewritten to a mapped ReadMe destination.,https://developer.sprint.paymentology.com/remotemessaging/#activation,Rewrite to target represented by docs/card-api/api-reference-card/remotemessaging.md.
1,rewriteable_legacy_link,docs/card-api/tokenization/provisioning.md,Legacy WordPress link can be rewritten to a mapped ReadMe destination.,https://developer.sprint.paymentology.com/remotemessaging/#activationmethods,Rewrite to target represented by docs/card-api/api-reference-card/remotemessaging.md.
1,rewriteable_legacy_link,docs/card-api/tokenization/provisioning.md,Legacy WordPress link can be rewritten to a mapped ReadMe destination.,https://developer.sprint.paymentology.com/remotemessaging/#event,Rewrite to target represented by docs/card-api/api-reference-card/remotemessaging.md.
1,rewriteable_legacy_link,docs/companion-api/api-reference-companion/index.md,Legacy WordPress link can be rewritten to a mapped ReadMe destination.,https://developer.sprint.paymentology.com/companion-api/api-reference/local-api/,Rewrite to target represented by docs/companion-api/api-reference-companion/local-api/index.md.
1,rewriteable_legacy_link,docs/companion-api/api-reference-companion/index.md,Legacy WordPress link can be rewritten to a mapped ReadMe destination.,https://developer.sprint.paymentology.com/response-codes/,Rewrite to target represented by docs/chargeback-api/response-codes.md.
1,rewriteable_legacy_link,docs/companion-api/api-reference-companion/index.md,Legacy WordPress link can be rewritten to a mapped ReadMe destination.,https://developer.sprint.paymentology.com/response-codes-2/,Rewrite to target represented by docs/response-codes-2/index.md.
1,rewriteable_legacy_link,docs/companion-api/api-reference-companion/local-api/activatecard.md,Legacy WordPress link can be rewritten to a mapped ReadMe destination.,https://developer.sprint.paymentology.com/companion-api/api-reference/local-api/,Rewrite to target represented by docs/companion-api/api-reference-companion/local-api/index.md.
1,rewriteable_legacy_link,docs/companion-api/api-reference-companion/local-api/activatetoken-1.md,Legacy WordPress link can be rewritten to a mapped ReadMe destination.,https://developer.sprint.paymentology.com/companion-api/api-reference/local-api/,Rewrite to target represented by docs/companion-api/api-reference-companion/local-api/index.md.
1,rewriteable_legacy_link,docs/companion-api/api-reference-companion/local-api/calculatetav-1.md,Legacy WordPress link can be rewritten to a mapped ReadMe destination.,https://developer.sprint.paymentology.com/companion-api/api-reference/local-api/,Rewrite to target represented by docs/companion-api/api-reference-companion/local-api/index.md.
1,rewriteable_legacy_link,docs/companion-api/api-reference-companion/local-api/changepin-1.md,Legacy WordPress link can be rewritten to a mapped ReadMe destination.,https://developer.sprint.paymentology.com/companion-api/secure-apis/,Rewrite to target represented by docs/companion-api/secure-apis.md.
1,rewriteable_legacy_link,docs/companion-api/api-reference-companion/local-api/changepin-1.md,Legacy WordPress link can be rewritten to a mapped ReadMe destination.,https://developer.sprint.paymentology.com/companion-api/api-reference/local-api/,Rewrite to target represented by docs/companion-api/api-reference-companion/local-api/index.md.
1,rewriteable_legacy_link,docs/companion-api/api-reference-companion/local-api/createlinkedcard.md,Legacy WordPress link can be rewritten to a mapped ReadMe destination.,https://developer.sprint.paymentology.com/companion-api/secure-apis/,Rewrite to target represented by docs/companion-api/secure-apis.md.
1,rewriteable_legacy_link,docs/companion-api/api-reference-companion/local-api/createlinkedcard.md,Legacy WordPress link can be rewritten to a mapped ReadMe destination.,https://developer.sprint.paymentology.com/companion-api/api-reference/local-api/,Rewrite to target represented by docs/companion-api/api-reference-companion/local-api/index.md.
1,rewriteable_legacy_link,docs/companion-api/api-reference-companion/local-api/createlinkedcardmaskedresponse.md,Legacy WordPress link can be rewritten to a mapped ReadMe destination.,https://developer.sprint.paymentology.com/companion-api/api-reference/local-api/,Rewrite to target represented by docs/companion-api/api-reference-companion/local-api/index.md.
1,rewriteable_legacy_link,docs/companion-api/api-reference-companion/local-api/deletetoken.md,Legacy WordPress link can be rewritten to a mapped ReadMe destination.,https://developer.sprint.paymentology.com/companion-api/api-reference/local-api/,Rewrite to target represented by docs/companion-api/api-reference-companion/local-api/index.md.
1,rewriteable_legacy_link,docs/companion-api/api-reference-companion/local-api/generatetimebasedsecret.md,Legacy WordPress link can be rewritten to a mapped ReadMe destination.,https://developer.sprint.paymentology.com/companion-api/api-reference/local-api/,Rewrite to target represented by docs/companion-api/api-reference-companion/local-api/index.md.
1,rewriteable_legacy_link,docs/companion-api/api-reference-companion/local-api/getactivelinkedcards.md,Legacy WordPress link can be rewritten to a mapped ReadMe destination.,https://developer.sprint.paymentology.com/companion-api/secure-apis/,Rewrite to target represented by docs/companion-api/secure-apis.md.
1,rewriteable_legacy_link,docs/companion-api/api-reference-companion/local-api/getactivelinkedcards.md,Legacy WordPress link can be rewritten to a mapped ReadMe destination.,https://developer.sprint.paymentology.com/companion-api/api-reference/local-api/,Rewrite to target represented by docs/companion-api/api-reference-companion/local-api/index.md.
1,rewriteable_legacy_link,docs/companion-api/api-reference-companion/local-api/getcarddetails.md,Legacy WordPress link can be rewritten to a mapped ReadMe destination.,https://developer.sprint.paymentology.com/companion-api/secure-apis/,Rewrite to target represented by docs/companion-api/secure-apis.md.
1,rewriteable_legacy_link,docs/companion-api/api-reference-companion/local-api/getcarddetails.md,Legacy WordPress link can be rewritten to a mapped ReadMe destination.,https://developer.sprint.paymentology.com/companion-api/api-reference/local-api/,Rewrite to target represented by docs/companion-api/api-reference-companion/local-api/index.md.
1,rewriteable_legacy_link,docs/companion-api/api-reference-companion/local-api/getlinkedcards.md,Legacy WordPress link can be rewritten to a mapped ReadMe destination.,https://developer.sprint.paymentology.com/companion-api/secure-apis/,Rewrite to target represented by docs/companion-api/secure-apis.md.
1,rewriteable_legacy_link,docs/companion-api/api-reference-companion/local-api/getlinkedcards.md,Legacy WordPress link can be rewritten to a mapped ReadMe destination.,https://developer.sprint.paymentology.com/companion-api/api-reference/local-api/,Rewrite to target represented by docs/companion-api/api-reference-companion/local-api/index.md.
1,rewriteable_legacy_link,docs/companion-api/api-reference-companion/local-api/index.md,Legacy WordPress link can be rewritten to a mapped ReadMe destination.,https://developer.sprint.paymentology.com/companion-api/api-reference/local-api/activatecard/,Rewrite to target represented by docs/companion-api/api-reference-companion/local-api/activatecard.md.
1,rewriteable_legacy_link,docs/companion-api/api-reference-companion/local-api/index.md,Legacy WordPress link can be rewritten to a mapped ReadMe destination.,https://developer.sprint.paymentology.com/companion-api/api-reference/local-api/activatetoken/,Rewrite to target represented by docs/card-api/api-reference-card/activatetoken.md.
1,rewriteable_legacy_link,docs/companion-api/api-reference-companion/local-api/index.md,Legacy WordPress link can be rewritten to a mapped ReadMe destination.,https://developer.sprint.paymentology.com/companion-api/api-reference/local-api/calculatetav/,Rewrite to target represented by docs/card-api/api-reference-card/calculatetav.md.
1,rewriteable_legacy_link,docs/companion-api/api-reference-companion/local-api/index.md,Legacy WordPress link can be rewritten to a mapped ReadMe destination.,https://developer.sprint.paymentology.com/companion-api/api-reference/local-api/changepin/,Rewrite to target represented by docs/card-api/api-reference-card/changepin.md.
1,rewriteable_legacy_link,docs/companion-api/api-reference-companion/local-api/index.md,Legacy WordPress link can be rewritten to a mapped ReadMe destination.,https://developer.sprint.paymentology.com/companion-api/api-reference/local-api/createlinkedcard/,Rewrite to target represented by docs/companion-api/api-reference-companion/local-api/createlinkedcard.md.
1,rewriteable_legacy_link,docs/companion-api/api-reference-companion/local-api/index.md,Legacy WordPress link can be rewritten to a mapped ReadMe destination.,https://developer.sprint.paymentology.com/deletetoken/,Rewrite to target represented by docs/companion-api/api-reference-companion/local-api/deletetoken.md.
1,rewriteable_legacy_link,docs/companion-api/api-reference-companion/local-api/index.md,Legacy WordPress link can be rewritten to a mapped ReadMe destination.,https://developer.sprint.paymentology.com/companion-api/api-reference/local-api/getactivelinkedcards/,Rewrite to target represented by docs/companion-api/api-reference-companion/local-api/getactivelinkedcards.md.
1,rewriteable_legacy_link,docs/companion-api/api-reference-companion/local-api/index.md,Legacy WordPress link can be rewritten to a mapped ReadMe destination.,https://developer.sprint.paymentology.com/companion-api/api-reference/local-api/getcarddetails/,Rewrite to target represented by docs/companion-api/api-reference-companion/local-api/getcarddetails.md.
1,rewriteable_legacy_link,docs/companion-api/api-reference-companion/local-api/index.md,Legacy WordPress link can be rewritten to a mapped ReadMe destination.,https://developer.sprint.paymentology.com/companion-api/api-reference/local-api/linkcard/,Rewrite to target represented by docs/card-api/api-reference-card/linkcard.md.
1,rewriteable_legacy_link,docs/companion-api/api-reference-companion/local-api/index.md,Legacy WordPress link can be rewritten to a mapped ReadMe destination.,https://developer.sprint.paymentology.com/companion-api/api-reference/local-api/listalltokens/,Rewrite to target represented by docs/card-api/api-reference-card/listalltokens.md.
1,rewriteable_legacy_link,docs/companion-api/api-reference-companion/local-api/index.md,Legacy WordPress link can be rewritten to a mapped ReadMe destination.,https://developer.sprint.paymentology.com/listtokens/,Rewrite to target represented by docs/card-api/api-reference-card/listtokens.md.
1,rewriteable_legacy_link,docs/companion-api/api-reference-companion/local-api/index.md,Legacy WordPress link can be rewritten to a mapped ReadMe destination.,https://developer.sprint.paymentology.com/companion-api/api-reference/local-api/ordercard/,Rewrite to target represented by docs/card-api/api-reference-card/ordercard.md.
1,rewriteable_legacy_link,docs/companion-api/api-reference-companion/local-api/index.md,Legacy WordPress link can be rewritten to a mapped ReadMe destination.,https://developer.sprint.paymentology.com/companion-api/api-reference/local-api/ordercardwithpinblock/,Rewrite to target represented by docs/card-api/api-reference-card/ordercardwithpinblock.md.
1,rewriteable_legacy_link,docs/companion-api/api-reference-companion/local-api/index.md,Legacy WordPress link can be rewritten to a mapped ReadMe destination.,https://developer.sprint.paymentology.com/companion-api/api-reference/local-api/printlinkedcard/,Rewrite to target represented by docs/companion-api/api-reference-companion/local-api/printlinkedcard.md.
1,rewriteable_legacy_link,docs/companion-api/api-reference-companion/local-api/index.md,Legacy WordPress link can be rewritten to a mapped ReadMe destination.,https://developer.sprint.paymentology.com/companion-api/api-reference/local-api/printlinkedcardwithpinblock/,Rewrite to target represented by docs/companion-api/api-reference-companion/local-api/printlinkedcardwithpinblock.md.
1,rewriteable_legacy_link,docs/companion-api/api-reference-companion/local-api/index.md,Legacy WordPress link can be rewritten to a mapped ReadMe destination.,https://developer.sprint.paymentology.com/companion-api/api-reference/local-api/resetpin/,Rewrite to target represented by docs/companion-api/api-reference-companion/local-api/resetpin.md.
1,rewriteable_legacy_link,docs/companion-api/api-reference-companion/local-api/index.md,Legacy WordPress link can be rewritten to a mapped ReadMe destination.,https://developer.sprint.paymentology.com/retirecard/,Rewrite to target represented by docs/card-api/api-reference-card/retirecard.md.
1,rewriteable_legacy_link,docs/companion-api/api-reference-companion/local-api/index.md,Legacy WordPress link can be rewritten to a mapped ReadMe destination.,https://developer.sprint.paymentology.com/companion-api/api-reference/local-api/status/,Rewrite to target represented by docs/companion-api/api-reference-companion/local-api/status.md.
1,rewriteable_legacy_link,docs/companion-api/api-reference-companion/local-api/index.md,Legacy WordPress link can be rewritten to a mapped ReadMe destination.,https://developer.sprint.paymentology.com/companion-api/api-reference/local-api/set3dsecurecode/,Rewrite to target represented by docs/card-api/api-reference-card/set3dsecurecode.md.
1,rewriteable_legacy_link,docs/companion-api/api-reference-companion/local-api/index.md,Legacy WordPress link can be rewritten to a mapped ReadMe destination.,https://developer.sprint.paymentology.com/companion-api/api-reference/local-api/stopcard/,Rewrite to target represented by docs/card-api/api-reference-card/stopcard.md.
1,rewriteable_legacy_link,docs/companion-api/api-reference-companion/local-api/index.md,Legacy WordPress link can be rewritten to a mapped ReadMe destination.,https://developer.sprint.paymentology.com/stoptoken/,Rewrite to target represented by docs/card-api/api-reference-card/stoptoken.md.
1,rewriteable_legacy_link,docs/companion-api/api-reference-companion/local-api/index.md,Legacy WordPress link can be rewritten to a mapped ReadMe destination.,https://developer.sprint.paymentology.com/companion-api/api-reference/local-api/threedsauthenticationoutcome/,Rewrite to target represented by docs/card-api/api-reference-card/threedsauthenticationoutcome.md.
1,rewriteable_legacy_link,docs/companion-api/api-reference-companion/local-api/index.md,Legacy WordPress link can be rewritten to a mapped ReadMe destination.,https://developer.sprint.paymentology.com/companion-api/api-reference/local-api/togglevoucherfeature/,Rewrite to target represented by docs/card-api/api-reference-card/togglevoucherfeature.md.
1,rewriteable_legacy_link,docs/companion-api/api-reference-companion/local-api/index.md,Legacy WordPress link can be rewritten to a mapped ReadMe destination.,https://developer.sprint.paymentology.com/companion-api/api-reference/local-api/tokenapprovedevicebinding/,Rewrite to target represented by docs/card-api/api-reference-card/tokenapprovedevicebinding.md.
1,rewriteable_legacy_link,docs/companion-api/api-reference-companion/local-api/index.md,Legacy WordPress link can be rewritten to a mapped ReadMe destination.,https://developer.sprint.paymentology.com/companion-api/api-reference/local-api/tokenremovedevicebinding/,Rewrite to target represented by docs/card-api/api-reference-card/tokenremovedevicebinding.md.
1,rewriteable_legacy_link,docs/companion-api/api-reference-companion/local-api/index.md,Legacy WordPress link can be rewritten to a mapped ReadMe destination.,https://developer.sprint.paymentology.com/companion-api/api-reference/local-api/transferlink/,Rewrite to target represented by docs/card-api/api-reference-card/transferlink.md.
1,rewriteable_legacy_link,docs/companion-api/api-reference-companion/local-api/index.md,Legacy WordPress link can be rewritten to a mapped ReadMe destination.,https://developer.sprint.paymentology.com/transfertoken/,Rewrite to target represented by docs/companion-api/api-reference-companion/local-api/transfertoken.md.
1,rewriteable_legacy_link,docs/companion-api/api-reference-companion/local-api/index.md,Legacy WordPress link can be rewritten to a mapped ReadMe destination.,https://developer.sprint.paymentology.com/companion-api/api-reference/local-api/unstopcard/,Rewrite to target represented by docs/card-api/api-reference-card/unstopcard.md.
1,rewriteable_legacy_link,docs/companion-api/api-reference-companion/local-api/index.md,Legacy WordPress link can be rewritten to a mapped ReadMe destination.,https://developer.sprint.paymentology.com/unstoptoken/,Rewrite to target represented by docs/card-api/api-reference-card/unstoptoken.md.
1,rewriteable_legacy_link,docs/companion-api/api-reference-companion/local-api/index.md,Legacy WordPress link can be rewritten to a mapped ReadMe destination.,https://developer.sprint.paymentology.com/companion-api/api-reference/local-api/updatebearer/,Rewrite to target represented by docs/companion-api/api-reference-companion/local-api/updatebearer.md.
1,rewriteable_legacy_link,docs/companion-api/api-reference-companion/local-api/index.md,Legacy WordPress link can be rewritten to a mapped ReadMe destination.,https://developer.sprint.paymentology.com/companion-api/api-reference/local-api/updatecvv/,Rewrite to target represented by docs/card-api/api-reference-card/updatecvv.md.
1,rewriteable_legacy_link,docs/companion-api/api-reference-companion/local-api/index.md,Legacy WordPress link can be rewritten to a mapped ReadMe destination.,https://developer.sprint.paymentology.com/companion-api/api-reference/local-api/updatetokenaccount/,Rewrite to target represented by docs/card-api/api-reference-card/updatetokenaccount.md.
1,rewriteable_legacy_link,docs/companion-api/api-reference-companion/local-api/index.md,Legacy WordPress link can be rewritten to a mapped ReadMe destination.,https://developer.sprint.paymentology.com/response-codes/,Rewrite to target represented by docs/chargeback-api/response-codes.md.
1,rewriteable_legacy_link,docs/companion-api/api-reference-companion/local-api/linkcard-1.md,Legacy WordPress link can be rewritten to a mapped ReadMe destination.,https://developer.sprint.paymentology.com/companion-api/api-reference/local-api/,Rewrite to target represented by docs/companion-api/api-reference-companion/local-api/index.md.
1,rewriteable_legacy_link,docs/companion-api/api-reference-companion/local-api/listalltokens-1.md,Legacy WordPress link can be rewritten to a mapped ReadMe destination.,https://developer.sprint.paymentology.com/companion-api/api-reference/local-api/,Rewrite to target represented by docs/companion-api/api-reference-companion/local-api/index.md.
1,rewriteable_legacy_link,docs/companion-api/api-reference-companion/local-api/listtokens-1.md,Legacy WordPress link can be rewritten to a mapped ReadMe destination.,https://developer.sprint.paymentology.com/companion-api/api-reference/local-api/,Rewrite to target represented by docs/companion-api/api-reference-companion/local-api/index.md.
1,rewriteable_legacy_link,docs/companion-api/api-reference-companion/local-api/ordercard-1.md,Legacy WordPress link can be rewritten to a mapped ReadMe destination.,https://developer.sprint.paymentology.com/companion-api/api-reference/local-api/,Rewrite to target represented by docs/companion-api/api-reference-companion/local-api/index.md.
1,rewriteable_legacy_link,docs/companion-api/api-reference-companion/local-api/ordercardwithpinblock-1.md,Legacy WordPress link can be rewritten to a mapped ReadMe destination.,https://developer.sprint.paymentology.com/companion-api/api-reference/local-api/,Rewrite to target represented by docs/companion-api/api-reference-companion/local-api/index.md.
1,rewriteable_legacy_link,docs/companion-api/api-reference-companion/local-api/printlinkedcard.md,Legacy WordPress link can be rewritten to a mapped ReadMe destination.,https://developer.sprint.paymentology.com/companion-api/api-reference/local-api/,Rewrite to target represented by docs/companion-api/api-reference-companion/local-api/index.md.
1,rewriteable_legacy_link,docs/companion-api/api-reference-companion/local-api/printlinkedcardwithpinblock.md,Legacy WordPress link can be rewritten to a mapped ReadMe destination.,https://developer.sprint.paymentology.com/companion-api/api-reference/local-api/,Rewrite to target represented by docs/companion-api/api-reference-companion/local-api/index.md.
1,rewriteable_legacy_link,docs/companion-api/api-reference-companion/local-api/resetpin.md,Legacy WordPress link can be rewritten to a mapped ReadMe destination.,https://developer.sprint.paymentology.com/companion-api/api-reference/local-api/,Rewrite to target represented by docs/companion-api/api-reference-companion/local-api/index.md.
1,rewriteable_legacy_link,docs/companion-api/api-reference-companion/local-api/retirecard-1.md,Legacy WordPress link can be rewritten to a mapped ReadMe destination.,https://developer.sprint.paymentology.com/companion-api/api-reference/local-api/,Rewrite to target represented by docs/companion-api/api-reference-companion/local-api/index.md.
1,rewriteable_legacy_link,docs/companion-api/api-reference-companion/local-api/set3dsecurecode-1.md,Legacy WordPress link can be rewritten to a mapped ReadMe destination.,https://developer.sprint.paymentology.com/companion-api/api-reference/local-api/,Rewrite to target represented by docs/companion-api/api-reference-companion/local-api/index.md.
1,rewriteable_legacy_link,docs/companion-api/api-reference-companion/local-api/status.md,Legacy WordPress link can be rewritten to a mapped ReadMe destination.,https://developer.sprint.paymentology.com/companion-api/api-reference/local-api/,Rewrite to target represented by docs/companion-api/api-reference-companion/local-api/index.md.
1,rewriteable_legacy_link,docs/companion-api/api-reference-companion/local-api/stopcard-1.md,Legacy WordPress link can be rewritten to a mapped ReadMe destination.,https://developer.sprint.paymentology.com/companion-api/api-reference/local-api/,Rewrite to target represented by docs/companion-api/api-reference-companion/local-api/index.md.
1,rewriteable_legacy_link,docs/companion-api/api-reference-companion/local-api/stoptoken-1.md,Legacy WordPress link can be rewritten to a mapped ReadMe destination.,https://developer.sprint.paymentology.com/companion-api/api-reference/local-api/,Rewrite to target represented by docs/companion-api/api-reference-companion/local-api/index.md.
1,rewriteable_legacy_link,docs/companion-api/api-reference-companion/local-api/threedsauthenticationoutcome-1.md,Legacy WordPress link can be rewritten to a mapped ReadMe destination.,https://developer.sprint.paymentology.com/companion-api/api-reference/remote/administrativemessage/#3DSAppAuth,Rewrite to target represented by docs/companion-api/api-reference-companion/remote/administrativemessage/index.md.
1,rewriteable_legacy_link,docs/companion-api/api-reference-companion/local-api/togglevoucherfeature-1.md,Legacy WordPress link can be rewritten to a mapped ReadMe destination.,https://developer.sprint.paymentology.com/companion-api/api-reference/local-api/,Rewrite to target represented by docs/companion-api/api-reference-companion/local-api/index.md.
1,rewriteable_legacy_link,docs/companion-api/api-reference-companion/local-api/tokenapprovedevicebinding-1.md,Legacy WordPress link can be rewritten to a mapped ReadMe destination.,https://developer.sprint.paymentology.com/companion-api/api-reference/local-api/,Rewrite to target represented by docs/companion-api/api-reference-companion/local-api/index.md.
1,rewriteable_legacy_link,docs/companion-api/api-reference-companion/local-api/tokenremovedevicebinding-1.md,Legacy WordPress link can be rewritten to a mapped ReadMe destination.,https://developer.sprint.paymentology.com/companion-api/api-reference/local-api/,Rewrite to target represented by docs/companion-api/api-reference-companion/local-api/index.md.
1,rewriteable_legacy_link,docs/companion-api/api-reference-companion/local-api/transferlink-1.md,Legacy WordPress link can be rewritten to a mapped ReadMe destination.,https://developer.sprint.paymentology.com/companion-api/api-reference/local-api/,Rewrite to target represented by docs/companion-api/api-reference-companion/local-api/index.md.
1,rewriteable_legacy_link,docs/companion-api/api-reference-companion/local-api/transfertoken.md,Legacy WordPress link can be rewritten to a mapped ReadMe destination.,https://developer.sprint.paymentology.com/companion-api/api-reference/local-api/,Rewrite to target represented by docs/companion-api/api-reference-companion/local-api/index.md.
1,rewriteable_legacy_link,docs/companion-api/api-reference-companion/local-api/unstopcard-1.md,Legacy WordPress link can be rewritten to a mapped ReadMe destination.,https://developer.sprint.paymentology.com/companion-api/api-reference/local-api/,Rewrite to target represented by docs/companion-api/api-reference-companion/local-api/index.md.
1,rewriteable_legacy_link,docs/companion-api/api-reference-companion/local-api/unstoptoken-1.md,Legacy WordPress link can be rewritten to a mapped ReadMe destination.,https://developer.sprint.paymentology.com/companion-api/api-reference/local-api/,Rewrite to target represented by docs/companion-api/api-reference-companion/local-api/index.md.
1,rewriteable_legacy_link,docs/companion-api/api-reference-companion/local-api/updatebearer.md,Legacy WordPress link can be rewritten to a mapped ReadMe destination.,https://developer.sprint.paymentology.com/companion-api/api-reference/local-api/,Rewrite to target represented by docs/companion-api/api-reference-companion/local-api/index.md.
1,rewriteable_legacy_link,docs/companion-api/api-reference-companion/local-api/updatecvv-1.md,Legacy WordPress link can be rewritten to a mapped ReadMe destination.,https://developer.sprint.paymentology.com/companion-api/secure-apis/,Rewrite to target represented by docs/companion-api/secure-apis.md.
1,rewriteable_legacy_link,docs/companion-api/api-reference-companion/local-api/updatecvv-1.md,Legacy WordPress link can be rewritten to a mapped ReadMe destination.,https://developer.sprint.paymentology.com/companion-api/api-reference/local-api/,Rewrite to target represented by docs/companion-api/api-reference-companion/local-api/index.md.
1,rewriteable_legacy_link,docs/companion-api/api-reference-companion/local-api/updatetokenaccount-1.md,Legacy WordPress link can be rewritten to a mapped ReadMe destination.,https://developer.sprint.paymentology.com/companion-api/api-reference/local-api/,Rewrite to target represented by docs/companion-api/api-reference-companion/local-api/index.md.
1,rewriteable_legacy_link,docs/companion-api/api-reference-companion/remote/balance.md,Legacy WordPress link can be rewritten to a mapped ReadMe destination.,https://developer.sprint.paymentology.com/companion-api/klv-lookup/,Rewrite to target represented by docs/companion-api/klv-lookup.md.
1,rewriteable_legacy_link,docs/companion-api/api-reference-companion/remote/deductadjustment.md,Legacy WordPress link can be rewritten to a mapped ReadMe destination.,https://developer.sprint.paymentology.com/companion-api/klv-lookup/,Rewrite to target represented by docs/companion-api/klv-lookup.md.
1,rewriteable_legacy_link,docs/companion-api/api-reference-companion/remote/deductreversal.md,Legacy WordPress link can be rewritten to a mapped ReadMe destination.,https://developer.sprint.paymentology.com/companion-api/klv-lookup/,Rewrite to target represented by docs/companion-api/klv-lookup.md.
1,rewriteable_legacy_link,docs/companion-api/api-reference-companion/remote/index.md,Legacy WordPress link can be rewritten to a mapped ReadMe destination.,https://developer.sprint.paymentology.com/companion-api/api-reference/remote/administrativemessage/,Rewrite to target represented by docs/companion-api/api-reference-companion/remote/administrativemessage/index.md.
1,rewriteable_legacy_link,docs/companion-api/api-reference-companion/remote/index.md,Legacy WordPress link can be rewritten to a mapped ReadMe destination.,https://developer.sprint.paymentology.com/companion-api/api-reference/remote/balance/,Rewrite to target represented by docs/companion-api/api-reference-companion/remote/balance.md.
1,rewriteable_legacy_link,docs/companion-api/api-reference-companion/remote/index.md,Legacy WordPress link can be rewritten to a mapped ReadMe destination.,https://developer.sprint.paymentology.com/companion-api/api-reference/remote/brazilianinstallmentsettled/,Rewrite to target represented by docs/companion-api/api-reference-companion/remote/brazilianinstallmentsettled.md.
1,rewriteable_legacy_link,docs/companion-api/api-reference-companion/remote/index.md,Legacy WordPress link can be rewritten to a mapped ReadMe destination.,https://developer.sprint.paymentology.com/companion-api/api-reference/remote/deduct/,Rewrite to target represented by docs/companion-api/api-reference-companion/remote/deduct.md.
1,rewriteable_legacy_link,docs/companion-api/api-reference-companion/remote/index.md,Legacy WordPress link can be rewritten to a mapped ReadMe destination.,https://developer.sprint.paymentology.com/companion-api/api-reference/remote/deductadjustment/,Rewrite to target represented by docs/companion-api/api-reference-companion/remote/deductadjustment.md.
1,rewriteable_legacy_link,docs/companion-api/api-reference-companion/remote/index.md,Legacy WordPress link can be rewritten to a mapped ReadMe destination.,https://developer.sprint.paymentology.com/companion-api/api-reference/remote/deductreversal/,Rewrite to target represented by docs/companion-api/api-reference-companion/remote/deductreversal.md.
1,rewriteable_legacy_link,docs/companion-api/api-reference-companion/remote/index.md,Legacy WordPress link can be rewritten to a mapped ReadMe destination.,https://developer.sprint.paymentology.com/companion-api/api-reference/remote/loadadjustment/,Rewrite to target represented by docs/companion-api/api-reference-companion/remote/loadadjustment.md.
1,rewriteable_legacy_link,docs/companion-api/api-reference-companion/remote/index.md,Legacy WordPress link can be rewritten to a mapped ReadMe destination.,https://developer.sprint.paymentology.com/companion-api/api-reference/remote/loadauth/,Rewrite to target represented by docs/companion-api/api-reference-companion/remote/loadauth.md.
1,rewriteable_legacy_link,docs/companion-api/api-reference-companion/remote/index.md,Legacy WordPress link can be rewritten to a mapped ReadMe destination.,https://developer.sprint.paymentology.com/companion-api/api-reference/remote/loadauthreversal/,Rewrite to target represented by docs/companion-api/api-reference-companion/remote/loadauthreversal.md.
1,rewriteable_legacy_link,docs/companion-api/api-reference-companion/remote/index.md,Legacy WordPress link can be rewritten to a mapped ReadMe destination.,https://developer.sprint.paymentology.com/companion-api/api-reference/remote/loadreversal/,Rewrite to target represented by docs/companion-api/api-reference-companion/remote/loadreversal.md.
1,rewriteable_legacy_link,docs/companion-api/api-reference-companion/remote/index.md,Legacy WordPress link can be rewritten to a mapped ReadMe destination.,https://developer.sprint.paymentology.com/companion-api/api-reference/remote/mexicaninstallmentsettled/,Rewrite to target represented by docs/companion-api/api-reference-companion/remote/mexicaninstallmentsettled.md.
1,rewriteable_legacy_link,docs/companion-api/api-reference-companion/remote/index.md,Legacy WordPress link can be rewritten to a mapped ReadMe destination.,https://developer.sprint.paymentology.com/companion-api/api-reference/remote/stop/,Rewrite to target represented by docs/companion-api/api-reference-companion/remote/stop.md.
1,rewriteable_legacy_link,docs/companion-api/api-reference-companion/remote/index.md,Legacy WordPress link can be rewritten to a mapped ReadMe destination.,https://developer.sprint.paymentology.com/companion-api/api-reference/remote/validatepin/,Rewrite to target represented by docs/companion-api/api-reference-companion/remote/validatepin.md.
1,rewriteable_legacy_link,docs/companion-api/api-reference-companion/remote/loadadjustment.md,Legacy WordPress link can be rewritten to a mapped ReadMe destination.,https://developer.sprint.paymentology.com/companion-api/klv-lookup/,Rewrite to target represented by docs/companion-api/klv-lookup.md.
1,rewriteable_legacy_link,docs/companion-api/api-reference-companion/remote/loadauth.md,Legacy WordPress link can be rewritten to a mapped ReadMe destination.,https://developer.sprint.paymentology.com/companion-api/klv-lookup/,Rewrite to target represented by docs/companion-api/klv-lookup.md.
1,rewriteable_legacy_link,docs/companion-api/api-reference-companion/remote/loadauthreversal.md,Legacy WordPress link can be rewritten to a mapped ReadMe destination.,https://developer.sprint.paymentology.com/companion-api/klv-lookup/,Rewrite to target represented by docs/companion-api/klv-lookup.md.
1,rewriteable_legacy_link,docs/companion-api/api-reference-companion/remote/loadreversal.md,Legacy WordPress link can be rewritten to a mapped ReadMe destination.,https://developer.sprint.paymentology.com/companion-api/klv-lookup/,Rewrite to target represented by docs/companion-api/klv-lookup.md.
1,rewriteable_legacy_link,docs/companion-api/api-reference-companion/remote/stop.md,Legacy WordPress link can be rewritten to a mapped ReadMe destination.,https://developer.sprint.paymentology.com/companion-api/klv-lookup/,Rewrite to target represented by docs/companion-api/klv-lookup.md.
1,rewriteable_legacy_link,docs/companion-api/issue-cards/digital-first.md,Legacy WordPress link can be rewritten to a mapped ReadMe destination.,https://developer.sprint.paymentology.com/companion-api/tokenization2/,Rewrite to target represented by docs/companion-api/tokenization2/index.md.
1,rewriteable_legacy_link,docs/companion-api/issue-cards/digital-first.md,Legacy WordPress link can be rewritten to a mapped ReadMe destination.,https://developer.sprint.paymentology.com/companion-api/tokenization2/visa-token-provisioning/,Rewrite to target represented by docs/companion-api/tokenization2/visa-token-provisioning.md.
1,rewriteable_legacy_link,docs/companion-api/issue-cards/digital-first.md,Legacy WordPress link can be rewritten to a mapped ReadMe destination.,https://developer.sprint.paymentology.com/companion-api/issue-cards/,Rewrite to target represented by docs/companion-api/issue-cards/index.md.
1,rewriteable_legacy_link,docs/companion-api/issue-cards/digital-first.md,Legacy WordPress link can be rewritten to a mapped ReadMe destination.,https://developer.sprint.paymentology.com/printlinkedcard/,Rewrite to target represented by docs/companion-api/api-reference-companion/local-api/printlinkedcard.md.
1,rewriteable_legacy_link,docs/companion-api/issue-cards/digital-first.md,Legacy WordPress link can be rewritten to a mapped ReadMe destination.,https://developer.sprint.paymentology.com/companion-api/api-reference/local-api/printlinkedcardwithpinblock/,Rewrite to target represented by docs/companion-api/api-reference-companion/local-api/printlinkedcardwithpinblock.md.
1,rewriteable_legacy_link,docs/companion-api/issue-cards/digital-first.md,Legacy WordPress link can be rewritten to a mapped ReadMe destination.,https://developer.sprint.paymentology.com/togglevoucherfeature/,Rewrite to target represented by docs/card-api/api-reference-card/togglevoucherfeature.md.
1,rewriteable_legacy_link,docs/companion-api/issue-cards/index.md,Legacy WordPress link can be rewritten to a mapped ReadMe destination.,https://developer.sprint.paymentology.com/companion-api/api-reference/local-api/createlinkedcard/,Rewrite to target represented by docs/companion-api/api-reference-companion/local-api/createlinkedcard.md.
1,rewriteable_legacy_link,docs/companion-api/issue-cards/index.md,Legacy WordPress link can be rewritten to a mapped ReadMe destination.,https://developer.sprint.paymentology.com/companion-api/issue-cards/digital-first/,Rewrite to target represented by docs/companion-api/issue-cards/digital-first.md.
1,rewriteable_legacy_link,docs/companion-api/manage-cards-1.md,Legacy WordPress link can be rewritten to a mapped ReadMe destination.,https://developer.sprint.paymentology.com/companion-api/api-reference/local-api/#StopCard,Rewrite to target represented by docs/companion-api/api-reference-companion/local-api/index.md.
1,rewriteable_legacy_link,docs/companion-api/manage-cards-1.md,Legacy WordPress link can be rewritten to a mapped ReadMe destination.,https://developer.sprint.paymentology.com/companion-api/api-reference/local-api/#UnstopCard,Rewrite to target represented by docs/companion-api/api-reference-companion/local-api/index.md.
1,rewriteable_legacy_link,docs/companion-api/manage-cards-1.md,Legacy WordPress link can be rewritten to a mapped ReadMe destination.,https://developer.sprint.paymentology.com/retirecard/,Rewrite to target represented by docs/card-api/api-reference-card/retirecard.md.
1,rewriteable_legacy_link,docs/companion-api/manage-cards-1.md,Legacy WordPress link can be rewritten to a mapped ReadMe destination.,https://developer.sprint.paymentology.com/companion-api/api-reference/local-api/#TransferLink,Rewrite to target represented by docs/companion-api/api-reference-companion/local-api/index.md.
1,rewriteable_legacy_link,docs/companion-api/manage-cards-1.md,Legacy WordPress link can be rewritten to a mapped ReadMe destination.,https://developer.sprint.paymentology.com/companion-api/api-reference/local-api/#GetActiveLinkedCards,Rewrite to target represented by docs/companion-api/api-reference-companion/local-api/index.md.
1,rewriteable_legacy_link,docs/companion-api/manage-cards-1.md,Legacy WordPress link can be rewritten to a mapped ReadMe destination.,https://developer.sprint.paymentology.com/companion-api/api-reference/local-api/#Status,Rewrite to target represented by docs/companion-api/api-reference-companion/local-api/index.md.
1,rewriteable_legacy_link,docs/companion-api/manage-funds/3d-secure.md,Legacy WordPress link can be rewritten to a mapped ReadMe destination.,https://developer.sprint.paymentology.com/companion-api/api-reference/local-api/set3dsecurecode/,Rewrite to target represented by docs/card-api/api-reference-card/set3dsecurecode.md.
1,rewriteable_legacy_link,docs/companion-api/manage-funds/3d-secure.md,Legacy WordPress link can be rewritten to a mapped ReadMe destination.,https://developer.sprint.paymentology.com/companion-api/api-reference/remote/administrativemessage/#3DSecure,Rewrite to target represented by docs/companion-api/api-reference-companion/remote/administrativemessage/index.md.
1,rewriteable_legacy_link,docs/companion-api/manage-funds/index.md,Legacy WordPress link can be rewritten to a mapped ReadMe destination.,https://developer.sprint.paymentology.com/companion-api/api-reference/remote/balance/,Rewrite to target represented by docs/companion-api/api-reference-companion/remote/balance.md.
1,rewriteable_legacy_link,docs/companion-api/manage-funds/index.md,Legacy WordPress link can be rewritten to a mapped ReadMe destination.,https://developer.sprint.paymentology.com/companion-api/api-reference/remote/deduct/,Rewrite to target represented by docs/companion-api/api-reference-companion/remote/deduct.md.
1,rewriteable_legacy_link,docs/companion-api/manage-funds/index.md,Legacy WordPress link can be rewritten to a mapped ReadMe destination.,https://developer.sprint.paymentology.com/companion-api/api-reference/remote/deductreversal/,Rewrite to target represented by docs/companion-api/api-reference-companion/remote/deductreversal.md.
1,rewriteable_legacy_link,docs/companion-api/manage-funds/index.md,Legacy WordPress link can be rewritten to a mapped ReadMe destination.,https://developer.sprint.paymentology.com/companion-api/api-reference/remote/loadauth/,Rewrite to target represented by docs/companion-api/api-reference-companion/remote/loadauth.md.
1,rewriteable_legacy_link,docs/companion-api/manage-funds/index.md,Legacy WordPress link can be rewritten to a mapped ReadMe destination.,https://developer.sprint.paymentology.com/companion-api/api-reference/remote/loadadjustment/,Rewrite to target represented by docs/companion-api/api-reference-companion/remote/loadadjustment.md.
1,rewriteable_legacy_link,docs/companion-api/manage-funds/index.md,Legacy WordPress link can be rewritten to a mapped ReadMe destination.,https://developer.sprint.paymentology.com/companion-api/api-reference/remote/loadauthreversal/,Rewrite to target represented by docs/companion-api/api-reference-companion/remote/loadauthreversal.md.
1,rewriteable_legacy_link,docs/companion-api/manage-funds/index.md,Legacy WordPress link can be rewritten to a mapped ReadMe destination.,https://developer.sprint.paymentology.com/companion-api/api-reference/remote/loadreversal/,Rewrite to target represented by docs/companion-api/api-reference-companion/remote/loadreversal.md.
1,rewriteable_legacy_link,docs/companion-api/manage-funds/index.md,Legacy WordPress link can be rewritten to a mapped ReadMe destination.,https://developer.sprint.paymentology.com/companion-api/api-reference/remote/deductadjustment/,Rewrite to target represented by docs/companion-api/api-reference-companion/remote/deductadjustment.md.
1,rewriteable_legacy_link,docs/companion-api/messages.md,Legacy WordPress link can be rewritten to a mapped ReadMe destination.,https://developer.sprint.paymentology.com/administrative-message-values/,Rewrite to target represented by docs/companion-api/api-reference-companion/remote/administrativemessage/administrative-message-values.md.
1,rewriteable_legacy_link,docs/companion-api/messages.md,Legacy WordPress link can be rewritten to a mapped ReadMe destination.,https://developer.sprint.paymentology.com/companion-api/api-reference/local-api/stopcard/,Rewrite to target represented by docs/card-api/api-reference-card/stopcard.md.
1,rewriteable_legacy_link,docs/companion-api/overview.md,Legacy WordPress link can be rewritten to a mapped ReadMe destination.,https://developer.sprint.paymentology.com/get-started/our-apis/,Rewrite to target represented by docs/Getting Started/our-apis.md.
1,rewriteable_legacy_link,docs/companion-api/reports/card-order-report.md,Legacy WordPress link can be rewritten to a mapped ReadMe destination.,https://developer.sprint.paymentology.com/companion-api/api-reference/local-api/ordercard/,Rewrite to target represented by docs/card-api/api-reference-card/ordercard.md.
1,rewriteable_legacy_link,docs/companion-api/reports/daily-negative-balance-report-1.md,Legacy WordPress link can be rewritten to a mapped ReadMe destination.,https://developer.sprint.paymentology.com/companion-api/reports/,Rewrite to target represented by docs/companion-api/reports/index.md.
1,rewriteable_legacy_link,docs/companion-api/reports/failed-transaction-report.md,Legacy WordPress link can be rewritten to a mapped ReadMe destination.,https://developer.sprint.paymentology.com/companion-api/tokenization2/token-lifecycle-management/#WID,Rewrite to target represented by docs/companion-api/tokenization2/token-lifecycle-management.md.
1,rewriteable_legacy_link,docs/companion-api/reports/index.md,Legacy WordPress link can be rewritten to a mapped ReadMe destination.,https://developer.sprint.paymentology.com/companion-api/reports/mark-off-file,Rewrite to target represented by docs/card-api/reports/mark-off-file.md.
1,rewriteable_legacy_link,docs/companion-api/reports/index.md,Legacy WordPress link can be rewritten to a mapped ReadMe destination.,https://developer.sprint.paymentology.com/companion-api/reports/summary-settlement-report,Rewrite to target represented by docs/companion-api/reports/summary-settlement-report.md.
1,rewriteable_legacy_link,docs/companion-api/reports/index.md,Legacy WordPress link can be rewritten to a mapped ReadMe destination.,https://developer.sprint.paymentology.com/companion-api/reports/detailed-settlement-report,Rewrite to target represented by docs/card-api/reports/detailed-settlement-report.md.
1,rewriteable_legacy_link,docs/companion-api/reports/index.md,Legacy WordPress link can be rewritten to a mapped ReadMe destination.,https://developer.sprint.paymentology.com/companion-api/reports/forex-gains-report,Rewrite to target represented by docs/companion-api/reports/forex-gains-report.md.
1,rewriteable_legacy_link,docs/companion-api/reports/index.md,Legacy WordPress link can be rewritten to a mapped ReadMe destination.,https://developer.sprint.paymentology.com/companion-api/reports/failed-transaction-report,Rewrite to target represented by docs/companion-api/reports/failed-transaction-report.md.
1,rewriteable_legacy_link,docs/companion-api/reports/index.md,Legacy WordPress link can be rewritten to a mapped ReadMe destination.,https://developer.sprint.paymentology.com/companion-api/reports/card-order-report,Rewrite to target represented by docs/companion-api/reports/card-order-report.md.
1,rewriteable_legacy_link,docs/companion-api/reports/index.md,Legacy WordPress link can be rewritten to a mapped ReadMe destination.,https://developer.sprint.paymentology.com/companion-api/reports/unsettled-transactions-report-2/,Rewrite to target represented by docs/companion-api/reports/unsettled-transactions-report-2.md.
1,rewriteable_legacy_link,docs/companion-api/reports/index.md,Legacy WordPress link can be rewritten to a mapped ReadMe destination.,https://developer.sprint.paymentology.com/companion-api/reports/ecommerce-report/,Rewrite to target represented by docs/card-api/reports/ecommerce-report.md.
1,rewriteable_legacy_link,docs/companion-api/reports/index.md,Legacy WordPress link can be rewritten to a mapped ReadMe destination.,https://developer.sprint.paymentology.com/companion-api/reports/inactive-cards-report/,Rewrite to target represented by docs/card-api/reports/inactive-cards-report.md.
1,rewriteable_legacy_link,docs/companion-api/reports/index.md,Legacy WordPress link can be rewritten to a mapped ReadMe destination.,https://developer.sprint.paymentology.com/companion-api/reports/authorisation-income-report/,Rewrite to target represented by docs/card-api/reports/authorisation-income-report.md.
1,rewriteable_legacy_link,docs/companion-api/reports/index.md,Legacy WordPress link can be rewritten to a mapped ReadMe destination.,https://developer.sprint.paymentology.com/companion-api/reports/card-balance-report/,Rewrite to target represented by docs/card-api/reports/card-balance-report.md.
1,rewriteable_legacy_link,docs/companion-api/reports/index.md,Legacy WordPress link can be rewritten to a mapped ReadMe destination.,https://developer.sprint.paymentology.com/companion-api/reports/daily-statement-report/,Rewrite to target represented by docs/card-api/reports/daily-statement-report.md.
1,rewriteable_legacy_link,docs/companion-api/reports/index.md,Legacy WordPress link can be rewritten to a mapped ReadMe destination.,https://developer.sprint.paymentology.com/companion-api/reports/apple-pay-quarterly-fee-billing-report/,Rewrite to target represented by docs/card-api/reports/apple-pay-quarterly-fee-billing-report.md.
1,rewriteable_legacy_link,docs/companion-api/reports/index.md,Legacy WordPress link can be rewritten to a mapped ReadMe destination.,https://developer.sprint.paymentology.com/companion-api/reports/apple-pay-monthly-top-merchant-report/,Rewrite to target represented by docs/card-api/reports/apple-pay-monthly-top-merchant-report.md.
1,rewriteable_legacy_link,docs/companion-api/reports/index.md,Legacy WordPress link can be rewritten to a mapped ReadMe destination.,https://developer.sprint.paymentology.com/companion-api/reports/apple-pay-monthly-metric-report/,Rewrite to target represented by docs/card-api/reports/apple-pay-monthly-metric-report.md.
1,rewriteable_legacy_link,docs/companion-api/reports/index.md,Legacy WordPress link can be rewritten to a mapped ReadMe destination.,https://developer.sprint.paymentology.com/companion-api/reports/apple-pay-monthly-usage-frequency-report/,Rewrite to target represented by docs/card-api/reports/apple-pay-monthly-usage-frequency-report.md.
1,rewriteable_legacy_link,docs/companion-api/reports/index.md,Legacy WordPress link can be rewritten to a mapped ReadMe destination.,https://developer.sprint.paymentology.com/companion-api/reports/apple-pay-monthly-fee-billing-report/,Rewrite to target represented by docs/card-api/reports/apple-pay-monthly-fee-billing-report.md.
1,rewriteable_legacy_link,docs/companion-api/reports/index.md,Legacy WordPress link can be rewritten to a mapped ReadMe destination.,https://developer.sprint.paymentology.com/companion-api/reports/apple-pay-monthly-declines-report/,Rewrite to target represented by docs/card-api/reports/apple-pay-monthly-declines-report.md.
1,rewriteable_legacy_link,docs/companion-api/reports/index.md,Legacy WordPress link can be rewritten to a mapped ReadMe destination.,https://developer.sprint.paymentology.com/companion-api/reports/google-pay-monthly-report/,Rewrite to target represented by docs/card-api/reports/google-pay-monthly-report.md.
1,rewriteable_legacy_link,docs/companion-api/reports/index.md,Legacy WordPress link can be rewritten to a mapped ReadMe destination.,https://developer.sprint.paymentology.com/companion-api/reports/linked-cards-report/,Rewrite to target represented by docs/card-api/reports/linked-cards-report.md.
1,rewriteable_legacy_link,docs/companion-api/reports/index.md,Legacy WordPress link can be rewritten to a mapped ReadMe destination.,https://developer.sprint.paymentology.com/companion-api/reports/blocked-transactions-report/,Rewrite to target represented by docs/card-api/reports/blocked-transactions-report.md.
1,rewriteable_legacy_link,docs/companion-api/reports/index.md,Legacy WordPress link can be rewritten to a mapped ReadMe destination.,https://developer.sprint.paymentology.com/companion-api/reports/daily-negative-balance-report/,Rewrite to target represented by docs/card-api/reports/daily-negative-balance-report.md.
1,rewriteable_legacy_link,docs/companion-api/reports/index.md,Legacy WordPress link can be rewritten to a mapped ReadMe destination.,https://developer.sprint.paymentology.com/companion-api/reports/qvr-data-report/,Rewrite to target represented by docs/card-api/reports/qvr-data-report.md.
1,rewriteable_legacy_link,docs/companion-api/reports/index.md,Legacy WordPress link can be rewritten to a mapped ReadMe destination.,https://developer.sprint.paymentology.com/companion-api/reports/qmr-data-report/,Rewrite to target represented by docs/card-api/reports/qmr-data-report.md.
1,rewriteable_legacy_link,docs/companion-api/reports/index.md,Legacy WordPress link can be rewritten to a mapped ReadMe destination.,https://developer.sprint.paymentology.com/companion-api/reports/vau-transaction-report/,Rewrite to target represented by docs/card-api/reports/vau-transaction-report.md.
1,rewriteable_legacy_link,docs/companion-api/reports/index.md,Legacy WordPress link can be rewritten to a mapped ReadMe destination.,https://developer.sprint.paymentology.com/companion-api/reports/daily-sales-and-redemption-report/,Rewrite to target represented by docs/card-api/reports/daily-sales-and-redemption-report.md.
1,rewriteable_legacy_link,docs/companion-api/reports/unsettled-transactions-report-2.md,Legacy WordPress link can be rewritten to a mapped ReadMe destination.,https://developer.sprint.paymentology.com/companion-api/reports/mark-off-file/,Rewrite to target represented by docs/card-api/reports/mark-off-file.md.
1,rewriteable_legacy_link,docs/companion-api/secure-apis.md,Legacy WordPress link can be rewritten to a mapped ReadMe destination.,https://developer.sprint.paymentology.com/companion-api/api-reference/local-api/getactivelinkedcards/,Rewrite to target represented by docs/companion-api/api-reference-companion/local-api/getactivelinkedcards.md.
1,rewriteable_legacy_link,docs/companion-api/secure-apis.md,Legacy WordPress link can be rewritten to a mapped ReadMe destination.,https://developer.sprint.paymentology.com/companion-api/api-reference/local-api/getcarddetails/,Rewrite to target represented by docs/companion-api/api-reference-companion/local-api/getcarddetails.md.
1,rewriteable_legacy_link,docs/companion-api/secure-apis.md,Legacy WordPress link can be rewritten to a mapped ReadMe destination.,https://developer.sprint.paymentology.com/companion-api/api-reference/local-api/getlinkedcards/,Rewrite to target represented by docs/companion-api/api-reference-companion/local-api/getlinkedcards.md.
1,rewriteable_legacy_link,docs/companion-api/secure-apis.md,Legacy WordPress link can be rewritten to a mapped ReadMe destination.,https://developer.sprint.paymentology.com/companion-api/api-reference/local-api/updatecvv/,Rewrite to target represented by docs/card-api/api-reference-card/updatecvv.md.
1,rewriteable_legacy_link,docs/companion-api/secure-apis.md,Legacy WordPress link can be rewritten to a mapped ReadMe destination.,https://developer.sprint.paymentology.com/companion-api/api-reference/local-api/changepin/,Rewrite to target represented by docs/card-api/api-reference-card/changepin.md.
1,rewriteable_legacy_link,docs/companion-api/secure-apis.md,Legacy WordPress link can be rewritten to a mapped ReadMe destination.,https://developer.sprint.paymentology.com/companion-api/api-reference/local-api/createlinkedcard/,Rewrite to target represented by docs/companion-api/api-reference-companion/local-api/createlinkedcard.md.
1,rewriteable_legacy_link,docs/companion-api/secure-cards/offline-pin.md,Legacy WordPress link can be rewritten to a mapped ReadMe destination.,https://developer.sprint.paymentology.com/card-api/api-reference/changepin/,Rewrite to target represented by docs/card-api/api-reference-card/changepin.md.
1,rewriteable_legacy_link,docs/companion-api/settlement-and-reconciliation.md,Legacy WordPress link can be rewritten to a mapped ReadMe destination.,https://developer.sprint.paymentology.com/companion-api/reports/mark-off-file/,Rewrite to target represented by docs/card-api/reports/mark-off-file.md.
1,rewriteable_legacy_link,docs/companion-api/settlement-and-reconciliation.md,Legacy WordPress link can be rewritten to a mapped ReadMe destination.,https://developer.sprint.paymentology.com/companion-api/reports/summary-settlement-report/,Rewrite to target represented by docs/companion-api/reports/summary-settlement-report.md.
1,rewriteable_legacy_link,docs/companion-api/settlement-and-reconciliation.md,Legacy WordPress link can be rewritten to a mapped ReadMe destination.,https://developer.sprint.paymentology.com/companion-api/reports/detailed-settlement-report/,Rewrite to target represented by docs/card-api/reports/detailed-settlement-report.md.
1,rewriteable_legacy_link,docs/companion-api/settlement-and-reconciliation.md,Legacy WordPress link can be rewritten to a mapped ReadMe destination.,https://developer.sprint.paymentology.com/companion-api/reports/forex-gains-report/,Rewrite to target represented by docs/companion-api/reports/forex-gains-report.md.
1,rewriteable_legacy_link,docs/companion-api/settlement-and-reconciliation.md,Legacy WordPress link can be rewritten to a mapped ReadMe destination.,https://developer.sprint.paymentology.com/get-started/fraud/,Rewrite to target represented by docs/Getting Started/fraud.md.
1,rewriteable_legacy_link,docs/companion-api/settlement-and-reconciliation.md,Legacy WordPress link can be rewritten to a mapped ReadMe destination.,https://developer.sprint.paymentology.com/companion-api/disputes/,Rewrite to target represented by docs/card-api/disputes.md.
1,rewriteable_legacy_link,docs/companion-api/tokenization2/token-lifecycle-management.md,Legacy WordPress link can be rewritten to a mapped ReadMe destination.,https://developer.sprint.paymentology.com/administrative-message-values/#stopped,Rewrite to target represented by docs/companion-api/api-reference-companion/remote/administrativemessage/administrative-message-values.md.
1,rewriteable_legacy_link,docs/companion-api/tokenization2/token-lifecycle-management.md,Legacy WordPress link can be rewritten to a mapped ReadMe destination.,https://developer.sprint.paymentology.com/administrative-message-values/#digitized,Rewrite to target represented by docs/companion-api/api-reference-companion/remote/administrativemessage/administrative-message-values.md.
1,rewriteable_legacy_link,docs/companion-api/tokenization2/token-lifecycle-management.md,Legacy WordPress link can be rewritten to a mapped ReadMe destination.,https://developer.sprint.paymentology.com/administrative-message-values/#deletedfromdevice,Rewrite to target represented by docs/companion-api/api-reference-companion/remote/administrativemessage/administrative-message-values.md.
1,rewriteable_legacy_link,docs/companion-api/tokenization2/token-lifecycle-management.md,Legacy WordPress link can be rewritten to a mapped ReadMe destination.,https://developer.sprint.paymentology.com/administrative-message-values/#eventdeleted,Rewrite to target represented by docs/companion-api/api-reference-companion/remote/administrativemessage/administrative-message-values.md.
1,rewriteable_legacy_link,docs/companion-api/tokenization2/token-lifecycle-management.md,Legacy WordPress link can be rewritten to a mapped ReadMe destination.,https://developer.sprint.paymentology.com/administrative-message-values/#replacement,Rewrite to target represented by docs/companion-api/api-reference-companion/remote/administrativemessage/administrative-message-values.md.
1,rewriteable_legacy_link,docs/companion-api/tokenization2/token-lifecycle-management.md,Legacy WordPress link can be rewritten to a mapped ReadMe destination.,https://developer.sprint.paymentology.com/administrative-message-values/#complete,Rewrite to target represented by docs/companion-api/api-reference-companion/remote/administrativemessage/administrative-message-values.md.
1,rewriteable_legacy_link,docs/companion-api/tokenization2/token-provisioning.md,Legacy WordPress link can be rewritten to a mapped ReadMe destination.,https://developer.sprint.paymentology.com/administrative-message-values/,Rewrite to target represented by docs/companion-api/api-reference-companion/remote/administrativemessage/administrative-message-values.md.
1,rewriteable_legacy_link,docs/companion-api/tokenization2/token-provisioning.md,Legacy WordPress link can be rewritten to a mapped ReadMe destination.,https://developer.sprint.paymentology.com/administrative-message-values/#activationmethods,Rewrite to target represented by docs/companion-api/api-reference-companion/remote/administrativemessage/administrative-message-values.md.
1,rewriteable_legacy_link,docs/companion-api/tokenization2/token-provisioning.md,Legacy WordPress link can be rewritten to a mapped ReadMe destination.,https://developer.sprint.paymentology.com/administrative-message-values/#activation,Rewrite to target represented by docs/companion-api/api-reference-companion/remote/administrativemessage/administrative-message-values.md.
1,rewriteable_legacy_link,docs/companion-api/tokenization2/token-provisioning.md,Legacy WordPress link can be rewritten to a mapped ReadMe destination.,https://developer.sprint.paymentology.com/administrative-message-values/#complete,Rewrite to target represented by docs/companion-api/api-reference-companion/remote/administrativemessage/administrative-message-values.md.
1,rewriteable_legacy_link,docs/companion-api/tokenization2/token-provisioning.md,Legacy WordPress link can be rewritten to a mapped ReadMe destination.,https://developer.sprint.paymentology.com/administrative-message-values/#exception,Rewrite to target represented by docs/companion-api/api-reference-companion/remote/administrativemessage/administrative-message-values.md.
1,rewriteable_legacy_link,docs/companion-api/tokenization2/visa-token-provisioning.md,Legacy WordPress link can be rewritten to a mapped ReadMe destination.,https://developer.sprint.paymentology.com/companion-api/tokenization2/token-provisioning/,Rewrite to target represented by docs/companion-api/tokenization2/token-provisioning.md.
1,rewriteable_legacy_link,docs/companion-api/tokenization2/visa-token-provisioning.md,Legacy WordPress link can be rewritten to a mapped ReadMe destination.,https://developer.sprint.paymentology.com/companion-api/api-reference/local-api/activatetoken/,Rewrite to target represented by docs/card-api/api-reference-card/activatetoken.md.
1,rewriteable_legacy_link,docs/documentation/administrativemessage3dsecureotp.md,Legacy WordPress link can be rewritten to a mapped ReadMe destination.,https://developer.sprint.paymentology.com/companion-api/klv-lookup/,Rewrite to target represented by docs/companion-api/klv-lookup.md.
1,rewriteable_legacy_link,docs/documentation/generatetimebasedsecret-1.md,Legacy WordPress link can be rewritten to a mapped ReadMe destination.,https://developer.sprint.paymentology.com/companion-api/api-reference/local-api/,Rewrite to target represented by docs/companion-api/api-reference-companion/local-api/index.md.
1,rewriteable_legacy_link,docs/documentation/updateprofile-1.md,Legacy WordPress link can be rewritten to a mapped ReadMe destination.,https://developer.sprint.paymentology.com/profile-api-reference/,Rewrite to target represented by docs/profile-api-reference/index.md.
1,rewriteable_legacy_link,docs/qr-payments-api/api-reference-qr/originating-institution.md,Legacy WordPress link can be rewritten to a mapped ReadMe destination.,https://developer.sprint.paymentology.com/qr-payments-api/api-reference/originating-institution/#TransferPaymentToMerchant,Rewrite to target represented by docs/qr-payments-api/api-reference-qr/originating-institution.md.
1,rewriteable_legacy_link,docs/qr-payments-api/api-reference-qr/originating-institution.md,Legacy WordPress link can be rewritten to a mapped ReadMe destination.,https://developer.sprint.paymentology.com/qr-payments-api/api-reference/appendix/#OI,Rewrite to target represented by docs/card-api/api-reference-card/appendix.md.
1,rewriteable_legacy_link,docs/qr-payments-api/api-reference-qr/receiving-institution-remote.md,Legacy WordPress link can be rewritten to a mapped ReadMe destination.,https://developer.sprint.paymentology.com/qr-payments-api/api-reference/receiving-institution-remote/#Load,Rewrite to target represented by docs/qr-payments-api/api-reference-qr/receiving-institution-remote.md.
1,rewriteable_legacy_link,docs/qr-payments-api/api-reference-qr/receiving-institution-remote.md,Legacy WordPress link can be rewritten to a mapped ReadMe destination.,https://developer.sprint.paymentology.com/qr-payments-api/api-reference/receiving-institution-remote/#LoadReversal,Rewrite to target represented by docs/qr-payments-api/api-reference-qr/receiving-institution-remote.md.
1,rewriteable_legacy_link,docs/qr-payments-api/api-reference-qr/receiving-institution-remote.md,Legacy WordPress link can be rewritten to a mapped ReadMe destination.,https://developer.sprint.paymentology.com/qr-payments-api/api-reference/appendix/#RIRemote,Rewrite to target represented by docs/card-api/api-reference-card/appendix.md.
1,rewriteable_legacy_link,docs/qr-payments-api/api-reference-qr/receiving-institution.md,Legacy WordPress link can be rewritten to a mapped ReadMe destination.,https://developer.sprint.paymentology.com/qr-payments-api/api-reference/receiving-institution/#CreateQRData,Rewrite to target represented by docs/qr-payments-api/api-reference-qr/receiving-institution.md.
1,rewriteable_legacy_link,docs/qr-payments-api/api-reference-qr/receiving-institution.md,Legacy WordPress link can be rewritten to a mapped ReadMe destination.,https://developer.sprint.paymentology.com/qr-payments-api/api-reference/receiving-institution/#DeactivateQR,Rewrite to target represented by docs/qr-payments-api/api-reference-qr/receiving-institution.md.
1,rewriteable_legacy_link,docs/qr-payments-api/api-reference-qr/receiving-institution.md,Legacy WordPress link can be rewritten to a mapped ReadMe destination.,https://developer.sprint.paymentology.com/qr-payments-api/api-reference/appendix/#RI,Rewrite to target represented by docs/card-api/api-reference-card/appendix.md.
1,rewriteable_legacy_link,docs/tools/checksum-generator/checksum-generator-help.md,Legacy WordPress link can be rewritten to a mapped ReadMe destination.,https://developer.sprint.paymentology.com/tools/checksum-generator/,Rewrite to target represented by docs/tools/checksum-generator/index.md.
1,rewriteable_legacy_link,docs/tools/checksum-generator/checksum-generator-help.md,Legacy WordPress link can be rewritten to a mapped ReadMe destination.,https://developer.sprint.paymentology.com/tools/,Rewrite to target represented by docs/tools/index.md.
1,rewriteable_legacy_link,docs/tools/simpos/help-1.md,Legacy WordPress link can be rewritten to a mapped ReadMe destination.,https://developer.sprint.paymentology.com/tools/simpos/,Rewrite to target represented by docs/tools/simpos/index.md.
1,rewriteable_legacy_link,docs/tools/simpos/help-1.md,Legacy WordPress link can be rewritten to a mapped ReadMe destination.,https://developer.sprint.paymentology.com/tools/,Rewrite to target represented by docs/tools/index.md.
1,rewriteable_legacy_link,docs/tools/simpos/help-1.md,Legacy WordPress link can be rewritten to a mapped ReadMe destination.,https://developer.sprint.paymentology.com/tools/simpos/simpos-result-codes/,Rewrite to target represented by docs/tools/simpos/simpos-result-codes.md.
1,rewriteable_legacy_link,docs/tools/simpos/index.md,Legacy WordPress link can be rewritten to a mapped ReadMe destination.,https://developer.sprint.paymentology.com/tools/simpos/simpos-result-codes/,Rewrite to target represented by docs/tools/simpos/simpos-result-codes.md.
1,rewriteable_legacy_link,docs/tools/xml-generator/help-2.md,Legacy WordPress link can be rewritten to a mapped ReadMe destination.,https://developer.sprint.paymentology.com/tools/,Rewrite to target represented by docs/tools/index.md.
2,manual_review,docs/Getting Started/security.md,Existing v1.0_codex review marks this page as medium risk.,medium,Review against WordPress source content and record approval or required fixes.
2,manual_review,docs/card-api/manage-cards.md,Existing v1.0_codex review marks this page as medium risk.,medium,Review against WordPress source content and record approval or required fixes.
2,manual_review,docs/card-api/secure-cards-1/offline-pin-2.md,Existing v1.0_codex review marks this page as medium risk.,medium,Review against WordPress source content and record approval or required fixes.
2,manual_review,docs/chargeback-api/chargeback-api-reference/index.md,Existing v1.0_codex review marks this page as medium risk.,medium,Review against WordPress source content and record approval or required fixes.
2,manual_review,docs/chargeback-api/remote-messaging-api/index.md,Existing v1.0_codex review marks this page as medium risk.,medium,Review against WordPress source content and record approval or required fixes.
2,manual_review,docs/documentation/3d-secure-out-of-band.md,Existing v1.0_codex review marks this page as medium risk.,medium,Review against WordPress source content and record approval or required fixes.
2,manual_review,docs/documentation/contact-us.md,Existing v1.0_codex review marks this page as medium risk.,medium,Review against WordPress source content and record approval or required fixes.
2,manual_review,docs/documentation/register-thank-you.md,Existing v1.0_codex review marks this page as medium risk.,medium,Review against WordPress source content and record approval or required fixes.
2,manual_review,docs/qr-payments-api/qr-payments.md,Existing v1.0_codex review marks this page as medium risk.,medium,Review against WordPress source content and record approval or required fixes.
2,manual_review,docs/report-generator-offline/report-generator-help.md,Existing v1.0_codex review marks this page as medium risk.,medium,Review against WordPress source content and record approval or required fixes.
