File Path,Original Path,Error Message,Error Type,Line Number,Code Context,Image Filename,Image Source URL
/Users/jim/Customer Projects/Paymentology/Migrated/production-sprint-public-d7dfce0ae80328e8af51/docs/Documents/3d-secure-out-of-band.md,/Users/jim/Customer Projects/Paymentology/export-script/export/pages/3d-secure-out-of-band.md,Expected a closing tag for `<br>` (40:196-40:201) before the end of `paragraph`,mdx-parse-error,6,"original_id: 3550
---
<h2>Overview of Out-of-Band (OOB) Authentication</h2>
<p>Out-of-Band (OOB) authentication is an advanced type of two-factor authentication (2FA) that necessitates an additional verification method via a distinct communication channel. It is an optional yet highly advised Challenge flow authentication method for conducting 3DS transactions for Paymentology clients.</p>
<p data-renderer-start-pos=""179"">This applies to both Mastercard and Visa transactions.</p>",N/A,N/A
/Users/jim/Customer Projects/Paymentology/Migrated/production-sprint-public-d7dfce0ae80328e8af51/docs/Documents/3d-secure-out-of-band.md,/Users/jim/Customer Projects/Paymentology/export-script/export/pages/3d-secure-out-of-band.md,Unknown error,image-replacement,N/A,N/A,Request-and-initial-response-Light.png,https:developer.sprint.paymentology.com/wp-content/uploads/2024/01/Request-and-initial-response-Light.png
/Users/jim/Customer Projects/Paymentology/Migrated/production-sprint-public-d7dfce0ae80328e8af51/docs/Documents/3d-secure-out-of-band.md,/Users/jim/Customer Projects/Paymentology/export-script/export/pages/3d-secure-out-of-band.md,Unknown error,image-replacement,N/A,N/A,Final-Response-and-Final-Confirmation-Light.png,https:developer.sprint.paymentology.com/wp-content/uploads/2024/01/Final-Response-and-Final-Confirmation-Light.png
/Users/jim/Customer Projects/Paymentology/Migrated/production-sprint-public-d7dfce0ae80328e8af51/docs/Documents/administrativemessage3dsecureotp.md,/Users/jim/Customer Projects/Paymentology/export-script/export/pages/administrativemessage3dsecureotp.md,"Unexpected closing slash `/` in tag, expected an open tag first",mdx-parse-error,6,"original_id: 1830
---
<section id=""tutuka-block-40"" className=""tutuka-block tutuka-block--text-full-width"">Sends message with 3D Secure OTP</section>

#### Path parameters",N/A,N/A
/Users/jim/Customer Projects/Paymentology/Migrated/production-sprint-public-d7dfce0ae80328e8af51/docs/Documents/api-reference-sample.md,/Users/jim/Customer Projects/Paymentology/export-script/export/pages/api-reference-sample.md,"Unexpected closing slash `/` in tag, expected an open tag first",mdx-parse-error,6,"original_id: 313
---
<p>Lorem ipsum dolor sit amet, consectetur adipiscing elit. In egestas, ligula et tristique vestibulum, tellus mauris eleifend nibh, eget rutrum arcu libero commodo eros. Morbi est metus, scelerisque id consequat a, malesuada feugiat nisi.</p>

#### Path parameters",N/A,N/A
/Users/jim/Customer Projects/Paymentology/Migrated/production-sprint-public-d7dfce0ae80328e8af51/docs/Documents/generatetimebasedsecret-1.md,/Users/jim/Customer Projects/Paymentology/export-script/export/pages/generatetimebasedsecret.md,"Unexpected closing slash `/` in tag, expected an open tag first",mdx-parse-error,6,"original_id: 2809
---
<p>Generates a “secret token” to enable communication with our tokenisation APIs.</p>
<p><strong>IMPORTANT:</strong> As push provisioning needs to be completed in one minute or less, the recommended setting for the Request Parameter: <span style={{textDecoration: ""underline""}}>timeStep</span> is 60.</p>
",N/A,N/A
/Users/jim/Customer Projects/Paymentology/Migrated/production-sprint-public-d7dfce0ae80328e8af51/docs/Documents/how_payments_work.md,/Users/jim/Customer Projects/Paymentology/export-script/export/pages/how_payments_work.md,"Unexpected closing tag `</p>`, expected corresponding closing tag for `<br>` (16:285-16:290)",mdx-parse-error,6,"original_id: 2288
---
<p><b>There are different stages of a transaction when a card is used to pay for goods and services. </b></p>
<p>Let’s look at each of them.</p>
",N/A,N/A
/Users/jim/Customer Projects/Paymentology/Migrated/production-sprint-public-d7dfce0ae80328e8af51/docs/Documents/how_payments_work.md,/Users/jim/Customer Projects/Paymentology/export-script/export/pages/how_payments_work.md,Unknown error,image-replacement,N/A,N/A,Payment-lifecycle.png,https:developer.sprint.paymentology.com/wp-content/uploads/2021/10/Payment-lifecycle.png
/Users/jim/Customer Projects/Paymentology/Migrated/production-sprint-public-d7dfce0ae80328e8af51/docs/Documents/notifications.md,/Users/jim/Customer Projects/Paymentology/export-script/export/pages/notifications.md,Could not parse expression with acorn,mdx-parse-error,6,"original_id: 1573
---
<p><strong>Paymentology’s Sprint Transaction Stream service allows API consumers to receive real-time notifications of the undertaken transactions. By subscribing to the notification service, consumers can know the status of transactions in real-time. </strong></p>
<p><span style={{fontWeight: ""400""}}>You can use the service for various purposes, including:</span></p>
<ul>",N/A,N/A
/Users/jim/Customer Projects/Paymentology/Migrated/production-sprint-public-d7dfce0ae80328e8af51/docs/Documents/notifications.md,/Users/jim/Customer Projects/Paymentology/export-script/export/pages/notifications.md,Unknown error,image-replacement,N/A,N/A,Diagram-for-Sprint-Developer-Porta_Lightmode-3.png,https:developer.sprint.paymentology.com/wp-content/uploads/2024/02/Diagram-for-Sprint-Developer-Porta_Lightmode-3.png
/Users/jim/Customer Projects/Paymentology/Migrated/production-sprint-public-d7dfce0ae80328e8af51/docs/Documents/notifications.md,/Users/jim/Customer Projects/Paymentology/export-script/export/pages/notifications.md,Unknown error,image-replacement,N/A,N/A,TTS-UAT-300x62.png,https:developer.sprint.paymentology.com/wp-content/uploads/2022/03/TTS-UAT-300x62.png
/Users/jim/Customer Projects/Paymentology/Migrated/production-sprint-public-d7dfce0ae80328e8af51/docs/Documents/privacy-policy.md,/Users/jim/Customer Projects/Paymentology/export-script/export/pages/privacy-policy.md,"Unexpected closing slash `/` in tag, expected an open tag first",mdx-parse-error,6,"original_id: 3
---
<h2 className=""wp-block-heading"">Who we are</h2><p>Our website address is: https://developer.sprint.paymentology.com.</p><h2 className=""wp-block-heading"">What personal data we collect and why we collect it</h2><h3 className=""wp-block-heading"">Comments</h3><p>When visitors leave comments on the site we collect the data shown in the comments form, and also the visitor’s IP address and browser user agent string to help spam detection.</p><p>An anonymized string created from your email address (also called a hash) may be provided to the Gravatar service to see if you are using it. The Gravatar service privacy policy is available here: https://automattic.com/privacy/. After approval of your comment, your profile picture is visible to the public in the context of your comment.</p><h3 className=""wp-block-heading"">media</h3><p>If you upload images to the website, you should avoid uploading images with embedded location data (EXIF GPS) included. Visitors to the website can download and extract any location data from images on the website.</p><h3 className=""wp-block-heading"">Contact forms</h3><h3 className=""wp-block-heading"">Cookies</h3><p>If you leave a comment on our site you may opt-in to saving your name, email address and website in cookies. These are for your convenience so that you do not have to fill in your details again when you leave another comment. These cookies will last for one year.</p><p>If you visit our login page, we will set a temporary cookie to determine if your browser accepts cookies. This cookie contains no personal data and is discarded when you close your browser.</p><p>When you log in, we will also set up several cookies to save your login information and your screen display choices. Login cookies last for two days, and screen options cookies last for a year. If you select ""Remember Me"", your login will persist for two weeks. If you log out of your account, the login cookies will be removed.</p><p>If you edit or publish an article, an additional cookie will be saved in your browser. This cookie includes no personal data and simply indicates the post id of the article you just edited. It expires after 1 day.</p><h3 className=""wp-block-heading"">Embedded content from other websites</h3><p>Articles on this site may include embedded content (e.g. videos, images, articles, etc.). Embedded content from other websites behaves in the exact same way as if the visitor has visited the other website.</p><p>These websites may collect data about you, use cookies, embed additional third-party tracking, and monitor your interaction with that embedded content, including tracking your interaction with the embedded content if you have an account and are logged in to that website.</p><h3 className=""wp-block-heading"">Analytics</h3><h2 className=""wp-block-heading"">Who we share your data with</h2><h2 className=""wp-block-heading"">How long we retain your data</h2><p>If you leave a comment, the comment and its metadata are retained indefinitely. This is so we can recognize and approve any follow-up comments automatically instead of holding them in a moderation queue.</p><p>For users that register on our website (if any), we also store the personal information they provide in their user profile. All users can see, edit, or delete their personal information at any time (except they cannot change their username). Website administrators can also see and edit that information.</p><h2 className=""wp-block-heading"">What rights you have over your data</h2><p>If you have an account on this site, or have left comments, you can request to receive an exported file of the personal data we hold about you, including any data you have provided to us. You can also request that we erase any personal data we hold about you. This does not include any data we are obliged to keep for administrative, legal, or security purposes.</p><h2 className=""wp-block-heading"">Where we send your data</h2><p>Visitor comments may be checked through an automated spam detection service.</p><h2 className=""wp-block-heading"">Your contact information</h2><h2 className=""wp-block-heading"">Additional information</h2><h3 className=""wp-block-heading"">How we protect your data</h3><h3 className=""wp-block-heading"">What data breach procedures we have in place</h3><h3 className=""wp-block-heading"">What third parties we receive data from</h3><h3 className=""wp-block-heading"">What automated decision making and/or profiling we do with user data</h3><h3 className=""wp-block-heading"">Industry regulatory disclosure requirements</h3>
</h3></h3></h3></h3></h3></h2></h2></p></h2></p></h2></p></p></h2></h2></h3></p></p></h3></p></p></p></p></h3></h3></p></h3></p></p></h3></h2></p></h2>",N/A,N/A
/Users/jim/Customer Projects/Paymentology/Migrated/production-sprint-public-d7dfce0ae80328e8af51/docs/Documents/register-thank-you.md,/Users/jim/Customer Projects/Paymentology/export-script/export/pages/register-thank-you.md,"Unexpected closing slash `/` in tag, expected an open tag first",mdx-parse-error,6,"original_id: 740
---
<ul>
<li>We will review your registration and get back to you within 24 hours</li>
<li>Once your registration is approved, we will send you an email with your credentials</li>",N/A,N/A
/Users/jim/Customer Projects/Paymentology/Migrated/production-sprint-public-d7dfce0ae80328e8af51/docs/Documents/reporting-api-2.md,/Users/jim/Customer Projects/Paymentology/export-script/export/pages/reporting-api-2.md,"Unexpected closing slash `/` in tag, expected an open tag first",mdx-parse-error,6,"original_id: 2253
---
<p><strong>The Reporting API is a local API which can be called to obtain files produced by Tutuka, foe example, reports.</strong></p>
<p><strong>In order to call this API, a token must be obtained from the Tutuka Token Service. This token is validated by the API and allows access to resources based on certain values contained within the token.</strong></p>
",N/A,N/A
/Users/jim/Customer Projects/Paymentology/Migrated/production-sprint-public-d7dfce0ae80328e8af51/docs/Documents/reporting-api.md,/Users/jim/Customer Projects/Paymentology/export-script/export/pages/reporting-api.md,"Unexpected closing slash `/` in tag, expected an open tag first",mdx-parse-error,6,"original_id: 2251
---
<p><strong>The Reporting API is a local API which can be called to obtain files produced by Tutuka, foe example, reports.</strong></p>
<p><strong>In order to call this API, a token must be obtained from the Tutuka Token Service. This token is validated by the API and allows access to resources based on certain values contained within the token.</strong></p>
",N/A,N/A
/Users/jim/Customer Projects/Paymentology/Migrated/production-sprint-public-d7dfce0ae80328e8af51/docs/Documents/response-codes-1.md,/Users/jim/Customer Projects/Paymentology/export-script/export/pages/response-codes.md,"Unexpected closing tag `</p>`, expected corresponding closing tag for `<br>` (8:219-8:224)",mdx-parse-error,7,"---

<h2>Important</h2>
<p>The checksum that accompanies each request should be calculated as the HMAC-SHA256 hash of the method name concatenated with all the parameters in order. The terminal password should be used as the key for the hash:<br >
<span className=""xml-highlight"">hmac_sha256(‘TerminalPassword’, ‘MethodNameParam1Param2Param3’)</span></p>",N/A,N/A
/Users/jim/Customer Projects/Paymentology/Migrated/production-sprint-public-d7dfce0ae80328e8af51/docs/Documents/reversedevalueprofile-1.md,/Users/jim/Customer Projects/Paymentology/export-script/export/pages/reversedevalueprofile.md,"Unexpected closing slash `/` in tag, expected an open tag first",mdx-parse-error,6,"original_id: 3578
---
<p>Reverses a devalue of a profile</p>

#### Path parameters",N/A,N/A
/Users/jim/Customer Projects/Paymentology/Migrated/production-sprint-public-d7dfce0ae80328e8af51/docs/Documents/tutuka-transaction-stream-2.md,/Users/jim/Customer Projects/Paymentology/export-script/export/pages/tutuka-transaction-stream-2.md,Could not parse expression with acorn,mdx-parse-error,6,"original_id: 1610
---
<p><strong>Paymentology’s Transaction Stream service allows API consumers to receive real-time notifications of the undertaken transactions. By subscribing to the notification service, consumers can know the status of transactions in real-time. </strong></p>
<p><span style={{fontWeight: ""400""}}>You can use the service for various purposes, including:</span></p>
<ul>",N/A,N/A
/Users/jim/Customer Projects/Paymentology/Migrated/production-sprint-public-d7dfce0ae80328e8af51/docs/Documents/updateprofile-1.md,/Users/jim/Customer Projects/Paymentology/export-script/export/pages/updateprofile.md,"Unexpected closing slash `/` in tag, expected an open tag first",mdx-parse-error,6,"original_id: 3606
---
<p>Updates the clients profile</p>

#### Path parameters",N/A,N/A
/Users/jim/Customer Projects/Paymentology/Migrated/production-sprint-public-d7dfce0ae80328e8af51/docs/card-api/api-reference/activatetoken.md,/Users/jim/Customer Projects/Paymentology/export-script/export/pages/card-api/api-reference/activatetoken.md,"Unexpected closing tag `</p>`, expected corresponding closing tag for `<br>` (18:144-18:149)",mdx-parse-error,7,"original_path: ""card-api/api-reference""
---
<p>Used to activate a token for a digitization that has been approved and provisioned, but requires additional cardholder authentication prior to activation. It is expected that a cardholder will complete the authentication process using an issuer’s call center or using an issuer-supplied mobile application, and only then should the issuer use this API to activate the token.</p>

#### Path parameters",N/A,N/A
/Users/jim/Customer Projects/Paymentology/Migrated/production-sprint-public-d7dfce0ae80328e8af51/docs/card-api/api-reference/addcardtag.md,/Users/jim/Customer Projects/Paymentology/export-script/export/pages/card-api/api-reference/addcardtag.md,"Unexpected closing slash `/` in tag, expected an open tag first",mdx-parse-error,7,"original_path: ""card-api/api-reference""
---
<p>Add a Tag name and Tag value to a card identified by tracking number. This is for the client to mark the card with an identifier without having to move the card to a different program (for client’s with multiple card programs).</p>

#### Path parameters",N/A,N/A
/Users/jim/Customer Projects/Paymentology/Migrated/production-sprint-public-d7dfce0ae80328e8af51/docs/card-api/api-reference/addpocket.md,/Users/jim/Customer Projects/Paymentology/export-script/export/pages/card-api/api-reference/addpocket.md,"Unexpected closing slash `/` in tag, expected an open tag first",mdx-parse-error,7,"original_path: ""card-api/api-reference""
---
<p>Add a pocket for the type indicated by UUID to a card identified by tracking number</p>

#### Path parameters",N/A,N/A
/Users/jim/Customer Projects/Paymentology/Migrated/production-sprint-public-d7dfce0ae80328e8af51/docs/card-api/api-reference/appendix.md,/Users/jim/Customer Projects/Paymentology/export-script/export/pages/card-api/api-reference/appendix.md,"Unexpected closing tag `</span>`, expected corresponding closing tag for `<dateTime.iso8601>` (10:71-10:89)",mdx-parse-error,8,"---

<h2>Important</h2>
<p>Any argument that has the type ‘date’ needs to follow the XML-RPC specified ISO 8601 date-time format:</p>
<p><span className=""xml-highlight""><dateTime.iso8601>YYYYMMDDTHH:mm:ss<dateTime.iso8601></span></p>",N/A,N/A
/Users/jim/Customer Projects/Paymentology/Migrated/production-sprint-public-d7dfce0ae80328e8af51/docs/card-api/api-reference/bearerdetail.md,/Users/jim/Customer Projects/Paymentology/export-script/export/pages/card-api/api-reference/bearerdetail.md,"Unexpected closing slash `/` in tag, expected an open tag first",mdx-parse-error,7,"original_path: ""card-api/api-reference""
---
<p>Get the details of the bearer that is identified by the given tracking number</p>

#### Path parameters",N/A,N/A
/Users/jim/Customer Projects/Paymentology/Migrated/production-sprint-public-d7dfce0ae80328e8af51/docs/card-api/api-reference/calculatetav.md,/Users/jim/Customer Projects/Paymentology/export-script/export/pages/card-api/api-reference/calculatetav.md,"Unexpected closing tag `</p>`, expected corresponding closing tag for `<br>` (99:239-99:244)",mdx-parse-error,7,"original_path: ""card-api/api-reference""
---
<p>This API is used to create Token Authentication value (TAV)</p>

#### Path parameters",N/A,N/A
/Users/jim/Customer Projects/Paymentology/Migrated/production-sprint-public-d7dfce0ae80328e8af51/docs/card-api/api-reference/carddetail.md,/Users/jim/Customer Projects/Paymentology/export-script/export/pages/card-api/api-reference/carddetail.md,"Unexpected closing slash `/` in tag, expected an open tag first",mdx-parse-error,7,"original_path: ""card-api/api-reference""
---
<p>Get the details of a card that is identified by the given tracking number.</p>

#### Path parameters",N/A,N/A
/Users/jim/Customer Projects/Paymentology/Migrated/production-sprint-public-d7dfce0ae80328e8af51/docs/card-api/api-reference/changepin.md,/Users/jim/Customer Projects/Paymentology/export-script/export/pages/card-api/api-reference/changepin.md,"Unexpected closing slash `/` in tag, expected an open tag first",mdx-parse-error,7,"original_path: ""card-api/api-reference""
---
<p>Change the pin on the card associated with the customer reference and tracking number</p>

#### Path parameters",N/A,N/A
/Users/jim/Customer Projects/Paymentology/Migrated/production-sprint-public-d7dfce0ae80328e8af51/docs/card-api/api-reference/createvirtualcard.md,/Users/jim/Customer Projects/Paymentology/export-script/export/pages/card-api/api-reference/createvirtualcard.md,"Unexpected closing slash `/` in tag, expected an open tag first",mdx-parse-error,7,"original_path: ""card-api/api-reference""
---
<p>Create a virtual card in the campaign identified by its UUID and linked to the customer reference given.</p>

#### Path parameters",N/A,N/A
/Users/jim/Customer Projects/Paymentology/Migrated/production-sprint-public-d7dfce0ae80328e8af51/docs/card-api/api-reference/createvirtualcardwithload.md,/Users/jim/Customer Projects/Paymentology/export-script/export/pages/card-api/api-reference/createvirtualcardwithload.md,"Unexpected closing slash `/` in tag, expected an open tag first",mdx-parse-error,7,"original_path: ""card-api/api-reference""
---
<p>Create a virtual card in the campaign identified by its UUID and linked to the customer reference given and loads the card</p>

#### Path parameters",N/A,N/A
/Users/jim/Customer Projects/Paymentology/Migrated/production-sprint-public-d7dfce0ae80328e8af51/docs/card-api/api-reference/deductfunds.md,/Users/jim/Customer Projects/Paymentology/export-script/export/pages/card-api/api-reference/deductfunds.md,"Unexpected closing slash `/` in tag, expected an open tag first",mdx-parse-error,7,"original_path: ""card-api/api-reference""
---
<p>Deducts the requested amount from a card, or a pocket if applicable.</p>

#### Path parameters",N/A,N/A
/Users/jim/Customer Projects/Paymentology/Migrated/production-sprint-public-d7dfce0ae80328e8af51/docs/card-api/api-reference/deductfundsreverse.md,/Users/jim/Customer Projects/Paymentology/export-script/export/pages/card-api/api-reference/deductfundsreverse.md,"Unexpected closing slash `/` in tag, expected an open tag first",mdx-parse-error,7,"original_path: ""card-api/api-reference""
---
<p>Reverse a deduct that was previously requested but had potentially failed.</p>

#### Path parameters",N/A,N/A
/Users/jim/Customer Projects/Paymentology/Migrated/production-sprint-public-d7dfce0ae80328e8af51/docs/card-api/api-reference/deletetoken-2.md,/Users/jim/Customer Projects/Paymentology/export-script/export/pages/card-api/api-reference/deletetoken-2.md,"Unexpected closing slash `/` in tag, expected an open tag first",mdx-parse-error,7,"original_path: ""card-api/api-reference""
---
<p>Remove a payment token linked to a card</p>

#### Path parameters",N/A,N/A
/Users/jim/Customer Projects/Paymentology/Migrated/production-sprint-public-d7dfce0ae80328e8af51/docs/card-api/api-reference/devalue.md,/Users/jim/Customer Projects/Paymentology/export-script/export/pages/card-api/api-reference/devalue.md,"Unexpected closing slash `/` in tag, expected an open tag first",mdx-parse-error,7,"original_path: ""card-api/api-reference""
---
<section id=""tutuka-block-63"" className=""tutuka-block tutuka-block--text-full-width"">Deducts the requested amount from a card, or pocket if specified, with a redemption type of “Devalue”.</section>

#### Path parameters",N/A,N/A
/Users/jim/Customer Projects/Paymentology/Migrated/production-sprint-public-d7dfce0ae80328e8af51/docs/card-api/api-reference/devaluereverse.md,/Users/jim/Customer Projects/Paymentology/export-script/export/pages/card-api/api-reference/devaluereverse.md,"Unexpected closing slash `/` in tag, expected an open tag first",mdx-parse-error,7,"original_path: ""card-api/api-reference""
---
<p>Reverse a devalue that was previously requested but had potentially failed.</p>

#### Path parameters",N/A,N/A
/Users/jim/Customer Projects/Paymentology/Migrated/production-sprint-public-d7dfce0ae80328e8af51/docs/card-api/api-reference/index.md,/Users/jim/Customer Projects/Paymentology/export-script/export/pages/card-api/api-reference/index.md,"Unexpected closing slash `/` in tag, expected an open tag first",mdx-parse-error,7,"original_path: ""card-api""
---
<p>The Card API contains the API and API methods that we use to call you to send transactions on to the store of value for authorizations. Transactions originate from the merchant and are sent to Paymentology via the financial networks and then are forwarded to the store of value for authorization.</p>
<p id=""intro""><strong>Note:</strong> You will need to implement the relevant method names corresponding to the different calls in order to perform the necessary actions on your system.</p>
",N/A,N/A
/Users/jim/Customer Projects/Paymentology/Migrated/production-sprint-public-d7dfce0ae80328e8af51/docs/card-api/api-reference/inserttransactionfee.md,/Users/jim/Customer Projects/Paymentology/export-script/export/pages/card-api/api-reference/inserttransactionfee.md,"Unexpected closing slash `/` in tag, expected an open tag first",mdx-parse-error,7,"original_path: ""card-api/api-reference""
---
<p>Charge a fee to a card (or pocket if applicable).</p>

#### Path parameters",N/A,N/A
/Users/jim/Customer Projects/Paymentology/Migrated/production-sprint-public-d7dfce0ae80328e8af51/docs/card-api/api-reference/linkcard.md,/Users/jim/Customer Projects/Paymentology/export-script/export/pages/card-api/api-reference/linkcard.md,"Unexpected closing slash `/` in tag, expected an open tag first",mdx-parse-error,7,"original_path: ""card-api/api-reference""
---
<p>Link an existing card to a given customer reference.</p>

#### Path parameters",N/A,N/A
/Users/jim/Customer Projects/Paymentology/Migrated/production-sprint-public-d7dfce0ae80328e8af51/docs/card-api/api-reference/listalltokens.md,/Users/jim/Customer Projects/Paymentology/export-script/export/pages/card-api/api-reference/listalltokens.md,"Unexpected closing tag `</p>`, expected corresponding closing tag for `<br>` (337:341-337:346)",mdx-parse-error,7,"original_path: ""card-api/api-reference""
---
<p>Returns all the tokens (active and inactive) linked to a card</p>

```xml",N/A,N/A
/Users/jim/Customer Projects/Paymentology/Migrated/production-sprint-public-d7dfce0ae80328e8af51/docs/card-api/api-reference/listcards.md,/Users/jim/Customer Projects/Paymentology/export-script/export/pages/card-api/api-reference/listcards.md,"Unexpected closing slash `/` in tag, expected an open tag first",mdx-parse-error,7,"original_path: ""card-api/api-reference""
---
<p>Return a list of all cards that are linked to the customer reference.</p>

#### Path parameters",N/A,N/A
/Users/jim/Customer Projects/Paymentology/Migrated/production-sprint-public-d7dfce0ae80328e8af51/docs/card-api/api-reference/listtokens.md,/Users/jim/Customer Projects/Paymentology/export-script/export/pages/card-api/api-reference/listtokens.md,"Unexpected closing slash `/` in tag, expected an open tag first",mdx-parse-error,7,"original_path: ""card-api/api-reference""
---
<p>Returns all the tokens linked to a card.</p>

#### Path parameters",N/A,N/A
/Users/jim/Customer Projects/Paymentology/Migrated/production-sprint-public-d7dfce0ae80328e8af51/docs/card-api/api-reference/loadfunds.md,/Users/jim/Customer Projects/Paymentology/export-script/export/pages/card-api/api-reference/loadfunds.md,"Unexpected closing slash `/` in tag, expected an open tag first",mdx-parse-error,7,"original_path: ""card-api/api-reference""
---
<p>Load a card (or pocket if applicable) with the requested amount.</p>

#### Path parameters",N/A,N/A
/Users/jim/Customer Projects/Paymentology/Migrated/production-sprint-public-d7dfce0ae80328e8af51/docs/card-api/api-reference/loadfundsreverse.md,/Users/jim/Customer Projects/Paymentology/export-script/export/pages/card-api/api-reference/loadfundsreverse.md,"Unexpected closing slash `/` in tag, expected an open tag first",mdx-parse-error,7,"original_path: ""card-api/api-reference""
---
<p>Reverse a load that was previously requested but has potentially failed.</p>

#### Path parameters",N/A,N/A
/Users/jim/Customer Projects/Paymentology/Migrated/production-sprint-public-d7dfce0ae80328e8af51/docs/card-api/api-reference/mostrecenttransactions.md,/Users/jim/Customer Projects/Paymentology/export-script/export/pages/card-api/api-reference/mostrecenttransactions.md,"Unexpected closing tag `</strong>`, expected corresponding closing tag for `<br>` (224:63-224:68)",mdx-parse-error,7,"original_path: ""card-api/api-reference""
---
<p>MostRecentTransactions provides the latest transactions on the basis of following two criteria:</p>
<ol>
<li>Date Range (start Date and End Date)</li>",N/A,N/A
/Users/jim/Customer Projects/Paymentology/Migrated/production-sprint-public-d7dfce0ae80328e8af51/docs/card-api/api-reference/ordercard.md,/Users/jim/Customer Projects/Paymentology/export-script/export/pages/card-api/api-reference/ordercard.md,"Unexpected closing tag `</p>`, expected corresponding closing tag for `<br>` (17:429-17:434)",mdx-parse-error,7,"original_path: ""card-api/api-reference""
---
<p>Order a card for a specific cardholder. A card can be printed with cardholder details by the card manufacturer. No commas, question marks or quotation marks are allowed in any of the fields.</p>

#### Path parameters",N/A,N/A
/Users/jim/Customer Projects/Paymentology/Migrated/production-sprint-public-d7dfce0ae80328e8af51/docs/card-api/api-reference/ordercardwithpinblock.md,/Users/jim/Customer Projects/Paymentology/export-script/export/pages/card-api/api-reference/ordercardwithpinblock.md,"Unexpected closing tag `</p>`, expected corresponding closing tag for `<br>` (29:428-29:433)",mdx-parse-error,7,"original_path: ""card-api/api-reference""
---
<p>Order a card for a specific cardholder. You can choose this method if you want the PIN of the card printed on its card carrier or if you have Offline PIN validation in your country.</p>
<p><strong>IMPORTANT:</strong> No commas, question marks or quotation marks are allowed in any of the fields.</p>
<p> </p>",N/A,N/A
/Users/jim/Customer Projects/Paymentology/Migrated/production-sprint-public-d7dfce0ae80328e8af51/docs/card-api/api-reference/pockettransfer.md,/Users/jim/Customer Projects/Paymentology/export-script/export/pages/card-api/api-reference/pockettransfer.md,"Unexpected closing slash `/` in tag, expected an open tag first",mdx-parse-error,7,"original_path: ""card-api/api-reference""
---
<p>Transfer funds between two pockets linked to a card identified by tracking number.</p>

#### Path parameters",N/A,N/A
/Users/jim/Customer Projects/Paymentology/Migrated/production-sprint-public-d7dfce0ae80328e8af51/docs/card-api/api-reference/pockettransferreverse.md,/Users/jim/Customer Projects/Paymentology/export-script/export/pages/card-api/api-reference/pockettransferreverse.md,"Unexpected closing slash `/` in tag, expected an open tag first",mdx-parse-error,7,"original_path: ""card-api/api-reference""
---
<p>Reverse an PocketTransfer transaction that was timed out using the details of the failed transaction.</p>

#### Path parameters",N/A,N/A
/Users/jim/Customer Projects/Paymentology/Migrated/production-sprint-public-d7dfce0ae80328e8af51/docs/card-api/api-reference/remotemessaging.md,/Users/jim/Customer Projects/Paymentology/export-script/export/pages/card-api/api-reference/remotemessaging.md,"Unexpected character `""` (U+0022) in name, expected a name character such as letters, digits, `$`, or `_`; whitespace before attributes; or the end of the tag",mdx-parse-error,7,"original_path: ""card-api/api-reference""
---
<p className=""BodyA""><strong><span lang=""EN-US"">Remote messaging API allows Paymentology to call you to send administrative advice messages for Card API. These advice messages are sent using webhook-like schema. If you are integrating the service, you must create an endpoint accessible from the Paymentology network, which would be able to process the requests outlined below.</span></strong></p>

<h2>How it works</h2>",N/A,N/A
/Users/jim/Customer Projects/Paymentology/Migrated/production-sprint-public-d7dfce0ae80328e8af51/docs/card-api/api-reference/remotemessaging.md,/Users/jim/Customer Projects/Paymentology/export-script/export/pages/card-api/api-reference/remotemessaging.md,Unknown error,image-replacement,N/A,N/A,Result-codes.png,https:developer.sprint.paymentology.com/wp-content/uploads/2021/06/Result-codes.png
/Users/jim/Customer Projects/Paymentology/Migrated/production-sprint-public-d7dfce0ae80328e8af51/docs/card-api/api-reference/remotemessaging.md,/Users/jim/Customer Projects/Paymentology/export-script/export/pages/card-api/api-reference/remotemessaging.md,Unknown error,image-replacement,N/A,N/A,Structure.png,https:developer.sprint.paymentology.com/wp-content/uploads/2021/06/Structure.png
/Users/jim/Customer Projects/Paymentology/Migrated/production-sprint-public-d7dfce0ae80328e8af51/docs/card-api/api-reference/retirecard.md,/Users/jim/Customer Projects/Paymentology/export-script/export/pages/card-api/api-reference/retirecard.md,"Unexpected closing slash `/` in tag, expected an open tag first",mdx-parse-error,7,"original_path: ""card-api/api-reference""
---
<p>Permanently disable a card so that it is no longer returned for the customer reference in the ListCards method.</p>

#### Path parameters",N/A,N/A
/Users/jim/Customer Projects/Paymentology/Migrated/production-sprint-public-d7dfce0ae80328e8af51/docs/card-api/api-reference/set3dsecurecode.md,/Users/jim/Customer Projects/Paymentology/export-script/export/pages/card-api/api-reference/set3dsecurecode.md,"Unexpected closing slash `/` in tag, expected an open tag first",mdx-parse-error,7,"original_path: ""card-api/api-reference""
---
<p>Update the 3D Secure Code on the card associated with the customer reference and tracking number.</p>

#### Path parameters",N/A,N/A
/Users/jim/Customer Projects/Paymentology/Migrated/production-sprint-public-d7dfce0ae80328e8af51/docs/card-api/api-reference/setbearerdetail.md,/Users/jim/Customer Projects/Paymentology/export-script/export/pages/card-api/api-reference/setbearerdetail.md,"Unexpected closing slash `/` in tag, expected an open tag first",mdx-parse-error,7,"original_path: ""card-api/api-reference""
---
<p>Set the details of the bearer that is identified by the given tracking number</p>

#### Path parameters",N/A,N/A
/Users/jim/Customer Projects/Paymentology/Migrated/production-sprint-public-d7dfce0ae80328e8af51/docs/card-api/api-reference/statement.md,/Users/jim/Customer Projects/Paymentology/export-script/export/pages/card-api/api-reference/statement.md,"Unexpected closing tag `</p>`, expected corresponding closing tag for `<a>` (11:4-11:25)",mdx-parse-error,7,"original_path: ""card-api/api-reference""
---
<p>Retrieve the statement of a card (or pocket if applicable).</p>
<p><a href=""#statement1.3"">Version 1.3</a></p>
<p><a href=""#statement1.2"">Version 1.2</a></p>",N/A,N/A
/Users/jim/Customer Projects/Paymentology/Migrated/production-sprint-public-d7dfce0ae80328e8af51/docs/card-api/api-reference/stopcard.md,/Users/jim/Customer Projects/Paymentology/export-script/export/pages/card-api/api-reference/stopcard.md,"Unexpected closing slash `/` in tag, expected an open tag first",mdx-parse-error,7,"original_path: ""card-api/api-reference""
---
<p>Stop a card with one of the allowed (integer) values for stopReasonID.</p>

#### Path parameters",N/A,N/A
/Users/jim/Customer Projects/Paymentology/Migrated/production-sprint-public-d7dfce0ae80328e8af51/docs/card-api/api-reference/stoptoken.md,/Users/jim/Customer Projects/Paymentology/export-script/export/pages/card-api/api-reference/stoptoken.md,"Unexpected closing slash `/` in tag, expected an open tag first",mdx-parse-error,7,"original_path: ""card-api/api-reference""
---
<p>Stops a token reference or all the ones linked to a card. The token or tokens can be unstopped using UnStopToken.</p>

#### Path parameters",N/A,N/A
/Users/jim/Customer Projects/Paymentology/Migrated/production-sprint-public-d7dfce0ae80328e8af51/docs/card-api/api-reference/threedsauthenticationoutcome.md,/Users/jim/Customer Projects/Paymentology/export-script/export/pages/card-api/api-reference/threedsauthenticationoutcome.md,"Unexpected closing tag `</p>`, expected corresponding closing tag for `<br>` (17:124-17:129)",mdx-parse-error,7,"original_path: ""card-api/api-reference""
---
<p>Gives the result of the 3D Secure App Authentication.</p>

#### Path parameters",N/A,N/A
/Users/jim/Customer Projects/Paymentology/Migrated/production-sprint-public-d7dfce0ae80328e8af51/docs/card-api/api-reference/togglevoucherfeature.md,/Users/jim/Customer Projects/Paymentology/export-script/export/pages/card-api/api-reference/togglevoucherfeature.md,"Unexpected closing slash `/` in tag, expected an open tag first",mdx-parse-error,7,"original_path: ""card-api/api-reference""
---
<p>Toggles a voucher feature on or off</p>

#### Path parameters",N/A,N/A
/Users/jim/Customer Projects/Paymentology/Migrated/production-sprint-public-d7dfce0ae80328e8af51/docs/card-api/api-reference/tokenapprovedevicebinding-2.md,/Users/jim/Customer Projects/Paymentology/export-script/export/pages/card-api/api-reference/tokenapprovedevicebinding-2.md,"Unexpected closing slash `/` in tag, expected an open tag first",mdx-parse-error,7,"original_path: ""card-api/api-reference""
---
<p>Bind the device with the token</p>

#### Path parameters",N/A,N/A
/Users/jim/Customer Projects/Paymentology/Migrated/production-sprint-public-d7dfce0ae80328e8af51/docs/card-api/api-reference/tokenapprovedevicebinding.md,/Users/jim/Customer Projects/Paymentology/export-script/export/pages/card-api/api-reference/tokenapprovedevicebinding.md,"Unexpected closing slash `/` in tag, expected an open tag first",mdx-parse-error,7,"original_path: ""card-api/api-reference""
---
<p>Bind the device with the token</p>

#### Path parameters",N/A,N/A
/Users/jim/Customer Projects/Paymentology/Migrated/production-sprint-public-d7dfce0ae80328e8af51/docs/card-api/api-reference/tokenremovedevicebinding.md,/Users/jim/Customer Projects/Paymentology/export-script/export/pages/card-api/api-reference/tokenremovedevicebinding.md,"Unexpected closing slash `/` in tag, expected an open tag first",mdx-parse-error,7,"original_path: ""card-api/api-reference""
---
<p>Remove device with the token</p>

#### Path parameters",N/A,N/A
/Users/jim/Customer Projects/Paymentology/Migrated/production-sprint-public-d7dfce0ae80328e8af51/docs/card-api/api-reference/transferfunds.md,/Users/jim/Customer Projects/Paymentology/export-script/export/pages/card-api/api-reference/transferfunds.md,"Unexpected closing slash `/` in tag, expected an open tag first",mdx-parse-error,7,"original_path: ""card-api/api-reference""
---
<p>Transfer funds from one card to another identified by tracking numbers, using pockets if applicable of the same type.</p>

#### Path parameters",N/A,N/A
/Users/jim/Customer Projects/Paymentology/Migrated/production-sprint-public-d7dfce0ae80328e8af51/docs/card-api/api-reference/transferfundsreverse.md,/Users/jim/Customer Projects/Paymentology/export-script/export/pages/card-api/api-reference/transferfundsreverse.md,"Unexpected closing slash `/` in tag, expected an open tag first",mdx-parse-error,7,"original_path: ""card-api/api-reference""
---
<p>Reverse a TransferFunds transaction that was timed out using the details of the failed transaction.</p>

#### Path parameters",N/A,N/A
/Users/jim/Customer Projects/Paymentology/Migrated/production-sprint-public-d7dfce0ae80328e8af51/docs/card-api/api-reference/transferlink.md,/Users/jim/Customer Projects/Paymentology/export-script/export/pages/card-api/api-reference/transferlink.md,"Unexpected closing slash `/` in tag, expected an open tag first",mdx-parse-error,7,"original_path: ""card-api/api-reference""
---
<p>Transfer a reference to a new card. The old card will be stopped and the bearer details transferred to the new card. The new card will be linked and activated.</p>

#### Path parameters",N/A,N/A
/Users/jim/Customer Projects/Paymentology/Migrated/production-sprint-public-d7dfce0ae80328e8af51/docs/card-api/api-reference/transfertoken-2.md,/Users/jim/Customer Projects/Paymentology/export-script/export/pages/card-api/api-reference/transfertoken-2.md,"Unexpected closing slash `/` in tag, expected an open tag first",mdx-parse-error,7,"original_path: ""card-api/api-reference""
---
<p>Transfer a payment token from one card to another</p>

#### Path parameters",N/A,N/A
/Users/jim/Customer Projects/Paymentology/Migrated/production-sprint-public-d7dfce0ae80328e8af51/docs/card-api/api-reference/unstopcard.md,/Users/jim/Customer Projects/Paymentology/export-script/export/pages/card-api/api-reference/unstopcard.md,"Unexpected closing slash `/` in tag, expected an open tag first",mdx-parse-error,7,"original_path: ""card-api/api-reference""
---
<p>Unstop a card</p>

#### Path parameters",N/A,N/A
/Users/jim/Customer Projects/Paymentology/Migrated/production-sprint-public-d7dfce0ae80328e8af51/docs/card-api/api-reference/unstoptoken.md,/Users/jim/Customer Projects/Paymentology/export-script/export/pages/card-api/api-reference/unstoptoken.md,"Unexpected closing slash `/` in tag, expected an open tag first",mdx-parse-error,7,"original_path: ""card-api/api-reference""
---
<p>Unstops a token reference or all the ones linked to a card.</p>

#### Path parameters",N/A,N/A
/Users/jim/Customer Projects/Paymentology/Migrated/production-sprint-public-d7dfce0ae80328e8af51/docs/card-api/api-reference/updatecardexpirydate.md,/Users/jim/Customer Projects/Paymentology/export-script/export/pages/card-api/api-reference/updatecardexpirydate.md,"Unexpected closing slash `/` in tag, expected an open tag first",mdx-parse-error,7,"original_path: ""card-api/api-reference""
---
<p>Updates the expiry date of a virtual card</p>

#### Path parameters",N/A,N/A
/Users/jim/Customer Projects/Paymentology/Migrated/production-sprint-public-d7dfce0ae80328e8af51/docs/card-api/api-reference/updatecardlabel.md,/Users/jim/Customer Projects/Paymentology/export-script/export/pages/card-api/api-reference/updatecardlabel.md,"Unexpected closing slash `/` in tag, expected an open tag first",mdx-parse-error,7,"original_path: ""card-api/api-reference""
---
<p>Update the card label of a card identified by tracking number. (This refers to the activation key of the card).</p>

#### Path parameters",N/A,N/A
/Users/jim/Customer Projects/Paymentology/Migrated/production-sprint-public-d7dfce0ae80328e8af51/docs/card-api/api-reference/updatecvv.md,/Users/jim/Customer Projects/Paymentology/export-script/export/pages/card-api/api-reference/updatecvv.md,"Unexpected closing slash `/` in tag, expected an open tag first",mdx-parse-error,7,"original_path: ""card-api/api-reference""
---
<p>Generate a new CVV2 of the specified card.</p>

#### Path parameters",N/A,N/A
/Users/jim/Customer Projects/Paymentology/Migrated/production-sprint-public-d7dfce0ae80328e8af51/docs/card-api/api-reference/updatetokenaccount.md,/Users/jim/Customer Projects/Paymentology/export-script/export/pages/card-api/api-reference/updatetokenaccount.md,"Unexpected closing slash `/` in tag, expected an open tag first",mdx-parse-error,7,"original_path: ""card-api/api-reference""
---
<p>Updates the card PAN information associated with a token i.e. VoucherID, Expiry Update and Account Deletion</p>

#### Path parameters",N/A,N/A
/Users/jim/Customer Projects/Paymentology/Migrated/production-sprint-public-d7dfce0ae80328e8af51/docs/card-api/disputes.md,/Users/jim/Customer Projects/Paymentology/export-script/export/pages/card-api/disputes.md,"Unexpected closing tag `</li>`, expected corresponding closing tag for `<br>` (38:23-38:28)",mdx-parse-error,7,"original_path: ""card-api""
---
<h1>What is a Dispute?</h1>
<p>A dispute is a transaction that a cardholder/customer does not agree with and therefore requests that part of, or the entire transaction be reversed or refunded.</p>
",N/A,N/A
/Users/jim/Customer Projects/Paymentology/Migrated/production-sprint-public-d7dfce0ae80328e8af51/docs/card-api/disputes.md,/Users/jim/Customer Projects/Paymentology/export-script/export/pages/card-api/disputes.md,Unknown error,image-replacement,N/A,N/A,Chargeback-process-flow-v2.png,https:developer.sprint.paymentology.com/wp-content/uploads/2023/03/Chargeback-process-flow-v2.png
/Users/jim/Customer Projects/Paymentology/Migrated/production-sprint-public-d7dfce0ae80328e8af51/docs/card-api/index.md,/Users/jim/Customer Projects/Paymentology/export-script/export/pages/card-api/index.md,"Unexpected closing slash `/` in tag, expected an open tag first",mdx-parse-error,6,"original_id: 16
---
<h2>Card API is a simple API where we hold your customer’s balance for you</h2>
<p><strong>The Card API is a prepaid card management interface that enables you to instantly generate and issue virtual and/or physical cards. These cards are funded from a stored value account (SVA) and are loaded as a balance on the card. The Card API is different from the Companion API in that Paymentology stores the customer’s balance and we are responsible for authorizing transactions based on the stipulated card balances and limits. </strong></p>
<p><span style={{fontWeight: ""400""}}>With this API, you can provide anything from simple gift cards to multi-currency cards for traveling, payout and payroll cards or general-purpose reloadable cards for the unbanked, and many other types of secure payment cards. It offers a prepaid card and pocket management solution that acts as a link between Mastercard, Visa, Union Pay International, bank switches, and various customer cards.</span></p>",N/A,N/A
/Users/jim/Customer Projects/Paymentology/Migrated/production-sprint-public-d7dfce0ae80328e8af51/docs/card-api/index.md,/Users/jim/Customer Projects/Paymentology/export-script/export/pages/card-api/index.md,Unknown error,image-replacement,N/A,N/A,Card-API-transaction-processing-1-v2-1.png,https:developer.sprint.paymentology.com/wp-content/uploads/2024/01/Card-API-transaction-processing-1-v2-1.png
/Users/jim/Customer Projects/Paymentology/Migrated/production-sprint-public-d7dfce0ae80328e8af51/docs/card-api/issue-card.md,/Users/jim/Customer Projects/Paymentology/export-script/export/pages/card-api/issue-card.md,"Unexpected closing slash `/` in tag, expected an open tag first",mdx-parse-error,7,"original_path: ""card-api""
---
<h2><span style={{fontSize: ""20px""}}>With the Card API you can o</span><span style={{fontSize: ""20px""}}>ffer your customers two types of cards</span><span style={{fontSize: ""20px""}}>:</span></h2>

<p>**Card-API-issuing-process-flow-v2.png IMAGE GOES HERE.**</p>",N/A,N/A
/Users/jim/Customer Projects/Paymentology/Migrated/production-sprint-public-d7dfce0ae80328e8af51/docs/card-api/issue-card.md,/Users/jim/Customer Projects/Paymentology/export-script/export/pages/card-api/issue-card.md,Unknown error,image-replacement,N/A,N/A,Card-API-issuing-process-flow-v2.png,https:developer.sprint.paymentology.com/wp-content/uploads/2023/03/Card-API-issuing-process-flow-v2.png
/Users/jim/Customer Projects/Paymentology/Migrated/production-sprint-public-d7dfce0ae80328e8af51/docs/card-api/manage-cards.md,/Users/jim/Customer Projects/Paymentology/export-script/export/pages/card-api/manage-cards.md,"Unexpected closing slash `/` in tag, expected an open tag first",mdx-parse-error,7,"original_path: ""card-api""
---
<p><strong>You can manage the issued Paymentology cards and make updates to them whenever necessary. You can also use the API methods below to develop a UI that comes with self-help options that allow the cardholders to manage their cards by themselves.</strong></p>
<p>These are the supported card management options:</p>
<ul>",N/A,N/A
/Users/jim/Customer Projects/Paymentology/Migrated/production-sprint-public-d7dfce0ae80328e8af51/docs/card-api/manage-funds.md,/Users/jim/Customer Projects/Paymentology/export-script/export/pages/card-api/manage-funds.md,"Unexpected closing tag `</p>`, expected corresponding closing tag for `<br>` (8:2-8:7)",mdx-parse-error,7,"original_path: ""card-api""
---
<p><strong>Once a cardholder has been issued with a card, they can start to manage the funds associated with their card or pockets.</strong><br >
​<br >
These are the supported options for managing funds:​</p>",N/A,N/A
/Users/jim/Customer Projects/Paymentology/Migrated/production-sprint-public-d7dfce0ae80328e8af51/docs/card-api/reconciliation.md,/Users/jim/Customer Projects/Paymentology/export-script/export/pages/card-api/reconciliation.md,"Unexpected closing slash `/` in tag, expected an open tag first",mdx-parse-error,7,"original_path: ""card-api""
---
<p><strong>Reconciliation is the process of matching transactions reported by Paymentology to the transactions recorded on the client platform to ensure that the amount settled by the card scheme is accurate.</strong></p>

<p><strong>Reconciliation Process</strong></p>",N/A,N/A
/Users/jim/Customer Projects/Paymentology/Migrated/production-sprint-public-d7dfce0ae80328e8af51/docs/card-api/reconciliation.md,/Users/jim/Customer Projects/Paymentology/export-script/export/pages/card-api/reconciliation.md,Unknown error,image-replacement,N/A,N/A,Settlement-processing-v2.png,https:developer.sprint.paymentology.com/wp-content/uploads/2023/03/Settlement-processing-v2.png
/Users/jim/Customer Projects/Paymentology/Migrated/production-sprint-public-d7dfce0ae80328e8af51/docs/card-api/reconciliation.md,/Users/jim/Customer Projects/Paymentology/export-script/export/pages/card-api/reconciliation.md,Unknown error,image-replacement,N/A,N/A,Forex-fluctuation-v2.png,https:developer.sprint.paymentology.com/wp-content/uploads/2023/03/Forex-fluctuation-v2.png
/Users/jim/Customer Projects/Paymentology/Migrated/production-sprint-public-d7dfce0ae80328e8af51/docs/card-api/reports/apple-pay-monthly-declines-report.md,/Users/jim/Customer Projects/Paymentology/export-script/export/pages/card-api/reports/apple-pay-monthly-declines-report.md,"Unexpected character `1` (U+0031) before name, expected a character that can start a name, such as a letter, `$`, or `_`",mdx-parse-error,7,"original_path: ""card-api/reports""
---
<p>For clients using Paymentology’s tokenization, Paymentology can issue monthly reports to clients to utilize the report data to compile their Apple report through the Apple Partner Connect platform.</p>
<p>The purpose of the Apple Pay monthly declines report is to provide oversight on Apple Pay transactions that have been declined. It is important to note that failed transactions are NOT considered as declined and therefore not considered for this report.</p>
<p>Declined transactions include those that were declined due to: daily limits exceeded, unable to authorize, no account, card status suspended, over credit line, unavailable funds, invalid PIN, expired card, cardholder authorization file, delinquent account.</p>",N/A,N/A
/Users/jim/Customer Projects/Paymentology/Migrated/production-sprint-public-d7dfce0ae80328e8af51/docs/card-api/reports/apple-pay-monthly-fee-billing-report.md,/Users/jim/Customer Projects/Paymentology/export-script/export/pages/card-api/reports/apple-pay-monthly-fee-billing-report.md,Expected a closing tag for `<li>` (11:1-11:5) before the end of `paragraph`,mdx-parse-error,7,"original_path: ""card-api/reports""
---
<p>For clients using Paymentology’s tokenization, Paymentology can issue monthly reports to clients to utilize the report data to compile their Apple report through the Apple Partner Connect platform.</p>
<p>The Apple Pay monthly fee billing report includes the following details:</p>
<ul>",N/A,N/A
/Users/jim/Customer Projects/Paymentology/Migrated/production-sprint-public-d7dfce0ae80328e8af51/docs/card-api/reports/apple-pay-monthly-fee-billing-report.md,/Users/jim/Customer Projects/Paymentology/export-script/export/pages/card-api/reports/apple-pay-monthly-fee-billing-report.md,Unknown error,image-replacement,N/A,N/A,CampaignName_ApplePay-Monthly-Fee-Billing-Report-Month-YYYY-_-002.png,https:developer.sprint.paymentology.com/wp-content/uploads/2023/12/CampaignName_ApplePay-Monthly-Fee-Billing-Report-Month-YYYY-_-002.png
/Users/jim/Customer Projects/Paymentology/Migrated/production-sprint-public-d7dfce0ae80328e8af51/docs/card-api/reports/apple-pay-monthly-metric-report.md,/Users/jim/Customer Projects/Paymentology/export-script/export/pages/card-api/reports/apple-pay-monthly-metric-report.md,"Unexpected closing slash `/` in tag, expected an open tag first",mdx-parse-error,7,"original_path: ""card-api/reports""
---
<p>For clients using Paymentology’s tokenization, Paymentology can issue monthly reports to clients to assist in compiling their Apple report through the Apple Partner Connect platform.</p>
<p>The monthly metric report provides clients with a breakdown of POS (Point of Sale), remote (in-App, Apple Pay on the web and eCommerce) and COF (Credential on File) Apple Pay spends for the specified month.</p>
<p>The report includes the following details:</p>",N/A,N/A
/Users/jim/Customer Projects/Paymentology/Migrated/production-sprint-public-d7dfce0ae80328e8af51/docs/card-api/reports/apple-pay-monthly-metric-report.md,/Users/jim/Customer Projects/Paymentology/export-script/export/pages/card-api/reports/apple-pay-monthly-metric-report.md,Unknown error,image-replacement,N/A,N/A,CampaignName_ApplePay-Monthly-Metric-Report-Month-YYYY-_-002.png,https:developer.sprint.paymentology.com/wp-content/uploads/2023/12/CampaignName_ApplePay-Monthly-Metric-Report-Month-YYYY-_-002.png
/Users/jim/Customer Projects/Paymentology/Migrated/production-sprint-public-d7dfce0ae80328e8af51/docs/card-api/reports/apple-pay-monthly-top-merchant-report.md,/Users/jim/Customer Projects/Paymentology/export-script/export/pages/card-api/reports/apple-pay-monthly-top-merchant-report.md,"Unexpected closing slash `/` in tag, expected an open tag first",mdx-parse-error,7,"original_path: ""card-api/reports""
---
<p data-renderer-start-pos=""10987"">For clients using Paymentology’s tokenization, Paymentology can issue monthly reports to clients to assist in compiling their Apple report through the Apple Partner Connect platform.</p>
<p data-renderer-start-pos=""10987"">The purpose of this report is for Apple to understand the top 100 Merchants that accept Apple Pay. It’s important to note only approved/settled transactions are reported and Merchants are listed in descending order based on total spend.</p>
<p>The report includes the following details:</p>",N/A,N/A
/Users/jim/Customer Projects/Paymentology/Migrated/production-sprint-public-d7dfce0ae80328e8af51/docs/card-api/reports/apple-pay-monthly-top-merchant-report.md,/Users/jim/Customer Projects/Paymentology/export-script/export/pages/card-api/reports/apple-pay-monthly-top-merchant-report.md,Unknown error,image-replacement,N/A,N/A,CampaignName_ApplePay-Top-Merchant-Report-MMM-YYYY-_.png,https:developer.sprint.paymentology.com/wp-content/uploads/2023/12/CampaignName_ApplePay-Top-Merchant-Report-MMM-YYYY-_.png
/Users/jim/Customer Projects/Paymentology/Migrated/production-sprint-public-d7dfce0ae80328e8af51/docs/card-api/reports/apple-pay-monthly-usage-frequency-report.md,/Users/jim/Customer Projects/Paymentology/export-script/export/pages/card-api/reports/apple-pay-monthly-usage-frequency-report.md,"Unexpected closing slash `/` in tag, expected an open tag first",mdx-parse-error,7,"original_path: ""card-api/reports""
---
<p>For clients using Paymentology’s tokenization, Paymentology can issue monthly reports to clients to assist in compiling their Apple report through the Apple Partner Connect platform.</p>
<p>This report refers to the number of times a specific account is used to make a transaction in a given month. This includes any type of Apple Pay transaction i.e. POS or eCommerce.</p>
<p>The report includes the following details:</p>",N/A,N/A
/Users/jim/Customer Projects/Paymentology/Migrated/production-sprint-public-d7dfce0ae80328e8af51/docs/card-api/reports/apple-pay-monthly-usage-frequency-report.md,/Users/jim/Customer Projects/Paymentology/export-script/export/pages/card-api/reports/apple-pay-monthly-usage-frequency-report.md,Unknown error,image-replacement,N/A,N/A,CampaignName_ApplePay-Monthly-Frequency-Report-Month-YYYY-_.png,https:developer.sprint.paymentology.com/wp-content/uploads/2023/12/CampaignName_ApplePay-Monthly-Frequency-Report-Month-YYYY-_.png
/Users/jim/Customer Projects/Paymentology/Migrated/production-sprint-public-d7dfce0ae80328e8af51/docs/card-api/reports/apple-pay-quarterly-fee-billing-report.md,/Users/jim/Customer Projects/Paymentology/export-script/export/pages/card-api/reports/apple-pay-quarterly-fee-billing-report.md,Expected a closing tag for `<li>` (11:1-11:5) before the end of `paragraph`,mdx-parse-error,7,"original_path: ""card-api/reports""
---
<p data-pm-slice=""1 1 []"">For clients using Paymentology’s tokenization, Paymentology can issue a quarterly report to clients to utilize the report data to compile their Apple report through the Apple Partner Connect platform.</p>
<p>The report includes the following details:</p>
<ul>",N/A,N/A
/Users/jim/Customer Projects/Paymentology/Migrated/production-sprint-public-d7dfce0ae80328e8af51/docs/card-api/reports/apple-pay-quarterly-fee-billing-report.md,/Users/jim/Customer Projects/Paymentology/export-script/export/pages/card-api/reports/apple-pay-quarterly-fee-billing-report.md,Unknown error,image-replacement,N/A,N/A,CampaignName_ApplePay-Quarterly-Fee-Billing-Report-Month-YYYY-003.png,https:developer.sprint.paymentology.com/wp-content/uploads/2023/12/CampaignName_ApplePay-Quarterly-Fee-Billing-Report-Month-YYYY-003.png
/Users/jim/Customer Projects/Paymentology/Migrated/production-sprint-public-d7dfce0ae80328e8af51/docs/card-api/reports/authorisation-income-report.md,/Users/jim/Customer Projects/Paymentology/export-script/export/pages/card-api/reports/authorisation-income-report.md,Expected a closing tag for `<li>` (20:1-20:5) before the end of `paragraph`,mdx-parse-error,7,"original_path: ""card-api/reports""
---
<p data-pm-slice=""1 1 []"">This daily report provides client’s with transaction markup data to support their internal reporting and P & L reconciliation. The report includes the following details:</p>
<ul>
<li><strong>CampaignID</strong> – id number of client’s campaign.</li>",N/A,N/A
/Users/jim/Customer Projects/Paymentology/Migrated/production-sprint-public-d7dfce0ae80328e8af51/docs/card-api/reports/authorisation-income-report.md,/Users/jim/Customer Projects/Paymentology/export-script/export/pages/card-api/reports/authorisation-income-report.md,Unknown error,image-replacement,N/A,N/A,CampaignName_authorisationincomereport_YYYY_MM_DD-.png,https:developer.sprint.paymentology.com/wp-content/uploads/2023/12/CampaignName_authorisationincomereport_YYYY_MM_DD-.png
/Users/jim/Customer Projects/Paymentology/Migrated/production-sprint-public-d7dfce0ae80328e8af51/docs/card-api/reports/blocked-transactions-report.md,/Users/jim/Customer Projects/Paymentology/export-script/export/pages/card-api/reports/blocked-transactions-report.md,"Unexpected closing tag `</p>`, expected corresponding closing tag for `<br>` (7:134-7:139)",mdx-parse-error,7,"original_path: ""card-api/reports""
---
<p>This report lists detailed information about filtered transactions for a specific set of campaigns, during a specified date range.<br >
The report includes details about vouchers and reasons for transactions being filtered. This reports helps clients to identify if any whitelisted merchants (approved merchants) are blocked.</p>
<p>The report includes the following details:</p>",N/A,N/A
/Users/jim/Customer Projects/Paymentology/Migrated/production-sprint-public-d7dfce0ae80328e8af51/docs/card-api/reports/card-balance-report.md,/Users/jim/Customer Projects/Paymentology/export-script/export/pages/card-api/reports/card-balance-report.md,"Unexpected closing slash `/` in tag, expected an open tag first",mdx-parse-error,7,"original_path: ""card-api/reports""
---
<p>This report provides clients with card details such as, current available balance, last load and lifetime expenditure. It is available for each Campaign.</p>
<p>The report includes the following details:</p>
<ul>",N/A,N/A
/Users/jim/Customer Projects/Paymentology/Migrated/production-sprint-public-d7dfce0ae80328e8af51/docs/card-api/reports/card-balance-report.md,/Users/jim/Customer Projects/Paymentology/export-script/export/pages/card-api/reports/card-balance-report.md,Unknown error,image-replacement,N/A,N/A,CampaignName_cardbalances_YYYY_MM_DD-.png,https:developer.sprint.paymentology.com/wp-content/uploads/2023/12/CampaignName_cardbalances_YYYY_MM_DD-.png
/Users/jim/Customer Projects/Paymentology/Migrated/production-sprint-public-d7dfce0ae80328e8af51/docs/card-api/reports/card-order-report-2.md,/Users/jim/Customer Projects/Paymentology/export-script/export/pages/card-api/reports/card-order-report-2.md,"Unexpected closing slash `/` in tag, expected an open tag first",mdx-parse-error,7,"original_path: ""card-api/reports""
---
<p><span style={{fontWeight: ""400""}}>If you choose the option of ordering cards via the </span><span className=""xml-highlight"">OrderCard</span> method, then a report will be available each day with information of the successful orders that were processed and sent to the card manufacturer.</p>
<p>The report includes the following details:</p>
<ul>",N/A,N/A
/Users/jim/Customer Projects/Paymentology/Migrated/production-sprint-public-d7dfce0ae80328e8af51/docs/card-api/reports/card-order-report-2.md,/Users/jim/Customer Projects/Paymentology/export-script/export/pages/card-api/reports/card-order-report-2.md,Unknown error,image-replacement,N/A,N/A,Card-Order-report-final-Card-API.png,https:developer.sprint.paymentology.com/wp-content/uploads/2021/01/Card-Order-report-final-Card-API.png
/Users/jim/Customer Projects/Paymentology/Migrated/production-sprint-public-d7dfce0ae80328e8af51/docs/card-api/reports/daily-negative-balance-report.md,/Users/jim/Customer Projects/Paymentology/export-script/export/pages/card-api/reports/daily-negative-balance-report.md,"Unexpected closing slash `/` in tag, expected an open tag first",mdx-parse-error,7,"original_path: ""card-api/reports""
---
<p>This report provides clients with detailed information on cards that have entered into a negative balance status. It provides essential, actionable information to trace the transactions and correct the negative balance scenarios.</p>
<ul>
<li data-renderer-start-pos=""2632"">Clients will receive this report via email daily with the data from the previous day.</li>",N/A,N/A
/Users/jim/Customer Projects/Paymentology/Migrated/production-sprint-public-d7dfce0ae80328e8af51/docs/card-api/reports/daily-sales-and-redemption-report.md,/Users/jim/Customer Projects/Paymentology/export-script/export/pages/card-api/reports/daily-sales-and-redemption-report.md,Expected a closing tag for `<li>` (16:1-16:5) before the end of `paragraph`,mdx-parse-error,7,"original_path: ""card-api/reports""
---
<p>A report which includes all Loads, Redemptions, Authorization, Fees that takes place on a voucher/card.</p>
<p>The report includes the following details:</p>
<ul>",N/A,N/A
/Users/jim/Customer Projects/Paymentology/Migrated/production-sprint-public-d7dfce0ae80328e8af51/docs/card-api/reports/daily-statement-report.md,/Users/jim/Customer Projects/Paymentology/export-script/export/pages/card-api/reports/daily-statement-report.md,Expected a closing tag for `<li>` (17:1-17:5) before the end of `paragraph`,mdx-parse-error,7,"original_path: ""card-api/reports""
---
<p>The daily statement report can be used by client’s to assist with their reconciliation and program activity reporting.</p>
<p>The report includes the following details:</p>
<ul>",N/A,N/A
/Users/jim/Customer Projects/Paymentology/Migrated/production-sprint-public-d7dfce0ae80328e8af51/docs/card-api/reports/detailed-settlement-report.md,/Users/jim/Customer Projects/Paymentology/export-script/export/pages/card-api/reports/detailed-settlement-report.md,"Unexpected closing tag `</p>`, expected corresponding closing tag for `<br>` (9:50-9:55)",mdx-parse-error,7,"original_path: ""card-api/reports""
---
<div className=""block translation current highlight"" data-element=""para"" data-attr-xinfo-text=""10760"">
<p><span style={{fontWeight: ""400""}}>Paymentology also provides a detailed version of the summary Settlement Report. </span><span style={{fontWeight: ""400""}}>The Detailed Settlement Report shows each settled transaction, which allows you to use the Transaction id to mark off settled transactions from authorized transactions. This also assists in confirming the values of the amounts in the summary Settlement Report. The network provides the Transaction id field during authorization. The same Transaction id for authorizations is included in the Detailed Settlement Report.</span></p>
<p>There are 3 versions of this report available:<br >",N/A,N/A
/Users/jim/Customer Projects/Paymentology/Migrated/production-sprint-public-d7dfce0ae80328e8af51/docs/card-api/reports/detailed-settlement-report.md,/Users/jim/Customer Projects/Paymentology/export-script/export/pages/card-api/reports/detailed-settlement-report.md,Unknown error,image-replacement,N/A,N/A,Detailed-Settlement-report-1.png,https:developer.sprint.paymentology.com/wp-content/uploads/2021/06/Detailed-Settlement-report-1.png
/Users/jim/Customer Projects/Paymentology/Migrated/production-sprint-public-d7dfce0ae80328e8af51/docs/card-api/reports/ecommerce-report.md,/Users/jim/Customer Projects/Paymentology/export-script/export/pages/card-api/reports/ecommerce-report.md,Expected a closing tag for `<li>` (16:1-16:35) before the end of `paragraph`,mdx-parse-error,7,"original_path: ""card-api/reports""
---
<p data-renderer-start-pos=""25"">A report that shows successful and failed Ecommerce transactions along with associated eCommerce fees.</p>
<p data-renderer-start-pos=""25"">The report includes the following details:</p>
<ul>",N/A,N/A
/Users/jim/Customer Projects/Paymentology/Migrated/production-sprint-public-d7dfce0ae80328e8af51/docs/card-api/reports/ecommerce-report.md,/Users/jim/Customer Projects/Paymentology/export-script/export/pages/card-api/reports/ecommerce-report.md,Unknown error,image-replacement,N/A,N/A,EcommerceTransactions_CampaignName_YYYYMMDD-.png,https:developer.sprint.paymentology.com/wp-content/uploads/2023/12/EcommerceTransactions_CampaignName_YYYYMMDD-.png
/Users/jim/Customer Projects/Paymentology/Migrated/production-sprint-public-d7dfce0ae80328e8af51/docs/card-api/reports/failed-transaction-report-2.md,/Users/jim/Customer Projects/Paymentology/export-script/export/pages/card-api/reports/failed-transaction-report-2.md,Expected a closing tag for `<li>` (28:1-28:5) before the end of `paragraph`,mdx-parse-error,7,"original_path: ""card-api/reports""
---
<div className=""block translation current highlight"" data-element=""para"" data-attr-xinfo-text=""10769""><span style={{fontWeight: ""400""}}>This report gives details of the transactions that were declined daily. </span><span style={{fontWeight: ""400""}}>It contains a list of transactions that Paymentology or the client declined, and sent a declined response code to the card association. </span><span style={{fontWeight: ""400""}}>With the failed transaction report file, it becomes easier to find the reasons for failures in transactions and improve the process.</span></div>
<div data-element=""para"" data-attr-xinfo-text=""10769""></div>
<div data-element=""para"" data-attr-xinfo-text=""10769"">The report is also generated monthly and contains the same report details as the daily report.</div>",N/A,N/A
/Users/jim/Customer Projects/Paymentology/Migrated/production-sprint-public-d7dfce0ae80328e8af51/docs/card-api/reports/failed-transaction-report-2.md,/Users/jim/Customer Projects/Paymentology/export-script/export/pages/card-api/reports/failed-transaction-report-2.md,Unknown error,image-replacement,N/A,N/A,Failed-transactions-report-Card-Final.png,https:developer.sprint.paymentology.com/wp-content/uploads/2021/01/Failed-transactions-report-Card-Final.png
/Users/jim/Customer Projects/Paymentology/Migrated/production-sprint-public-d7dfce0ae80328e8af51/docs/card-api/reports/forex-gains-report-2.md,/Users/jim/Customer Projects/Paymentology/export-script/export/pages/card-api/reports/forex-gains-report-2.md,"Unexpected closing slash `/` in tag, expected an open tag first",mdx-parse-error,7,"original_path: ""card-api/reports""
---
<div className=""block translation current highlight"" data-element=""para"" data-attr-xinfo-text=""10765"">If you’re marking up a transaction with a forex fee, you’ll receive a report each day showing the FX amount that you earned as revenue for the day.</div>
<div data-element=""para"" data-attr-xinfo-text=""10765""></div>
<div className=""placeholder"">",N/A,N/A
/Users/jim/Customer Projects/Paymentology/Migrated/production-sprint-public-d7dfce0ae80328e8af51/docs/card-api/reports/forex-gains-report-2.md,/Users/jim/Customer Projects/Paymentology/export-script/export/pages/card-api/reports/forex-gains-report-2.md,Unknown error,image-replacement,N/A,N/A,Forex-gains-report-final-Card-API.png,https:developer.sprint.paymentology.com/wp-content/uploads/2021/08/Forex-gains-report-final-Card-API.png
/Users/jim/Customer Projects/Paymentology/Migrated/production-sprint-public-d7dfce0ae80328e8af51/docs/card-api/reports/google-pay-monthly-report.md,/Users/jim/Customer Projects/Paymentology/export-script/export/pages/card-api/reports/google-pay-monthly-report.md,"Unexpected closing slash `/` in tag, expected an open tag first",mdx-parse-error,7,"original_path: ""card-api/reports""
---
<p>A report which provides detailed information about cards that were tokenised to a Google Pay wallet within a given month. Client’s can use the data from this report to fulfil their Google Pay reporting requirements.</p>
<p>The report includes the following details:</p>
<ul>",N/A,N/A
/Users/jim/Customer Projects/Paymentology/Migrated/production-sprint-public-d7dfce0ae80328e8af51/docs/card-api/reports/google-pay-monthly-report.md,/Users/jim/Customer Projects/Paymentology/export-script/export/pages/card-api/reports/google-pay-monthly-report.md,Unknown error,image-replacement,N/A,N/A,CampaignName_googlepay_monthlyreport_MMM-YYYY-.png,https:developer.sprint.paymentology.com/wp-content/uploads/2023/12/CampaignName_googlepay_monthlyreport_MMM-YYYY-.png
/Users/jim/Customer Projects/Paymentology/Migrated/production-sprint-public-d7dfce0ae80328e8af51/docs/card-api/reports/inactive-cards-report.md,/Users/jim/Customer Projects/Paymentology/export-script/export/pages/card-api/reports/inactive-cards-report.md,"Unexpected closing slash `/` in tag, expected an open tag first",mdx-parse-error,7,"original_path: ""card-api/reports""
---
<p data-pm-slice=""1 3 []"">This report provides client’s with a list of inactive cards across their campaign. This allows client’s to better manage their campaign’s and internal reporting requirements.</p>
<p>The report includes the following details:</p>
<ul>",N/A,N/A
/Users/jim/Customer Projects/Paymentology/Migrated/production-sprint-public-d7dfce0ae80328e8af51/docs/card-api/reports/inactive-cards-report.md,/Users/jim/Customer Projects/Paymentology/export-script/export/pages/card-api/reports/inactive-cards-report.md,Unknown error,image-replacement,N/A,N/A,InactiveCards_CampaignName_YYYY-MM-DD-YYYY-MM-DD-.png,https:developer.sprint.paymentology.com/wp-content/uploads/2023/12/InactiveCards_CampaignName_YYYY-MM-DD-YYYY-MM-DD-.png
/Users/jim/Customer Projects/Paymentology/Migrated/production-sprint-public-d7dfce0ae80328e8af51/docs/card-api/reports/index.md,/Users/jim/Customer Projects/Paymentology/export-script/export/pages/card-api/reports/index.md,"Unexpected closing slash `/` in tag, expected an open tag first",mdx-parse-error,7,"original_path: ""card-api""
---
<div className=""block translation current highlight"" data-element=""para"" data-attr-xinfo-text=""10735"">
<p><span style={{fontWeight: ""400""}}><strong>Paymentology provides end-to-end reporting and reconciliation capabilities to allow you to track all your cards’ financial movements, revenues collected, failed transactions and more</strong>.</span></p>
</div>",N/A,N/A
/Users/jim/Customer Projects/Paymentology/Migrated/production-sprint-public-d7dfce0ae80328e8af51/docs/card-api/reports/linked-cards-report.md,/Users/jim/Customer Projects/Paymentology/export-script/export/pages/card-api/reports/linked-cards-report.md,"Unexpected closing slash `/` in tag, expected an open tag first",mdx-parse-error,7,"original_path: ""card-api/reports""
---
<p>This report lists the cards that have been linked to a customer and when this occurred.</p>
<p>The report includes the following details:</p>
<ul>",N/A,N/A
/Users/jim/Customer Projects/Paymentology/Migrated/production-sprint-public-d7dfce0ae80328e8af51/docs/card-api/reports/linked-cards-report.md,/Users/jim/Customer Projects/Paymentology/export-script/export/pages/card-api/reports/linked-cards-report.md,Unknown error,image-replacement,N/A,N/A,CampaignName_Linked_Cards_YYYYMMDD-.png,https:developer.sprint.paymentology.com/wp-content/uploads/2023/12/CampaignName_Linked_Cards_YYYYMMDD-.png
/Users/jim/Customer Projects/Paymentology/Migrated/production-sprint-public-d7dfce0ae80328e8af51/docs/card-api/reports/mark-off-file.md,/Users/jim/Customer Projects/Paymentology/export-script/export/pages/card-api/reports/mark-off-file.md,"Unexpected closing tag `</li>`, expected corresponding closing tag for `<br>` (19:37-19:42)",mdx-parse-error,7,"original_path: ""card-api/reports""
---
<div className=""block translation current highlight"" data-element=""para"" data-attr-xinfo-text=""10745"">
<p><span style={{fontWeight: ""400""}}>This file contains a record of all successful transactions that Paymentology processes on behalf of a store of value like a wallet or a bank account. It includes the financial transactions between a store of value and Paymentology. </span><span style={{fontWeight: ""400""}}>Paymentology generates the Mark-off file daily at midnight in your local time zone. The file matches a report from a store of value for all successfully processed transactions. </span></p>
<p>Ideally, the Mark-off file report and the store of value report should be in sync each day as the systems mirror one another. In case of any discrepancy, you should log a ticket via your Zendesk Portal. Select the *<strong data-renderer-mark=""true"">Report a Service Incident</strong>* form, and then choose *<strong data-renderer-mark=""true"">Reporting</strong>* and *<strong data-renderer-mark=""true"">Discrepancy</strong>* under the Request type, indicate the file’s date and the transaction in question. We’ll promptly address the issue.</p>",N/A,N/A
/Users/jim/Customer Projects/Paymentology/Migrated/production-sprint-public-d7dfce0ae80328e8af51/docs/card-api/reports/mark-off-file.md,/Users/jim/Customer Projects/Paymentology/export-script/export/pages/card-api/reports/mark-off-file.md,Unknown error,image-replacement,N/A,N/A,MarkOff-report-final-Card-API.png,https:developer.sprint.paymentology.com/wp-content/uploads/2021/08/MarkOff-report-final-Card-API.png
/Users/jim/Customer Projects/Paymentology/Migrated/production-sprint-public-d7dfce0ae80328e8af51/docs/card-api/reports/qmr-data-report.md,/Users/jim/Customer Projects/Paymentology/export-script/export/pages/card-api/reports/qmr-data-report.md,"Unexpected closing slash `/` in tag, expected an open tag first",mdx-parse-error,7,"original_path: ""card-api/reports""
---
<p>Paymentology’s QMR (Quarterly Mastercard Report) data report contains transaction data and card/account data for the given quarter. The report can be provided to clients using Mastercard, to assist clients with their Mastercard quarterly reporting requirements.</p>
<p>The report includes the following:</p>
<h3>Cardholder activity</h3>",N/A,N/A
/Users/jim/Customer Projects/Paymentology/Migrated/production-sprint-public-d7dfce0ae80328e8af51/docs/card-api/reports/qvr-data-report.md,/Users/jim/Customer Projects/Paymentology/export-script/export/pages/card-api/reports/qvr-data-report.md,"Unexpected closing slash `/` in tag, expected an open tag first",mdx-parse-error,7,"original_path: ""card-api/reports""
---
<p>The QVR data report can be provided to clients using Visa. It contains data to assist clients with their Visa quarterly reporting requirements. The report includes the following:</p>
<h3>Category definitions</h3>
<ul>",N/A,N/A
/Users/jim/Customer Projects/Paymentology/Migrated/production-sprint-public-d7dfce0ae80328e8af51/docs/card-api/reports/summary-settlement-report-2.md,/Users/jim/Customer Projects/Paymentology/export-script/export/pages/card-api/reports/summary-settlement-report-2.md,"Unexpected closing tag `</p>`, expected corresponding closing tag for `<div>` (7:1-7:103)",mdx-parse-error,7,"original_path: ""card-api/reports""
---
<div className=""block translation current highlight"" data-element=""para"" data-attr-xinfo-text=""10752""><span style={{fontWeight: ""400""}}>This gives a daily summary of all the transactions settled by the card association. Paymentology gathers the information from the card association file and packages it into a summary report. </span><span style={{fontWeight: ""400""}}>It is a report where you can find a summary of transaction types, the number of transactions that have been settled for the day, fees and interchanges earned. </span></p>
<p><span style={{fontWeight: ""400""}}>The summary Settlement Report includes a separate tab for each currency you decide to settle in.</span></p>
<p><b>Note:</b><span style={{fontWeight: ""400""}}> If the client chooses to settle in one currency, then both domestic and international settlements will fall under one tab. </span></p>",N/A,N/A
/Users/jim/Customer Projects/Paymentology/Migrated/production-sprint-public-d7dfce0ae80328e8af51/docs/card-api/reports/summary-settlement-report-2.md,/Users/jim/Customer Projects/Paymentology/export-script/export/pages/card-api/reports/summary-settlement-report-2.md,Unknown error,image-replacement,N/A,N/A,summary-Settlement-report-final.png,https:developer.sprint.paymentology.com/wp-content/uploads/2021/01/summary-Settlement-report-final.png
/Users/jim/Customer Projects/Paymentology/Migrated/production-sprint-public-d7dfce0ae80328e8af51/docs/card-api/reports/vau-transaction-report.md,/Users/jim/Customer Projects/Paymentology/export-script/export/pages/card-api/reports/vau-transaction-report.md,"Unexpected closing slash `/` in tag, expected an open tag first",mdx-parse-error,7,"original_path: ""card-api/reports""
---
<p>The purpose of this report is to send to the client the transactions that are still being made to a certain card that was already sent to VISA via the VAU file.</p>
<p data-renderer-start-pos=""241"">So for example if a card was sent to VISA in a VAU file on the date <span className=""date-lozenger-container""><span className=""date-node"" data-node-type=""date"" data-timestamp=""1694995200000"">Sep 18, 2023</span></span> and transactions are still happening after the file was generated the card will be on the report.</p>
<p>The VAU Transaction Report has the following fields:</p>",N/A,N/A
/Users/jim/Customer Projects/Paymentology/Migrated/production-sprint-public-d7dfce0ae80328e8af51/docs/card-api/secure-cards/index.md,/Users/jim/Customer Projects/Paymentology/export-script/export/pages/card-api/secure-cards/index.md,"Unexpected closing slash `/` in tag, expected an open tag first",mdx-parse-error,7,"original_path: ""card-api""
---
<p><strong>The Sprint Card API allows you to access a wide range of features to ensure the security of card transactions.</strong></p>
<p>Here are the main features to use to ensure the security of your cards:</p>
<ul>",N/A,N/A
/Users/jim/Customer Projects/Paymentology/Migrated/production-sprint-public-d7dfce0ae80328e8af51/docs/card-api/secure-cards/offline-pin.md,/Users/jim/Customer Projects/Paymentology/export-script/export/pages/card-api/secure-cards/offline-pin.md,"Unexpected closing slash `/` in tag, expected an open tag first",mdx-parse-error,7,"original_path: ""card-api/secure-cards""
---
<p>Offline PIN is a card verification method used for EMV chip cards as the PIN is stored on the chip. This means that cardholder verification can occur even if a POS terminal is not connected to a network.</p>

<section id=""tutuka-block-5"" className=""tutuka-block tutuka-block--text-full-width"">",N/A,N/A
/Users/jim/Customer Projects/Paymentology/Migrated/production-sprint-public-d7dfce0ae80328e8af51/docs/card-api/tokenization/index.md,/Users/jim/Customer Projects/Paymentology/export-script/export/pages/card-api/tokenization/index.md,"Unexpected closing slash `/` in tag, expected an open tag first",mdx-parse-error,7,"original_path: ""card-api""
---
<p><span style={{fontWeight: ""400""}}>Tokenization is the process of substituting the card’s sensitive data, such as an account number, with non-sensitive, surrogate data, called a token. The PAN (Primary Account Number) is usually replaced with a unique string of numbers that acts as a secure reference to the card. </span></p>
<p><span style={{fontWeight: ""400""}}>Only the token is provided when a payment transaction is initiated, without revealing the original card details. This desensitization greatly improves the security of transactions. </span></p>
<p><span style={{fontWeight: ""400""}}>The Sprint platform allows you to take advantage of the tokenization technology—both by facilitating the provisioning of the cards and by providing control over the token lifecycle management process. With an existing virtual or physical card that has been issued by Paymentology, enabling card tokenization becomes easier.</span></p>",N/A,N/A
/Users/jim/Customer Projects/Paymentology/Migrated/production-sprint-public-d7dfce0ae80328e8af51/docs/card-api/tokenization/lifecycle-management.md,/Users/jim/Customer Projects/Paymentology/export-script/export/pages/card-api/tokenization/lifecycle-management.md,"Unexpected closing slash `/` in tag, expected an open tag first",mdx-parse-error,7,"original_path: ""card-api/tokenization""
---
<p>Token lifecycle management refers to handling the different states of the token, from creation to expiry. All tokens have a lifecycle; that is, the series of events happening from the date of creation to the expiry date when they’re no longer valid. The expiry date is usually linked to the expiry date of the full PAN that was used for provisioning.</p>
<p>Token lifecycle management involves passing messages between Paymentology and MDES that notify the client of the following token events:</p>
<ul>",N/A,N/A
/Users/jim/Customer Projects/Paymentology/Migrated/production-sprint-public-d7dfce0ae80328e8af51/docs/card-api/tokenization/payments.md,/Users/jim/Customer Projects/Paymentology/export-script/export/pages/card-api/tokenization/payments.md,"Unexpected closing slash `/` in tag, expected an open tag first",mdx-parse-error,7,"original_path: ""card-api/tokenization""
---
<p>Today, digital devices are an increasingly popular way of making payments. Mobile phones, smartwatches, tablets, and other smart devices rely on tokenization to ensure payments are fast, simple, and secure.</p>
<p>Consumers usually set up digital wallets, such as Apple Pay or Google Pay, on these devices to enable them to make payments. The digital wallets usually contain the bank details associated with their debit cards and credit cards. So, instead of using physical cards for paying for things, they can conveniently complete transactions via their digital devices.</p>
<p>Digital wallet payments are supported by something called Near-Field Communication (NFC) technology. NFC, also known as contactless, is a set of communication protocols that allow two electronic devices to exchange data over a distance of 4 centimeters (about 2 inches) or less. One of the electronic devices is usually a portable device, such as a smartphone; the other is an NFC-enabled point of sale device.</p>",N/A,N/A
/Users/jim/Customer Projects/Paymentology/Migrated/production-sprint-public-d7dfce0ae80328e8af51/docs/card-api/tokenization/processing.md,/Users/jim/Customer Projects/Paymentology/export-script/export/pages/card-api/tokenization/processing.md,"Unexpected closing slash `/` in tag, expected an open tag first",mdx-parse-error,7,"original_path: ""card-api/tokenization""
---
<p>Processing a transaction using a token basically follows these steps:</p>
<p>(We’ll assume that the card’s data has already been provisioned)</p>
<p>**Tokenization-Flow_01-v2.png IMAGE GOES HERE.**</p>",N/A,N/A
/Users/jim/Customer Projects/Paymentology/Migrated/production-sprint-public-d7dfce0ae80328e8af51/docs/card-api/tokenization/processing.md,/Users/jim/Customer Projects/Paymentology/export-script/export/pages/card-api/tokenization/processing.md,Unknown error,image-replacement,N/A,N/A,Tokenization-Flow_01-v2.png,https:developer.sprint.paymentology.com/wp-content/uploads/2023/03/Tokenization-Flow_01-v2.png
/Users/jim/Customer Projects/Paymentology/Migrated/production-sprint-public-d7dfce0ae80328e8af51/docs/card-api/tokenization/provisioning.md,/Users/jim/Customer Projects/Paymentology/export-script/export/pages/card-api/tokenization/provisioning.md,"Unexpected closing tag `</p>`, expected corresponding closing tag for `<section>` (12:1-12:65)",mdx-parse-error,7,"original_path: ""card-api/tokenization""
---
<p>Provisioning is the process whereby a payment service provider (token requester) asks for a token to be created for a PAN.</p>
<p>Provisioning basically follows these steps:</p>
<p>**Tokenization-Flow_02-v2-1.png IMAGE GOES HERE.**</p>",N/A,N/A
/Users/jim/Customer Projects/Paymentology/Migrated/production-sprint-public-d7dfce0ae80328e8af51/docs/card-api/tokenization/provisioning.md,/Users/jim/Customer Projects/Paymentology/export-script/export/pages/card-api/tokenization/provisioning.md,Unknown error,image-replacement,N/A,N/A,Tokenization-Flow_02-v2-1.png,https:developer.sprint.paymentology.com/wp-content/uploads/2023/03/Tokenization-Flow_02-v2-1.png
/Users/jim/Customer Projects/Paymentology/Migrated/production-sprint-public-d7dfce0ae80328e8af51/docs/chargeback-api/chargeback-api-reference/document-status.md,/Users/jim/Customer Projects/Paymentology/export-script/export/pages/chargeback-api/chargeback-api-reference/document-status.md,"Unexpected closing slash `/` in tag, expected an open tag first",mdx-parse-error,7,"original_path: ""chargeback-api/chargeback-api-reference""
---
<p>Once a document is uploaded, use this method to verify the status of document.</p>

<h2>Request/response fields and samples</h2>",N/A,N/A
/Users/jim/Customer Projects/Paymentology/Migrated/production-sprint-public-d7dfce0ae80328e8af51/docs/chargeback-api/chargeback-api-reference/first-chargeback.md,/Users/jim/Customer Projects/Paymentology/export-script/export/pages/chargeback-api/chargeback-api-reference/first-chargeback.md,"Unexpected closing slash `/` in tag, expected an open tag first",mdx-parse-error,7,"original_path: ""chargeback-api/chargeback-api-reference""
---
<p>After successfully connecting to the API Proxy, you can send the <b><i>fields/parameters</i></b> for the API request (as specified below) and receive a <b><i>response</i></b>.</p>
<p>A successfully submitted First Chargeback will remain in a “pending status” (no more than 72 hours) on issuers’ behalf to allow merchants to respond and resolve the inquiry.</p>
",N/A,N/A
/Users/jim/Customer Projects/Paymentology/Migrated/production-sprint-public-d7dfce0ae80328e8af51/docs/chargeback-api/chargeback-api-reference/index.md,/Users/jim/Customer Projects/Paymentology/export-script/export/pages/chargeback-api/chargeback-api-reference/index.md,"Unexpected closing slash `/` in tag, expected an open tag first",mdx-parse-error,7,"original_path: ""chargeback-api""
---
<p>The Chargeback API contains the endpoints that you call in order to create chargebacks as well as maintain the chargeback lifecycle.</p>

<h1>Available methods</h1>",N/A,N/A
/Users/jim/Customer Projects/Paymentology/Migrated/production-sprint-public-d7dfce0ae80328e8af51/docs/chargeback-api/chargeback-api-reference/pre-arbitration.md,/Users/jim/Customer Projects/Paymentology/export-script/export/pages/chargeback-api/chargeback-api-reference/pre-arbitration.md,"Unexpected closing tag `</p>`, expected corresponding closing tag for `<br>` (20:127-20:132)",mdx-parse-error,7,"original_path: ""chargeback-api/chargeback-api-reference""
---
<p>This method is used to submit a Pre-Arbitration case.</p>

<h2>Request/response fields and samples</h2>",N/A,N/A
/Users/jim/Customer Projects/Paymentology/Migrated/production-sprint-public-d7dfce0ae80328e8af51/docs/chargeback-api/chargeback-api-reference/query-chargeback.md,/Users/jim/Customer Projects/Paymentology/export-script/export/pages/chargeback-api/chargeback-api-reference/query-chargeback.md,"Unexpected closing slash `/` in tag, expected an open tag first",mdx-parse-error,7,"original_path: ""chargeback-api/chargeback-api-reference""
---
<p>This method is used to query chargeback data from Paymentology.</p>

<h2>Request/response fields and samples</h2>",N/A,N/A
/Users/jim/Customer Projects/Paymentology/Migrated/production-sprint-public-d7dfce0ae80328e8af51/docs/chargeback-api/chargeback-api-reference/second-presentment-documents.md,/Users/jim/Customer Projects/Paymentology/export-script/export/pages/chargeback-api/chargeback-api-reference/second-presentment-documents.md,"Unexpected closing tag `</p>`, expected corresponding closing tag for `<br>` (17:93-17:98)",mdx-parse-error,7,"original_path: ""chargeback-api/chargeback-api-reference""
---
<p>Once in the 2nd Presentment phase, this API method is used to receive the supporting documents raised by the acquirer for a claim.</p>

<h2>Request/response fields and samples</h2>",N/A,N/A
/Users/jim/Customer Projects/Paymentology/Migrated/production-sprint-public-d7dfce0ae80328e8af51/docs/chargeback-api/chargeback-api-reference/upload-supporting-document.md,/Users/jim/Customer Projects/Paymentology/export-script/export/pages/chargeback-api/chargeback-api-reference/upload-supporting-document.md,"Unexpected closing slash `/` in tag, expected an open tag first",mdx-parse-error,7,"original_path: ""chargeback-api/chargeback-api-reference""
---
<p>This API method is used to upload a supporting document after a chargeback is successfully created.</p>

<h2>Request/response fields and samples</h2>",N/A,N/A
/Users/jim/Customer Projects/Paymentology/Migrated/production-sprint-public-d7dfce0ae80328e8af51/docs/chargeback-api/chargeback-reason-codes.md,/Users/jim/Customer Projects/Paymentology/export-script/export/pages/chargeback-api/chargeback-reason-codes.md,"Unexpected closing slash `/` in tag, expected an open tag first",mdx-parse-error,7,"original_path: ""chargeback-api""
---
<p>Below are the Chargeback Reason Codes, these are the only valid reasons acceptable for a chargeback.</p>

</p>",N/A,N/A
/Users/jim/Customer Projects/Paymentology/Migrated/production-sprint-public-d7dfce0ae80328e8af51/docs/chargeback-api/connectivity.md,/Users/jim/Customer Projects/Paymentology/export-script/export/pages/chargeback-api/connectivity.md,"Unexpected closing tag `</p>`, expected corresponding closing tag for `<br>` (7:68-7:73)",mdx-parse-error,7,"original_path: ""chargeback-api""
---
<p>This page explains how to connect to our Chargeback API gateway.<br >
Connecting to the Chargeback API means you can automate submissions of your chargebacks.</p>
",N/A,N/A
/Users/jim/Customer Projects/Paymentology/Migrated/production-sprint-public-d7dfce0ae80328e8af51/docs/chargeback-api/index.md,/Users/jim/Customer Projects/Paymentology/export-script/export/pages/chargeback-api/index.md,"Unexpected closing slash `/` in tag, expected an open tag first",mdx-parse-error,6,"original_id: 2905
---
<p>Our Chargeback API makes managing the chargeback lifecycle faster and easier.</p>
<p>Find out how our Chargeback API works through the links below:</p>
",N/A,N/A
/Users/jim/Customer Projects/Paymentology/Migrated/production-sprint-public-d7dfce0ae80328e8af51/docs/chargeback-api/process-overview.md,/Users/jim/Customer Projects/Paymentology/export-script/export/pages/chargeback-api/process-overview.md,"Unexpected closing tag `</p>`, expected corresponding closing tag for `<br>` (8:253-8:258)",mdx-parse-error,7,"original_path: ""chargeback-api""
---
<h2>Breakdown of the chargebacks process with Chargeback API</h2>
<p>The Paymentology dispute resolution cycle facilitates the whole process of reversing payments to cardholders. Card transaction disputes usually start when a cardholder or an issuer identifies suspicious, fraudulent, or erroneous charges on accounts.<br >
Issuers and acquirers then follow a process to attempt to resolve the dispute. In the case of Mastercard, the two parties use the Mastercom platform to create and manage disputes throughout their lifecycle, expedite the dispute resolution process, and ensure satisfactory handling of the claims.</p>",N/A,N/A
/Users/jim/Customer Projects/Paymentology/Migrated/production-sprint-public-d7dfce0ae80328e8af51/docs/chargeback-api/process-overview.md,/Users/jim/Customer Projects/Paymentology/export-script/export/pages/chargeback-api/process-overview.md,Unknown error,image-replacement,N/A,N/A,Diagram-for-Sprint-Developer-Porta_Lightmode-2.png,https:developer.sprint.paymentology.com/wp-content/uploads/2024/02/Diagram-for-Sprint-Developer-Porta_Lightmode-2.png
/Users/jim/Customer Projects/Paymentology/Migrated/production-sprint-public-d7dfce0ae80328e8af51/docs/chargeback-api/remote-messaging-api/index.md,/Users/jim/Customer Projects/Paymentology/export-script/export/pages/chargeback-api/remote-messaging-api/index.md,"Unexpected closing slash `/` in tag, expected an open tag first",mdx-parse-error,7,"original_path: ""chargeback-api""
---
<p>Paymentology will notify clients on 2nd Presentments. Remote messaging API allows Paymentology to call you to send administrative advice messages. These advice messages are sent using webhook-like schema. If you are integrating the service, you must create an endpoint accessible from the Paymentology network, which would be able to process the requests outlined below.</p>

<h2>How it works:</h2>",N/A,N/A
/Users/jim/Customer Projects/Paymentology/Migrated/production-sprint-public-d7dfce0ae80328e8af51/docs/chargeback-api/remote-messaging-api/remote-messaging-api-chargeback-notification.md,/Users/jim/Customer Projects/Paymentology/export-script/export/pages/chargeback-api/remote-messaging-api/remote-messaging-api-chargeback-notification.md,"Unexpected closing slash `/` in tag, expected an open tag first",mdx-parse-error,7,"original_path: ""chargeback-api/remote-messaging-api""
---
<p>This message is to notify the client of Chargeback status updates.</p>

#### Path parameters",N/A,N/A
/Users/jim/Customer Projects/Paymentology/Migrated/production-sprint-public-d7dfce0ae80328e8af51/docs/chargeback-api/response-codes.md,/Users/jim/Customer Projects/Paymentology/export-script/export/pages/chargeback-api/response-codes.md,"Unexpected closing slash `/` in tag, expected an open tag first",mdx-parse-error,7,"original_path: ""chargeback-api""
---
<h2>Error response code 400</h2>
<p>An error response code of 400 indicates client authentication failure. The response message will contain a “responseCode” of 0 and the “responseMessage” will contain either of the below values:</p>
",N/A,N/A
/Users/jim/Customer Projects/Paymentology/Migrated/production-sprint-public-d7dfce0ae80328e8af51/docs/companion-api/api-reference/index.md,/Users/jim/Customer Projects/Paymentology/export-script/export/pages/companion-api/api-reference/index.md,Expected a closing tag for `<li>` (9:1-9:5) before the end of `paragraph`,mdx-parse-error,7,"original_path: ""companion-api""
---
<p>Our Companion API is split into two separate components APIs based on whether we are calling you (we call it <strong>Remote API</strong>), or you are calling us (<strong>Local API</strong>):</p>
<ul>
<li><a href=""https:developer.sprint.paymentology.com/companion-api/api-reference/local-api/"">Local API</a>",N/A,N/A
/Users/jim/Customer Projects/Paymentology/Migrated/production-sprint-public-d7dfce0ae80328e8af51/docs/companion-api/api-reference/local-api/activatecard.md,/Users/jim/Customer Projects/Paymentology/export-script/export/pages/companion-api/api-reference/local-api/activatecard.md,"Unexpected closing slash `/` in tag, expected an open tag first",mdx-parse-error,7,"original_path: ""companion-api/api-reference/local-api""
---
<p>Activate the specified card if the card was initially created as inactive.</p>

#### Path parameters",N/A,N/A
/Users/jim/Customer Projects/Paymentology/Migrated/production-sprint-public-d7dfce0ae80328e8af51/docs/companion-api/api-reference/local-api/activatetoken-1.md,/Users/jim/Customer Projects/Paymentology/export-script/export/pages/companion-api/api-reference/local-api/activatetoken.md,"Unexpected closing tag `</p>`, expected corresponding closing tag for `<br>` (18:144-18:149)",mdx-parse-error,7,"original_path: ""companion-api/api-reference/local-api""
---
<p>Used to activate a token for a digitization that has been approved and provisioned, but requires additional cardholder authentication prior to activation. It is expected that a cardholder will complete the authentication process using an issuer’s call center or using an issuer-supplied mobile application, and only then should the issuer use this API to activate the token.</p>

#### Path parameters",N/A,N/A
/Users/jim/Customer Projects/Paymentology/Migrated/production-sprint-public-d7dfce0ae80328e8af51/docs/companion-api/api-reference/local-api/calculatetav-1.md,/Users/jim/Customer Projects/Paymentology/export-script/export/pages/companion-api/api-reference/local-api/calculatetav.md,"Unexpected closing tag `</p>`, expected corresponding closing tag for `<br>` (15:196-15:201)",mdx-parse-error,7,"original_path: ""companion-api/api-reference/local-api""
---
<p>Return the TAV (Token Authentication value) of the specified card. The Token Authentication value will be returned in Base64 format.</p>

#### Path parameters",N/A,N/A
/Users/jim/Customer Projects/Paymentology/Migrated/production-sprint-public-d7dfce0ae80328e8af51/docs/companion-api/api-reference/local-api/changepin-1.md,/Users/jim/Customer Projects/Paymentology/export-script/export/pages/companion-api/api-reference/local-api/changepin.md,"Unexpected closing slash `/` in tag, expected an open tag first",mdx-parse-error,7,"original_path: ""companion-api/api-reference/local-api""
---
<p>Change the specified card’s PIN.</p>
<p><strong>IMPORTANT:</strong></p>
<p><span style={{color: ""#ff0000""}}><strong>This API method contains PCI sensitive information.</strong></span></p>",N/A,N/A
/Users/jim/Customer Projects/Paymentology/Migrated/production-sprint-public-d7dfce0ae80328e8af51/docs/companion-api/api-reference/local-api/createlinkedcard.md,/Users/jim/Customer Projects/Paymentology/export-script/export/pages/companion-api/api-reference/local-api/createlinkedcard.md,"Unexpected closing slash `/` in tag, expected an open tag first",mdx-parse-error,7,"original_path: ""companion-api/api-reference/local-api""
---
<p>Create a new, active virtual card and link it to a reference with the given bearer details.</p>
<p><strong>IMPORTANT:</strong></p>
<p><span style={{color: ""#ff0000""}}><strong>This API method contains PCI sensitive information.</strong></span></p>",N/A,N/A
/Users/jim/Customer Projects/Paymentology/Migrated/production-sprint-public-d7dfce0ae80328e8af51/docs/companion-api/api-reference/local-api/createlinkedcardmaskedresponse.md,/Users/jim/Customer Projects/Paymentology/export-script/export/pages/companion-api/api-reference/local-api/createlinkedcardmaskedresponse.md,"Unexpected closing slash `/` in tag, expected an open tag first",mdx-parse-error,7,"original_path: ""companion-api/api-reference/local-api""
---
<p>Create a new, active virtual card and link it to a reference with the given bearer details.</p>

#### Path parameters",N/A,N/A
/Users/jim/Customer Projects/Paymentology/Migrated/production-sprint-public-d7dfce0ae80328e8af51/docs/companion-api/api-reference/local-api/deletetoken.md,/Users/jim/Customer Projects/Paymentology/export-script/export/pages/companion-api/api-reference/local-api/deletetoken.md,"Unexpected closing slash `/` in tag, expected an open tag first",mdx-parse-error,7,"original_path: ""companion-api/api-reference/local-api""
---
<p>Remove a payment token linked to a card</p>

#### Path parameters",N/A,N/A
/Users/jim/Customer Projects/Paymentology/Migrated/production-sprint-public-d7dfce0ae80328e8af51/docs/companion-api/api-reference/local-api/generatetimebasedsecret.md,/Users/jim/Customer Projects/Paymentology/export-script/export/pages/companion-api/api-reference/local-api/generatetimebasedsecret.md,"Unexpected closing slash `/` in tag, expected an open tag first",mdx-parse-error,7,"original_path: ""companion-api/api-reference/local-api""
---
<section id=""tutuka-block-1"" className=""tutuka-block tutuka-block--text-full-width"">
<div className=""tutuka-block--text-full-width__content"">
<p>Generates a “secret token” to enable communication with our tokenisation APIs.</p>",N/A,N/A
/Users/jim/Customer Projects/Paymentology/Migrated/production-sprint-public-d7dfce0ae80328e8af51/docs/companion-api/api-reference/local-api/getactivelinkedcards.md,/Users/jim/Customer Projects/Paymentology/export-script/export/pages/companion-api/api-reference/local-api/getactivelinkedcards.md,"Unexpected closing slash `/` in tag, expected an open tag first",mdx-parse-error,7,"original_path: ""companion-api/api-reference/local-api""
---
<p>Get an array of card details of activated cards linked to the reference.</p>
<p><strong>IMPORTANT:</strong></p>
<p><span style={{color: ""#ff0000""}}><strong>This API method contains PCI sensitive information.</strong></span></p>",N/A,N/A
/Users/jim/Customer Projects/Paymentology/Migrated/production-sprint-public-d7dfce0ae80328e8af51/docs/companion-api/api-reference/local-api/getcarddetails.md,/Users/jim/Customer Projects/Paymentology/export-script/export/pages/companion-api/api-reference/local-api/getcarddetails.md,"Unexpected closing slash `/` in tag, expected an open tag first",mdx-parse-error,7,"original_path: ""companion-api/api-reference/local-api""
---
<p>Get card details of a specific card.</p>
<p><strong>IMPORTANT:</strong></p>
<p><span style={{color: ""#ff0000""}}><strong>This API method contains PCI sensitive information.</strong></span></p>",N/A,N/A
/Users/jim/Customer Projects/Paymentology/Migrated/production-sprint-public-d7dfce0ae80328e8af51/docs/companion-api/api-reference/local-api/getlinkedcards.md,/Users/jim/Customer Projects/Paymentology/export-script/export/pages/companion-api/api-reference/local-api/getlinkedcards.md,"Unexpected closing slash `/` in tag, expected an open tag first",mdx-parse-error,7,"original_path: ""companion-api/api-reference/local-api""
---
<p>Get an array of card details of all cards (active, stopped and retired) linked to the reference.</p>
<p><strong>IMPORTANT:</strong></p>
<p><span style={{color: ""#ff0000""}}><strong>This API method contains PCI sensitive information.</strong></span></p>",N/A,N/A
/Users/jim/Customer Projects/Paymentology/Migrated/production-sprint-public-d7dfce0ae80328e8af51/docs/companion-api/api-reference/local-api/index.md,/Users/jim/Customer Projects/Paymentology/export-script/export/pages/companion-api/api-reference/local-api/index.md,"Unexpected closing slash `/` in tag, expected an open tag first",mdx-parse-error,7,"original_path: ""companion-api/api-reference""
---
<p>The Local API contains all the methods available for you to call Paymentology in order to perform the necessary actions on your cards. It includes methods that allow the SVA to create a virtual card, stop a card, or link a physical card. Local API calls are initiated by you.</p>
<p>The Local API is used for administration purposes.</p>
",N/A,N/A
/Users/jim/Customer Projects/Paymentology/Migrated/production-sprint-public-d7dfce0ae80328e8af51/docs/companion-api/api-reference/local-api/linkcard-1.md,/Users/jim/Customer Projects/Paymentology/export-script/export/pages/companion-api/api-reference/local-api/linkcard.md,"Unexpected closing slash `/` in tag, expected an open tag first",mdx-parse-error,7,"original_path: ""companion-api/api-reference/local-api""
---
<p>Link a card to a reference with the given bearer details. Linking a card will not activate it. Inactive cards need to be activated using the <span className=""xml-highlight"">Activate</span> call before they will become functional.</p>

#### Path parameters",N/A,N/A
/Users/jim/Customer Projects/Paymentology/Migrated/production-sprint-public-d7dfce0ae80328e8af51/docs/companion-api/api-reference/local-api/listalltokens-1.md,/Users/jim/Customer Projects/Paymentology/export-script/export/pages/companion-api/api-reference/local-api/listalltokens.md,"Unexpected closing tag `</p>`, expected corresponding closing tag for `<br>` (337:341-337:346)",mdx-parse-error,7,"original_path: ""companion-api/api-reference/local-api""
---
<p>Returns all the tokens (active and inactive) linked to a card</p>

```xml",N/A,N/A
/Users/jim/Customer Projects/Paymentology/Migrated/production-sprint-public-d7dfce0ae80328e8af51/docs/companion-api/api-reference/local-api/listtokens-1.md,/Users/jim/Customer Projects/Paymentology/export-script/export/pages/companion-api/api-reference/local-api/listtokens.md,"Unexpected closing slash `/` in tag, expected an open tag first",mdx-parse-error,7,"original_path: ""companion-api/api-reference/local-api""
---
<p>Returns all the active tokens linked to a card</p>

#### Path parameters",N/A,N/A
/Users/jim/Customer Projects/Paymentology/Migrated/production-sprint-public-d7dfce0ae80328e8af51/docs/companion-api/api-reference/local-api/ordercard-1.md,/Users/jim/Customer Projects/Paymentology/export-script/export/pages/companion-api/api-reference/local-api/ordercard.md,"Unexpected closing tag `</p>`, expected corresponding closing tag for `<br>` (16:428-16:433)",mdx-parse-error,7,"original_path: ""companion-api/api-reference/local-api""
---
<p>Order a card for a specific cardholder. A card can be printed with cardholder details by the card manufacturer. No commas, question marks or quotation marks are allowed in any of the fields.</p>

#### Path parameters",N/A,N/A
/Users/jim/Customer Projects/Paymentology/Migrated/production-sprint-public-d7dfce0ae80328e8af51/docs/companion-api/api-reference/local-api/ordercardwithpinblock-1.md,/Users/jim/Customer Projects/Paymentology/export-script/export/pages/companion-api/api-reference/local-api/ordercardwithpinblock.md,"Unexpected closing tag `</p>`, expected corresponding closing tag for `<br>` (35:96-35:101)",mdx-parse-error,7,"original_path: ""companion-api/api-reference/local-api""
---
<p>Order a card for a specific cardholder. You can choose this method if you want the PIN of the card printed on its card carrier or if you have Offline PIN validation in your country.</p>
<p><strong>IMPORTANT:</strong> No commas, question marks or quotation marks are allowed in any of the fields.</p>
<p> </p>",N/A,N/A
/Users/jim/Customer Projects/Paymentology/Migrated/production-sprint-public-d7dfce0ae80328e8af51/docs/companion-api/api-reference/local-api/printlinkedcard.md,/Users/jim/Customer Projects/Paymentology/export-script/export/pages/companion-api/api-reference/local-api/printlinkedcard.md,"Unexpected closing tag `</p>`, expected corresponding closing tag for `<br>` (16:429-16:434)",mdx-parse-error,7,"original_path: ""companion-api/api-reference/local-api""
---
<p>Print the specified card if the card was initially created as virtual.</p>

#### Path parameters",N/A,N/A
/Users/jim/Customer Projects/Paymentology/Migrated/production-sprint-public-d7dfce0ae80328e8af51/docs/companion-api/api-reference/local-api/printlinkedcardwithpinblock.md,/Users/jim/Customer Projects/Paymentology/export-script/export/pages/companion-api/api-reference/local-api/printlinkedcardwithpinblock.md,"Unexpected closing tag `</p>`, expected corresponding closing tag for `<br>` (16:428-16:433)",mdx-parse-error,7,"original_path: ""companion-api/api-reference/local-api""
---
<p>This API is used to Print the specified card if the card was initially created as virtual with PIN block</p>

#### Path parameters",N/A,N/A
/Users/jim/Customer Projects/Paymentology/Migrated/production-sprint-public-d7dfce0ae80328e8af51/docs/companion-api/api-reference/local-api/resetpin.md,/Users/jim/Customer Projects/Paymentology/export-script/export/pages/companion-api/api-reference/local-api/resetpin.md,"Unexpected closing slash `/` in tag, expected an open tag first",mdx-parse-error,7,"original_path: ""companion-api/api-reference/local-api""
---
<p>Reset the specified card’s PIN. The random pin will be sent to the card bearer’s cell via text message.</p>

#### Path parameters",N/A,N/A
/Users/jim/Customer Projects/Paymentology/Migrated/production-sprint-public-d7dfce0ae80328e8af51/docs/companion-api/api-reference/local-api/retirecard-1.md,/Users/jim/Customer Projects/Paymentology/export-script/export/pages/companion-api/api-reference/local-api/retirecard.md,"Unexpected closing slash `/` in tag, expected an open tag first",mdx-parse-error,7,"original_path: ""companion-api/api-reference/local-api""
---
<p>Retires the specified card. All financial functionality (loads, deducts, refunds, etc) will no longer work on the specified card.</p>

#### Path parameters",N/A,N/A
/Users/jim/Customer Projects/Paymentology/Migrated/production-sprint-public-d7dfce0ae80328e8af51/docs/companion-api/api-reference/local-api/set3dsecurecode-1.md,/Users/jim/Customer Projects/Paymentology/export-script/export/pages/companion-api/api-reference/local-api/set3dsecurecode.md,"Unexpected closing slash `/` in tag, expected an open tag first",mdx-parse-error,7,"original_path: ""companion-api/api-reference/local-api""
---
<p>Set 3D Secure Code of the specified card.</p>

#### Path parameters",N/A,N/A
/Users/jim/Customer Projects/Paymentology/Migrated/production-sprint-public-d7dfce0ae80328e8af51/docs/companion-api/api-reference/local-api/status.md,/Users/jim/Customer Projects/Paymentology/export-script/export/pages/companion-api/api-reference/local-api/status.md,"Unexpected closing slash `/` in tag, expected an open tag first",mdx-parse-error,7,"original_path: ""companion-api/api-reference/local-api""
---
<p>Return the status of the specified card.</p>

#### Path parameters",N/A,N/A
/Users/jim/Customer Projects/Paymentology/Migrated/production-sprint-public-d7dfce0ae80328e8af51/docs/companion-api/api-reference/local-api/stopcard-1.md,/Users/jim/Customer Projects/Paymentology/export-script/export/pages/companion-api/api-reference/local-api/stopcard.md,"Unexpected closing tag `</p>`, expected corresponding closing tag for `<br>` (17:312-17:317)",mdx-parse-error,7,"original_path: ""companion-api/api-reference/local-api""
---
<p>Stop the specified card.</p>
<p><em>NB. Error message <strong>“Operation not allowed”</strong> will appear if client tries to stop a card that is already stopped with a different reason code on our system.</em></p>
",N/A,N/A
/Users/jim/Customer Projects/Paymentology/Migrated/production-sprint-public-d7dfce0ae80328e8af51/docs/companion-api/api-reference/local-api/stoptoken-1.md,/Users/jim/Customer Projects/Paymentology/export-script/export/pages/companion-api/api-reference/local-api/stoptoken.md,"Unexpected closing tag `</p>`, expected corresponding closing tag for `<br>` (17:356-17:361)",mdx-parse-error,7,"original_path: ""companion-api/api-reference/local-api""
---
<p>Stops a token reference or all the ones linked to a card. The token or tokens can be unstopped using UnStopToken</p>

#### Path parameters",N/A,N/A
/Users/jim/Customer Projects/Paymentology/Migrated/production-sprint-public-d7dfce0ae80328e8af51/docs/companion-api/api-reference/local-api/threedsauthenticationoutcome-1.md,/Users/jim/Customer Projects/Paymentology/export-script/export/pages/companion-api/api-reference/local-api/threedsauthenticationoutcome.md,"Unexpected closing tag `</p>`, expected corresponding closing tag for `<br>` (17:124-17:129)",mdx-parse-error,7,"original_path: ""companion-api/api-reference/local-api""
---
<p>Gives the result of the 3D Secure App Authentication</p>

#### Path parameters",N/A,N/A
/Users/jim/Customer Projects/Paymentology/Migrated/production-sprint-public-d7dfce0ae80328e8af51/docs/companion-api/api-reference/local-api/togglevoucherfeature-1.md,/Users/jim/Customer Projects/Paymentology/export-script/export/pages/companion-api/api-reference/local-api/togglevoucherfeature.md,"Unexpected closing tag `</p>`, expected corresponding closing tag for `<br>` (16:71-16:76)",mdx-parse-error,7,"original_path: ""companion-api/api-reference/local-api""
---
<p>Toggles a voucher feature on or off</p>

#### Path parameters",N/A,N/A
/Users/jim/Customer Projects/Paymentology/Migrated/production-sprint-public-d7dfce0ae80328e8af51/docs/companion-api/api-reference/local-api/tokenapprovedevicebinding-1.md,/Users/jim/Customer Projects/Paymentology/export-script/export/pages/companion-api/api-reference/local-api/tokenapprovedevicebinding.md,"Unexpected closing slash `/` in tag, expected an open tag first",mdx-parse-error,7,"original_path: ""companion-api/api-reference/local-api""
---
<p>Bind the device with the token</p>

#### Path parameters",N/A,N/A
/Users/jim/Customer Projects/Paymentology/Migrated/production-sprint-public-d7dfce0ae80328e8af51/docs/companion-api/api-reference/local-api/tokenremovedevicebinding-1.md,/Users/jim/Customer Projects/Paymentology/export-script/export/pages/companion-api/api-reference/local-api/tokenremovedevicebinding.md,"Unexpected closing slash `/` in tag, expected an open tag first",mdx-parse-error,7,"original_path: ""companion-api/api-reference/local-api""
---
<p>Remove device with the token</p>

#### Path parameters",N/A,N/A
/Users/jim/Customer Projects/Paymentology/Migrated/production-sprint-public-d7dfce0ae80328e8af51/docs/companion-api/api-reference/local-api/transferlink-1.md,/Users/jim/Customer Projects/Paymentology/export-script/export/pages/companion-api/api-reference/local-api/transferlink.md,"Unexpected closing slash `/` in tag, expected an open tag first",mdx-parse-error,7,"original_path: ""companion-api/api-reference/local-api""
---
<p>Transfer a reference to a new card. The old card will be stopped and the bearer details transferred to the new card. The new card will be linked and activated.</p>

#### Path parameters",N/A,N/A
/Users/jim/Customer Projects/Paymentology/Migrated/production-sprint-public-d7dfce0ae80328e8af51/docs/companion-api/api-reference/local-api/transfertoken.md,/Users/jim/Customer Projects/Paymentology/export-script/export/pages/companion-api/api-reference/local-api/transfertoken.md,"Unexpected closing slash `/` in tag, expected an open tag first",mdx-parse-error,7,"original_path: ""companion-api/api-reference/local-api""
---
<p>Transfer a payment token from one card to another.</p>

#### Path parameters",N/A,N/A
/Users/jim/Customer Projects/Paymentology/Migrated/production-sprint-public-d7dfce0ae80328e8af51/docs/companion-api/api-reference/local-api/unstopcard-1.md,/Users/jim/Customer Projects/Paymentology/export-script/export/pages/companion-api/api-reference/local-api/unstopcard.md,"Unexpected closing slash `/` in tag, expected an open tag first",mdx-parse-error,7,"original_path: ""companion-api/api-reference/local-api""
---
<p>Unstop the specified card.</p>

#### Path parameters",N/A,N/A
/Users/jim/Customer Projects/Paymentology/Migrated/production-sprint-public-d7dfce0ae80328e8af51/docs/companion-api/api-reference/local-api/unstoptoken-1.md,/Users/jim/Customer Projects/Paymentology/export-script/export/pages/companion-api/api-reference/local-api/unstoptoken.md,"Unexpected closing tag `</p>`, expected corresponding closing tag for `<br>` (17:335-17:340)",mdx-parse-error,7,"original_path: ""companion-api/api-reference/local-api""
---
<p>Unstops a token reference or all the ones linked to a card</p>

#### Path parameters",N/A,N/A
/Users/jim/Customer Projects/Paymentology/Migrated/production-sprint-public-d7dfce0ae80328e8af51/docs/companion-api/api-reference/local-api/updatebearer.md,/Users/jim/Customer Projects/Paymentology/export-script/export/pages/companion-api/api-reference/local-api/updatebearer.md,"Unexpected closing tag `</p>`, expected corresponding closing tag for `<a>` (11:4-11:23)",mdx-parse-error,7,"original_path: ""companion-api/api-reference/local-api""
---
<p>Update the specified card’s bearer details.</p>
<p><a href=""#version2.4"">Version 2.4</a></p>
<p><a href=""#version2.0"">Version 2.0</a></p>",N/A,N/A
/Users/jim/Customer Projects/Paymentology/Migrated/production-sprint-public-d7dfce0ae80328e8af51/docs/companion-api/api-reference/local-api/updatecvv-1.md,/Users/jim/Customer Projects/Paymentology/export-script/export/pages/companion-api/api-reference/local-api/updatecvv.md,"Unexpected closing tag `</p>`, expected corresponding closing tag for `<br>` (24:137-24:142)",mdx-parse-error,7,"original_path: ""companion-api/api-reference/local-api""
---
<p>Generate a new CVV2 of the specified card.</p>
<p><strong>IMPORTANT:</strong></p>
<p><span style={{color: ""#ff0000""}}><strong>This API method contains PCI sensitive information.</strong></span></p>",N/A,N/A
/Users/jim/Customer Projects/Paymentology/Migrated/production-sprint-public-d7dfce0ae80328e8af51/docs/companion-api/api-reference/local-api/updatetokenaccount-1.md,/Users/jim/Customer Projects/Paymentology/export-script/export/pages/companion-api/api-reference/local-api/updatetokenaccount.md,"Unexpected closing slash `/` in tag, expected an open tag first",mdx-parse-error,7,"original_path: ""companion-api/api-reference/local-api""
---
<p>Updates the card PAN information associated with a token i.e. VoucherID, Expiry Update and Account Deletion</p>

#### Path parameters",N/A,N/A
/Users/jim/Customer Projects/Paymentology/Migrated/production-sprint-public-d7dfce0ae80328e8af51/docs/companion-api/api-reference/remote/administrativemessage/administrative-message-values.md,/Users/jim/Customer Projects/Paymentology/export-script/export/pages/companion-api/api-reference/remote/administrativemessage/administrative-message-values.md,"Unexpected closing tag `</p>`, expected corresponding closing tag for `<br>` (21:268-21:273)",mdx-parse-error,7,"original_path: ""companion-api/api-reference/remote/administrativemessage""
---
<p>Values for the <span className=""xml-highlight"">messageName</span> field</p>
<ul>
<li><a href=""#activationmethods"">digitization.activationmethods</a></li>",N/A,N/A
/Users/jim/Customer Projects/Paymentology/Migrated/production-sprint-public-d7dfce0ae80328e8af51/docs/companion-api/api-reference/remote/administrativemessage/index.md,/Users/jim/Customer Projects/Paymentology/export-script/export/pages/companion-api/api-reference/remote/administrativemessage/index.md,"Unexpected closing tag `</p>`, expected corresponding closing tag for `<br>` (1806:230-1806:235)",mdx-parse-error,7,"original_path: ""companion-api/api-reference/remote""
---
<p><a href=""#Tokenization"">Administrative Message – Tokenization</a> – Sends tokenization related messages to the client.</p>
<p><a href=""#3DSecure"">Administrative Message – 3D Secure OTP</a> – Sends message with 3D Secure OTP.</p>
<p><a href=""#3DSecureCCD"">Administrative Message – 3D Secure Cardholder Contact Detail Collection</a> – Collects the cardholder’s masked contact details to be used upon 3DS checkout.</p>",N/A,N/A
/Users/jim/Customer Projects/Paymentology/Migrated/production-sprint-public-d7dfce0ae80328e8af51/docs/companion-api/api-reference/remote/balance.md,/Users/jim/Customer Projects/Paymentology/export-script/export/pages/companion-api/api-reference/remote/balance.md,"Unexpected closing slash `/` in tag, expected an open tag first",mdx-parse-error,7,"original_path: ""companion-api/api-reference/remote""
---
<p>Checks the balance on a card.</p>

#### Path parameters",N/A,N/A
/Users/jim/Customer Projects/Paymentology/Migrated/production-sprint-public-d7dfce0ae80328e8af51/docs/companion-api/api-reference/remote/brazilianinstallmentsettled.md,/Users/jim/Customer Projects/Paymentology/export-script/export/pages/companion-api/api-reference/remote/brazilianinstallmentsettled.md,"Unexpected closing slash `/` in tag, expected an open tag first",mdx-parse-error,7,"original_path: ""companion-api/api-reference/remote""
---
<p>Notifies that a Brazilian installment transaction is settled.</p>

#### Path parameters",N/A,N/A
/Users/jim/Customer Projects/Paymentology/Migrated/production-sprint-public-d7dfce0ae80328e8af51/docs/companion-api/api-reference/remote/deduct.md,/Users/jim/Customer Projects/Paymentology/export-script/export/pages/companion-api/api-reference/remote/deduct.md,"Unexpected closing slash `/` in tag, expected an open tag first",mdx-parse-error,7,"original_path: ""companion-api/api-reference/remote""
---
<p>Deduct the requested amount from a wallet.</p>

#### Path parameters",N/A,N/A
/Users/jim/Customer Projects/Paymentology/Migrated/production-sprint-public-d7dfce0ae80328e8af51/docs/companion-api/api-reference/remote/deductadjustment.md,/Users/jim/Customer Projects/Paymentology/export-script/export/pages/companion-api/api-reference/remote/deductadjustment.md,"Unexpected closing slash `/` in tag, expected an open tag first",mdx-parse-error,7,"original_path: ""companion-api/api-reference/remote""
---
<p>Adjust a previous transaction, deduct the requested amount from a wallet.</p>

#### Path parameters",N/A,N/A
/Users/jim/Customer Projects/Paymentology/Migrated/production-sprint-public-d7dfce0ae80328e8af51/docs/companion-api/api-reference/remote/deductreversal.md,/Users/jim/Customer Projects/Paymentology/export-script/export/pages/companion-api/api-reference/remote/deductreversal.md,"Unexpected closing slash `/` in tag, expected an open tag first",mdx-parse-error,7,"original_path: ""companion-api/api-reference/remote""
---
<p>Reverse a deduct that was previously requested on a wallet.</p>
<p><strong>KLV will not be sent for reversals. </strong></p>
",N/A,N/A
/Users/jim/Customer Projects/Paymentology/Migrated/production-sprint-public-d7dfce0ae80328e8af51/docs/companion-api/api-reference/remote/index.md,/Users/jim/Customer Projects/Paymentology/export-script/export/pages/companion-api/api-reference/remote/index.md,"Unexpected closing slash `/` in tag, expected an open tag first",mdx-parse-error,7,"original_path: ""companion-api/api-reference""
---
<p>The Remote API is hosted on your platform and allows us to call you to perform actions on your store of value/wallet e.g. Deducting/loading funds, balance inquiries, etc.</p>
<p id=""intro""><strong>Note:</strong> you will need to implement the relevant method names corresponding to the different calls in order to perform the necessary actions on your system.</p>
",N/A,N/A
/Users/jim/Customer Projects/Paymentology/Migrated/production-sprint-public-d7dfce0ae80328e8af51/docs/companion-api/api-reference/remote/loadadjustment.md,/Users/jim/Customer Projects/Paymentology/export-script/export/pages/companion-api/api-reference/remote/loadadjustment.md,"Unexpected closing slash `/` in tag, expected an open tag first",mdx-parse-error,7,"original_path: ""companion-api/api-reference/remote""
---
<p>Adjust a previous transaction, load a wallet</p>

#### Path parameters",N/A,N/A
/Users/jim/Customer Projects/Paymentology/Migrated/production-sprint-public-d7dfce0ae80328e8af51/docs/companion-api/api-reference/remote/loadauth.md,/Users/jim/Customer Projects/Paymentology/export-script/export/pages/companion-api/api-reference/remote/loadauth.md,"Unexpected closing tag `</p>`, expected corresponding closing tag for `<br>` (17:147-17:152)",mdx-parse-error,7,"original_path: ""companion-api/api-reference/remote""
---
<p>Sends the request to preload in case of a refund request or a request to load a card.</p>

#### Path parameters",N/A,N/A
/Users/jim/Customer Projects/Paymentology/Migrated/production-sprint-public-d7dfce0ae80328e8af51/docs/companion-api/api-reference/remote/loadauthreversal.md,/Users/jim/Customer Projects/Paymentology/export-script/export/pages/companion-api/api-reference/remote/loadauthreversal.md,"Unexpected closing slash `/` in tag, expected an open tag first",mdx-parse-error,7,"original_path: ""companion-api/api-reference/remote""
---
<p>This method can only return the result codes of 1 (success) or -9 (an error occurred while queuing the Reversal).</p>
<p><strong>KLV will not be sent for reversals. Only reference data will be included if there is any. If KLV data is needed please lookup <a href=""https:developer.sprint.paymentology.com/companion-api/klv-lookup/"">KLV</a> from the reference data included.</strong></p>
",N/A,N/A
/Users/jim/Customer Projects/Paymentology/Migrated/production-sprint-public-d7dfce0ae80328e8af51/docs/companion-api/api-reference/remote/loadreversal.md,/Users/jim/Customer Projects/Paymentology/export-script/export/pages/companion-api/api-reference/remote/loadreversal.md,"Unexpected closing tag `</p>`, expected corresponding closing tag for `<section>` (7:1-7:86)",mdx-parse-error,7,"original_path: ""companion-api/api-reference/remote""
---
<section id=""tutuka-block-33"" className=""tutuka-block tutuka-block--text-full-width"">Reverse a load that was previously requested on a wallet.<strong>KLV will not be sent for reversals. Only reference data will be included if there is any. If KLV data is needed please lookup <a href=""https:developer.sprint.paymentology.com/companion-api/klv-lookup/"">KLV</a> from the reference data included.</strong></p>
</section>
",N/A,N/A
/Users/jim/Customer Projects/Paymentology/Migrated/production-sprint-public-d7dfce0ae80328e8af51/docs/companion-api/api-reference/remote/mexicaninstallmentsettled.md,/Users/jim/Customer Projects/Paymentology/export-script/export/pages/companion-api/api-reference/remote/mexicaninstallmentsettled.md,"Unexpected closing tag `</p>`, expected corresponding closing tag for `<br>` (17:171-17:176)",mdx-parse-error,7,"original_path: ""companion-api/api-reference/remote""
---
<p>Notifies that a Mexican installment transaction is settled.</p>

#### Path parameters",N/A,N/A
/Users/jim/Customer Projects/Paymentology/Migrated/production-sprint-public-d7dfce0ae80328e8af51/docs/companion-api/api-reference/remote/stop.md,/Users/jim/Customer Projects/Paymentology/export-script/export/pages/companion-api/api-reference/remote/stop.md,"Unexpected closing tag `</p>`, expected corresponding closing tag for `<br>` (16:239-16:244)",mdx-parse-error,7,"original_path: ""companion-api/api-reference/remote""
---
<p>Notification that a card was stopped.</p>

#### Path parameters",N/A,N/A
/Users/jim/Customer Projects/Paymentology/Migrated/production-sprint-public-d7dfce0ae80328e8af51/docs/companion-api/api-reference/remote/validatepin.md,/Users/jim/Customer Projects/Paymentology/export-script/export/pages/companion-api/api-reference/remote/validatepin.md,"Unexpected closing tag `</p>`, expected corresponding closing tag for `<section>` (7:1-7:86)",mdx-parse-error,7,"original_path: ""companion-api/api-reference/remote""
---
<section id=""tutuka-block-61"" className=""tutuka-block tutuka-block--text-full-width"">Validate the PIN.</p>
</section>
",N/A,N/A
/Users/jim/Customer Projects/Paymentology/Migrated/production-sprint-public-d7dfce0ae80328e8af51/docs/companion-api/disputes-1.md,/Users/jim/Customer Projects/Paymentology/export-script/export/pages/companion-api/disputes.md,"Unexpected closing tag `</li>`, expected corresponding closing tag for `<br>` (38:23-38:28)",mdx-parse-error,7,"original_path: ""companion-api""
---
<h1>What is a Dispute?</h1>
<p>A dispute is a transaction that a cardholder/customer does not agree with and therefore requests that part of, or the entire transaction be reversed or refunded.</p>
",N/A,N/A
/Users/jim/Customer Projects/Paymentology/Migrated/production-sprint-public-d7dfce0ae80328e8af51/docs/companion-api/disputes-1.md,/Users/jim/Customer Projects/Paymentology/export-script/export/pages/companion-api/disputes.md,Unknown error,image-replacement,N/A,N/A,Chargeback-process-flow-v2.png,https:developer.sprint.paymentology.com/wp-content/uploads/2023/03/Chargeback-process-flow-v2.png
/Users/jim/Customer Projects/Paymentology/Migrated/production-sprint-public-d7dfce0ae80328e8af51/docs/companion-api/index.md,/Users/jim/Customer Projects/Paymentology/export-script/export/pages/companion-api/index.md,"Unexpected closing slash `/` in tag, expected an open tag first",mdx-parse-error,6,"original_id: 14
---
<h2>Companion API is a simple API that allows you to issue cards and hold your customers’ card balances on your platform</h2>
<p><span style={{fontWeight: ""400""}}><strong>A Companion card is a card that is linked to a store of value (SVA) like a wallet or a bank account. What makes this API different from the others we offer, is that the customer’s card balance sits within the SVA and not on the card. Choose the Companion API if you want to issue cards and hold your customers’ card balances on your own platform.</strong></span></p>
<p>With this API, you can issue physical and virtual prepaid cards linked to a separate SVA. Cards are linked to the SVA, so whenever transactions are made, the SVA is debited.</p>",N/A,N/A
/Users/jim/Customer Projects/Paymentology/Migrated/production-sprint-public-d7dfce0ae80328e8af51/docs/companion-api/index.md,/Users/jim/Customer Projects/Paymentology/export-script/export/pages/companion-api/index.md,Unknown error,image-replacement,N/A,N/A,Companion-Transaction-processing-v2-1.png,https:developer.sprint.paymentology.com/wp-content/uploads/2023/03/Companion-Transaction-processing-v2-1.png
/Users/jim/Customer Projects/Paymentology/Migrated/production-sprint-public-d7dfce0ae80328e8af51/docs/companion-api/issue-cards/digital-first.md,/Users/jim/Customer Projects/Paymentology/export-script/export/pages/companion-api/issue-cards/digital-first.md,Expected a closing tag for `<li>` (46:1-46:48) before the end of `paragraph`,mdx-parse-error,7,"original_path: ""companion-api/issue-cards""
---
<p><strong>Today’s consumers do everything on their mobile phones or online. The Paymentology Sprint Digital First card program allows you to design a simple, secure and flexible financial experience that emulates the digital lifestyle of today’s generation.</strong></p>

<h2>What is Digital First?</h2>",N/A,N/A
/Users/jim/Customer Projects/Paymentology/Migrated/production-sprint-public-d7dfce0ae80328e8af51/docs/companion-api/issue-cards/digital-first.md,/Users/jim/Customer Projects/Paymentology/export-script/export/pages/companion-api/issue-cards/digital-first.md,Unknown error,image-replacement,N/A,N/A,Grab-numberless-card.jpeg,https:developer.sprint.paymentology.com/wp-content/uploads/2021/02/Grab-numberless-card.jpeg
/Users/jim/Customer Projects/Paymentology/Migrated/production-sprint-public-d7dfce0ae80328e8af51/docs/companion-api/issue-cards/index.md,/Users/jim/Customer Projects/Paymentology/export-script/export/pages/companion-api/issue-cards/index.md,"Unexpected closing slash `/` in tag, expected an open tag first",mdx-parse-error,7,"original_path: ""companion-api""
---
<h2>With the Paymentology Sprint Companion API, you can offer your customers different types of cards:</h2>

<h2 className=""block highlight"" data-element=""bridgehead"" data-attr-renderas=""sect3"" data-attr-xml-id=""bridgehead-idm4580791643568031694088487013""><span className=""inline translation current"" data-element=""emphasis"" data-attr-role=""bold"" data-attr-xinfo-text=""10578"">1. Issuing a virtual card​</span>​​</h2>",N/A,N/A
/Users/jim/Customer Projects/Paymentology/Migrated/production-sprint-public-d7dfce0ae80328e8af51/docs/companion-api/issue-cards/index.md,/Users/jim/Customer Projects/Paymentology/export-script/export/pages/companion-api/issue-cards/index.md,Unknown error,image-replacement,N/A,N/A,How-to-issue-a-virtual-card-v2.png,https:developer.sprint.paymentology.com/wp-content/uploads/2023/03/How-to-issue-a-virtual-card-v2.png
/Users/jim/Customer Projects/Paymentology/Migrated/production-sprint-public-d7dfce0ae80328e8af51/docs/companion-api/issue-cards/index.md,/Users/jim/Customer Projects/Paymentology/export-script/export/pages/companion-api/issue-cards/index.md,Unknown error,image-replacement,N/A,N/A,Physical-card-fulfilment-flow-v2.png,https:developer.sprint.paymentology.com/wp-content/uploads/2023/03/Physical-card-fulfilment-flow-v2.png
/Users/jim/Customer Projects/Paymentology/Migrated/production-sprint-public-d7dfce0ae80328e8af51/docs/companion-api/issue-cards/index.md,/Users/jim/Customer Projects/Paymentology/export-script/export/pages/companion-api/issue-cards/index.md,Unknown error,image-replacement,N/A,N/A,Companion-card-issuing-flow-1-v2.png,https:developer.sprint.paymentology.com/wp-content/uploads/2023/03/Companion-card-issuing-flow-1-v2.png
/Users/jim/Customer Projects/Paymentology/Migrated/production-sprint-public-d7dfce0ae80328e8af51/docs/companion-api/klv-lookup.md,/Users/jim/Customer Projects/Paymentology/export-script/export/pages/companion-api/klv-lookup.md,Expected a closing tag for `<br>` (21:52-21:57) before the end of `paragraph`,mdx-parse-error,7,"original_path: ""companion-api""
---
<p>Key-Length-value (KLV) is a data encoding standard where the <strong>Key</strong> identifies the data, <strong>Length</strong> specifies the data’s length and <strong>value </strong>is the data itself. KLV is an instance of the TLV encoding scheme used for optional information element within communication protocols.</p>
<p><strong>The length of each string is:</strong></p>
<ol>",N/A,N/A
/Users/jim/Customer Projects/Paymentology/Migrated/production-sprint-public-d7dfce0ae80328e8af51/docs/companion-api/manage-cards-1.md,/Users/jim/Customer Projects/Paymentology/export-script/export/pages/companion-api/manage-cards.md,"Unexpected closing slash `/` in tag, expected an open tag first",mdx-parse-error,7,"original_path: ""companion-api""
---
<p><strong>You can manage the issued Paymentology Sprint cards and make updates to them whenever necessary. You can also use the API methods below to develop a UI that comes with self-help options that allow the cardholders to manage their cards by themselves.</strong></p>

<p><span style={{fontWeight: ""400""}}>These are the supported card management options:</span></p>",N/A,N/A
/Users/jim/Customer Projects/Paymentology/Migrated/production-sprint-public-d7dfce0ae80328e8af51/docs/companion-api/manage-funds/3d-secure.md,/Users/jim/Customer Projects/Paymentology/export-script/export/pages/companion-api/manage-funds/3d-secure.md,"Unexpected closing tag `</li>`, expected corresponding closing tag for `<br>` (13:26-13:31)",mdx-parse-error,7,"original_path: ""companion-api/manage-funds""
---
<p><strong>3D Secure (Three-Domain Secure) is an additional authentication step which provides an added layer of security for online card transactions by reducing the risk of unauthorized card use due to the card not being physically present.</strong></p>
<p>The three domains involved in the 3D Secure protocol are:</p>
<ul>",N/A,N/A
/Users/jim/Customer Projects/Paymentology/Migrated/production-sprint-public-d7dfce0ae80328e8af51/docs/companion-api/manage-funds/3d-secure.md,/Users/jim/Customer Projects/Paymentology/export-script/export/pages/companion-api/manage-funds/3d-secure.md,Unknown error,image-replacement,N/A,N/A,image-35-v2.png,https:developer.sprint.paymentology.com/wp-content/uploads/2023/03/image-35-v2.png
/Users/jim/Customer Projects/Paymentology/Migrated/production-sprint-public-d7dfce0ae80328e8af51/docs/companion-api/manage-funds/automated-fuel-dispensers-afd-transactions.md,/Users/jim/Customer Projects/Paymentology/export-script/export/pages/companion-api/manage-funds/automated-fuel-dispensers-afd-transactions.md,"Unexpected closing slash `/` in tag, expected an open tag first",mdx-parse-error,7,"original_path: ""companion-api/manage-funds""
---
<p><span style={{fontWeight: ""400""}}>Automated Fuel Dispensers (AFD) are unattended terminals at fuel stations that allow cardholders to purchase fuel without requiring an attendant. The emergence of AFD transactions has revolutionized the fuel purchase industry and greatly benefitted both merchants and customers.</span></p>
<p><span style={{fontWeight: ""400""}}>In the past, fueling was a tedious process—an attendant had to manually pump the requested amount of fuel, usually resulting in lines and customer queues. However, AFDs has turned this around—no more direct engagements with staff and other time-consuming hassles.</span></p>
<p><span style={{fontWeight: ""400""}}>With Paymentology Sprint’s support for AFD transactions, you can make payments</span><span style={{fontWeight: ""400""}}> for your cardholders </span><span style={{fontWeight: ""400""}}>at the pump painless, fast, and secure.</span></p>",N/A,N/A
/Users/jim/Customer Projects/Paymentology/Migrated/production-sprint-public-d7dfce0ae80328e8af51/docs/companion-api/manage-funds/automated-fuel-dispensers-afd-transactions.md,/Users/jim/Customer Projects/Paymentology/export-script/export/pages/companion-api/manage-funds/automated-fuel-dispensers-afd-transactions.md,Unknown error,image-replacement,N/A,N/A,AFD-Transaction-processing-v2.png,https:developer.sprint.paymentology.com/wp-content/uploads/2023/03/AFD-Transaction-processing-v2.png
/Users/jim/Customer Projects/Paymentology/Migrated/production-sprint-public-d7dfce0ae80328e8af51/docs/companion-api/manage-funds/index.md,/Users/jim/Customer Projects/Paymentology/export-script/export/pages/companion-api/manage-funds/index.md,"Unexpected closing tag `</li>`, expected corresponding closing tag for `<br>` (142:86-142:91)",mdx-parse-error,7,"original_path: ""companion-api""
---
<p><strong>When the cardholder has either a virtual or a physical companion card (or both), they can start transacting against their store of value. These transactions originate from the merchant and are then sent to Paymentology via the card schemes, before being forwarded to the store of value for validation and authorization.</strong></p>

<p><span style={{fontWeight: ""400""}}>These are the supported transaction management options:</span></p>",N/A,N/A
/Users/jim/Customer Projects/Paymentology/Migrated/production-sprint-public-d7dfce0ae80328e8af51/docs/companion-api/manage-funds/index.md,/Users/jim/Customer Projects/Paymentology/export-script/export/pages/companion-api/manage-funds/index.md,Unknown error,image-replacement,N/A,N/A,Companion-transaction-processing-3-v2.png,https:developer.sprint.paymentology.com/wp-content/uploads/2023/03/Companion-transaction-processing-3-v2.png
/Users/jim/Customer Projects/Paymentology/Migrated/production-sprint-public-d7dfce0ae80328e8af51/docs/companion-api/manage-funds/index.md,/Users/jim/Customer Projects/Paymentology/export-script/export/pages/companion-api/manage-funds/index.md,Unknown error,image-replacement,N/A,N/A,Reversal-v2.png,https:developer.sprint.paymentology.com/wp-content/uploads/2023/03/Reversal-v2.png
/Users/jim/Customer Projects/Paymentology/Migrated/production-sprint-public-d7dfce0ae80328e8af51/docs/companion-api/messages.md,/Users/jim/Customer Projects/Paymentology/export-script/export/pages/companion-api/messages.md,"Unexpected closing slash `/` in tag, expected an open tag first",mdx-parse-error,7,"original_path: ""companion-api""
---
<p><strong>These are two types of messages that Paymentology Sprint can send to a client:</strong></p>
<p> </p>
<h2>1. Administrative Messages</h2>",N/A,N/A
/Users/jim/Customer Projects/Paymentology/Migrated/production-sprint-public-d7dfce0ae80328e8af51/docs/companion-api/reports/apple-pay-monthly-declines-report-1.md,/Users/jim/Customer Projects/Paymentology/export-script/export/pages/companion-api/reports/apple-pay-monthly-declines-report.md,"Unexpected character `1` (U+0031) before name, expected a character that can start a name, such as a letter, `$`, or `_`",mdx-parse-error,7,"original_path: ""companion-api/reports""
---
<p>For clients using Paymentology’s tokenization, Paymentology can issue monthly reports to clients to utilize the report data to compile their Apple report through the Apple Partner Connect platform.</p>
<p>The purpose of the Apple Pay monthly declines report is to provide oversight on Apple Pay transactions that have been declined. It is important to note that failed transactions are NOT considered as declined and therefore not considered for this report.</p>
<p>Declined transactions include those that were declined due to: daily limits exceeded, unable to authorize, no account, card status suspended, over credit line, unavailable funds, invalid PIN, expired card, cardholder authorization file, delinquent account.</p>",N/A,N/A
/Users/jim/Customer Projects/Paymentology/Migrated/production-sprint-public-d7dfce0ae80328e8af51/docs/companion-api/reports/apple-pay-monthly-fee-billing-report-1.md,/Users/jim/Customer Projects/Paymentology/export-script/export/pages/companion-api/reports/apple-pay-monthly-fee-billing-report.md,Expected a closing tag for `<li>` (11:1-11:5) before the end of `paragraph`,mdx-parse-error,7,"original_path: ""companion-api/reports""
---
<p>For clients using Paymentology’s tokenization, Paymentology can issue monthly reports to clients to utilize the report data to compile their Apple report through the Apple Partner Connect platform.</p>
<p>The Apple Pay monthly fee billing report includes the following details:</p>
<ul>",N/A,N/A
/Users/jim/Customer Projects/Paymentology/Migrated/production-sprint-public-d7dfce0ae80328e8af51/docs/companion-api/reports/apple-pay-monthly-fee-billing-report-1.md,/Users/jim/Customer Projects/Paymentology/export-script/export/pages/companion-api/reports/apple-pay-monthly-fee-billing-report.md,Unknown error,image-replacement,N/A,N/A,CampaignName_ApplePay-Monthly-Fee-Billing-Report-Month-YYYY-_-002.png,https:developer.sprint.paymentology.com/wp-content/uploads/2023/12/CampaignName_ApplePay-Monthly-Fee-Billing-Report-Month-YYYY-_-002.png
/Users/jim/Customer Projects/Paymentology/Migrated/production-sprint-public-d7dfce0ae80328e8af51/docs/companion-api/reports/apple-pay-monthly-metric-report-1.md,/Users/jim/Customer Projects/Paymentology/export-script/export/pages/companion-api/reports/apple-pay-monthly-metric-report.md,"Unexpected closing slash `/` in tag, expected an open tag first",mdx-parse-error,7,"original_path: ""companion-api/reports""
---
<p>For clients using Paymentology’s tokenization, Paymentology can issue monthly reports to clients to assist in compiling their Apple report through the Apple Partner Connect platform.</p>
<p>The monthly metric report provides clients with a breakdown of POS (Point of Sale), remote (in-App, Apple Pay on the web and eCommerce) and COF (Credential on File) Apple Pay spends for the specified month.</p>
<p>The report includes the following details:</p>",N/A,N/A
/Users/jim/Customer Projects/Paymentology/Migrated/production-sprint-public-d7dfce0ae80328e8af51/docs/companion-api/reports/apple-pay-monthly-metric-report-1.md,/Users/jim/Customer Projects/Paymentology/export-script/export/pages/companion-api/reports/apple-pay-monthly-metric-report.md,Unknown error,image-replacement,N/A,N/A,CampaignName_ApplePay-Monthly-Metric-Report-Month-YYYY-_-002.png,https:developer.sprint.paymentology.com/wp-content/uploads/2023/12/CampaignName_ApplePay-Monthly-Metric-Report-Month-YYYY-_-002.png
/Users/jim/Customer Projects/Paymentology/Migrated/production-sprint-public-d7dfce0ae80328e8af51/docs/companion-api/reports/apple-pay-monthly-top-merchant-report-1.md,/Users/jim/Customer Projects/Paymentology/export-script/export/pages/companion-api/reports/apple-pay-monthly-top-merchant-report.md,"Unexpected closing slash `/` in tag, expected an open tag first",mdx-parse-error,7,"original_path: ""companion-api/reports""
---
<p data-renderer-start-pos=""10987"">For clients using Paymentology’s tokenization, Paymentology can issue monthly reports to clients to assist in compiling their Apple report through the Apple Partner Connect platform.</p>
<p data-renderer-start-pos=""10987"">The purpose of this report is for Apple to understand the top 100 Merchants that accept Apple Pay. It’s important to note only approved/settled transactions are reported and Merchants are listed in descending order based on total spend.</p>
<p>The report includes the following details:</p>",N/A,N/A
/Users/jim/Customer Projects/Paymentology/Migrated/production-sprint-public-d7dfce0ae80328e8af51/docs/companion-api/reports/apple-pay-monthly-top-merchant-report-1.md,/Users/jim/Customer Projects/Paymentology/export-script/export/pages/companion-api/reports/apple-pay-monthly-top-merchant-report.md,Unknown error,image-replacement,N/A,N/A,CampaignName_ApplePay-Top-Merchant-Report-MMM-YYYY-_.png,https:developer.sprint.paymentology.com/wp-content/uploads/2023/12/CampaignName_ApplePay-Top-Merchant-Report-MMM-YYYY-_.png
/Users/jim/Customer Projects/Paymentology/Migrated/production-sprint-public-d7dfce0ae80328e8af51/docs/companion-api/reports/apple-pay-monthly-usage-frequency-report-1.md,/Users/jim/Customer Projects/Paymentology/export-script/export/pages/companion-api/reports/apple-pay-monthly-usage-frequency-report.md,"Unexpected closing slash `/` in tag, expected an open tag first",mdx-parse-error,7,"original_path: ""companion-api/reports""
---
<p>For clients using Paymentology’s tokenization, Paymentology can issue monthly reports to clients to assist in compiling their Apple report through the Apple Partner Connect platform.</p>
<p>This report refers to the number of times a specific account is used to make a transaction in a given month. This includes any type of Apple Pay transaction i.e. POS or eCommerce.</p>
<p>The report includes the following details:</p>",N/A,N/A
/Users/jim/Customer Projects/Paymentology/Migrated/production-sprint-public-d7dfce0ae80328e8af51/docs/companion-api/reports/apple-pay-monthly-usage-frequency-report-1.md,/Users/jim/Customer Projects/Paymentology/export-script/export/pages/companion-api/reports/apple-pay-monthly-usage-frequency-report.md,Unknown error,image-replacement,N/A,N/A,CampaignName_ApplePay-Monthly-Frequency-Report-Month-YYYY-_.png,https:developer.sprint.paymentology.com/wp-content/uploads/2023/12/CampaignName_ApplePay-Monthly-Frequency-Report-Month-YYYY-_.png
/Users/jim/Customer Projects/Paymentology/Migrated/production-sprint-public-d7dfce0ae80328e8af51/docs/companion-api/reports/apple-pay-quarterly-fee-billing-report-1.md,/Users/jim/Customer Projects/Paymentology/export-script/export/pages/companion-api/reports/apple-pay-quarterly-fee-billing-report.md,Expected a closing tag for `<li>` (11:1-11:5) before the end of `paragraph`,mdx-parse-error,7,"original_path: ""companion-api/reports""
---
<p data-pm-slice=""1 1 []"">For clients using Paymentology’s tokenization, Paymentology can issue a quarterly report to clients to utilize the report data to compile their Apple report through the Apple Partner Connect platform.</p>
<p>The report includes the following details:</p>
<ul>",N/A,N/A
/Users/jim/Customer Projects/Paymentology/Migrated/production-sprint-public-d7dfce0ae80328e8af51/docs/companion-api/reports/apple-pay-quarterly-fee-billing-report-1.md,/Users/jim/Customer Projects/Paymentology/export-script/export/pages/companion-api/reports/apple-pay-quarterly-fee-billing-report.md,Unknown error,image-replacement,N/A,N/A,CampaignName_ApplePay-Quarterly-Fee-Billing-Report-Month-YYYY-003.png,https:developer.sprint.paymentology.com/wp-content/uploads/2023/12/CampaignName_ApplePay-Quarterly-Fee-Billing-Report-Month-YYYY-003.png
/Users/jim/Customer Projects/Paymentology/Migrated/production-sprint-public-d7dfce0ae80328e8af51/docs/companion-api/reports/authorisation-income-report-1.md,/Users/jim/Customer Projects/Paymentology/export-script/export/pages/companion-api/reports/authorisation-income-report.md,Expected a closing tag for `<li>` (20:1-20:5) before the end of `paragraph`,mdx-parse-error,7,"original_path: ""companion-api/reports""
---
<p data-pm-slice=""1 1 []"">This daily report provides client’s with transaction markup data to support their internal reporting and P & L reconciliation. The report includes the following details:</p>
<ul>
<li><strong>CampaignID</strong> – id number of client’s campaign.</li>",N/A,N/A
/Users/jim/Customer Projects/Paymentology/Migrated/production-sprint-public-d7dfce0ae80328e8af51/docs/companion-api/reports/authorisation-income-report-1.md,/Users/jim/Customer Projects/Paymentology/export-script/export/pages/companion-api/reports/authorisation-income-report.md,Unknown error,image-replacement,N/A,N/A,CampaignName_authorisationincomereport_YYYY_MM_DD-.png,https:developer.sprint.paymentology.com/wp-content/uploads/2023/12/CampaignName_authorisationincomereport_YYYY_MM_DD-.png
/Users/jim/Customer Projects/Paymentology/Migrated/production-sprint-public-d7dfce0ae80328e8af51/docs/companion-api/reports/blocked-transactions-report-1.md,/Users/jim/Customer Projects/Paymentology/export-script/export/pages/companion-api/reports/blocked-transactions-report.md,"Unexpected closing tag `</p>`, expected corresponding closing tag for `<br>` (7:134-7:139)",mdx-parse-error,7,"original_path: ""companion-api/reports""
---
<p>This report lists detailed information about filtered transactions for a specific set of campaigns, during a specified date range.<br >
The report includes details about vouchers and reasons for transactions being filtered. This reports helps clients to identify if any whitelisted merchants (approved merchants) are blocked.</p>
<p>The report includes the following details:</p>",N/A,N/A
/Users/jim/Customer Projects/Paymentology/Migrated/production-sprint-public-d7dfce0ae80328e8af51/docs/companion-api/reports/card-balance-report-1.md,/Users/jim/Customer Projects/Paymentology/export-script/export/pages/companion-api/reports/card-balance-report.md,"Unexpected closing slash `/` in tag, expected an open tag first",mdx-parse-error,7,"original_path: ""companion-api/reports""
---
<p>This report provides clients with card details such as, current available balance, last load and lifetime expenditure. It is available for each Campaign.</p>
<p>The report includes the following details:</p>
<ul>",N/A,N/A
/Users/jim/Customer Projects/Paymentology/Migrated/production-sprint-public-d7dfce0ae80328e8af51/docs/companion-api/reports/card-balance-report-1.md,/Users/jim/Customer Projects/Paymentology/export-script/export/pages/companion-api/reports/card-balance-report.md,Unknown error,image-replacement,N/A,N/A,CampaignName_cardbalances_YYYY_MM_DD-.png,https:developer.sprint.paymentology.com/wp-content/uploads/2023/12/CampaignName_cardbalances_YYYY_MM_DD-.png
/Users/jim/Customer Projects/Paymentology/Migrated/production-sprint-public-d7dfce0ae80328e8af51/docs/companion-api/reports/card-order-report.md,/Users/jim/Customer Projects/Paymentology/export-script/export/pages/companion-api/reports/card-order-report.md,"Unexpected closing slash `/` in tag, expected an open tag first",mdx-parse-error,8,"---

<p>A <strong>card order</strong> is a request to print a physical card. With the Companion API, you can optionally issue a physical card to a customer by sending an order for printing to the card manufacturer. To initiate a request to print a physical card, you use the <a href=""https:developer.sprint.paymentology.com/companion-api/api-reference/local-api/ordercard/""><span className=""xml-highlight"">OrderCard</span></a> method in the Local API. On a daily basis at 19:30 UTC+2, Paymentology creates a batch order and submits it to the manufacturer for printing. A <strong>card order </strong>report lists all the orders that were processed on the previous day.</p>
<p>The report includes the following details:</p>
<ul>",N/A,N/A
/Users/jim/Customer Projects/Paymentology/Migrated/production-sprint-public-d7dfce0ae80328e8af51/docs/companion-api/reports/card-order-report.md,/Users/jim/Customer Projects/Paymentology/export-script/export/pages/companion-api/reports/card-order-report.md,Unknown error,image-replacement,N/A,N/A,Card-Order1-300x195.png,https:developer.sprint.paymentology.com/wp-content/uploads/2023/02/Card-Order1-300x195.png
/Users/jim/Customer Projects/Paymentology/Migrated/production-sprint-public-d7dfce0ae80328e8af51/docs/companion-api/reports/daily-negative-balance-report-1.md,/Users/jim/Customer Projects/Paymentology/export-script/export/pages/companion-api/reports/daily-negative-balance-report.md,"Unexpected closing slash `/` in tag, expected an open tag first",mdx-parse-error,7,"original_path: ""companion-api/reports""
---
<p>This report provides clients with detailed information on cards that have entered into a negative balance status. It provides essential, actionable information to trace the transactions and correct the negative balance scenarios.</p>
<ul>
<li data-renderer-start-pos=""2632"">Clients will receive this report via email daily with the data from the previous day.</li>",N/A,N/A
/Users/jim/Customer Projects/Paymentology/Migrated/production-sprint-public-d7dfce0ae80328e8af51/docs/companion-api/reports/daily-sales-and-redemption-report-1.md,/Users/jim/Customer Projects/Paymentology/export-script/export/pages/companion-api/reports/daily-sales-and-redemption-report.md,Expected a closing tag for `<li>` (16:1-16:5) before the end of `paragraph`,mdx-parse-error,7,"original_path: ""companion-api/reports""
---
<p>A report which includes all Loads, Redemptions, Authorization, Fees that takes place on a voucher/card.</p>
<p>The report includes the following details:</p>
<ul>",N/A,N/A
/Users/jim/Customer Projects/Paymentology/Migrated/production-sprint-public-d7dfce0ae80328e8af51/docs/companion-api/reports/daily-statement-report-1.md,/Users/jim/Customer Projects/Paymentology/export-script/export/pages/companion-api/reports/daily-statement-report.md,Expected a closing tag for `<li>` (17:1-17:5) before the end of `paragraph`,mdx-parse-error,7,"original_path: ""companion-api/reports""
---
<p>The daily statement report can be used by client’s to assist with their reconciliation and program activity reporting.</p>
<p>The report includes the following details:</p>
<ul>",N/A,N/A
/Users/jim/Customer Projects/Paymentology/Migrated/production-sprint-public-d7dfce0ae80328e8af51/docs/companion-api/reports/detailed-settlement-report-1.md,/Users/jim/Customer Projects/Paymentology/export-script/export/pages/companion-api/reports/detailed-settlement-report.md,Expected a closing tag for `<li>` (20:1-20:5) before the end of `paragraph`,mdx-parse-error,7,"original_path: ""companion-api/reports""
---
<div className=""block translation current highlight"" data-element=""para"" data-attr-xinfo-text=""10760"">
<p>Paymentology also provides a detailed version of the summary Settlement Report.The Detailed Settlement Report shows each settled transaction, which allows you to use the Transaction id to mark off settled transactions from authorized transactions. This also assists in confirming the values of the amounts in the summary Settlement Report. The network provides the Transaction id field during authorization. The same Transaction id for authorizations is included in the Detailed Settlement Report.</p>
<p>You can generate the Detailed Settlement Report by sending an HTTP GET request and download it as a CSV file.</p>",N/A,N/A
/Users/jim/Customer Projects/Paymentology/Migrated/production-sprint-public-d7dfce0ae80328e8af51/docs/companion-api/reports/detailed-settlement-report-1.md,/Users/jim/Customer Projects/Paymentology/export-script/export/pages/companion-api/reports/detailed-settlement-report.md,Unknown error,image-replacement,N/A,N/A,Detailed-Settlement-report1.png,https:developer.sprint.paymentology.com/wp-content/uploads/2021/10/Detailed-Settlement-report1.png
/Users/jim/Customer Projects/Paymentology/Migrated/production-sprint-public-d7dfce0ae80328e8af51/docs/companion-api/reports/ecommerce-report-1.md,/Users/jim/Customer Projects/Paymentology/export-script/export/pages/companion-api/reports/ecommerce-report.md,Expected a closing tag for `<li>` (16:1-16:35) before the end of `paragraph`,mdx-parse-error,7,"original_path: ""companion-api/reports""
---
<p data-renderer-start-pos=""25"">A report that shows successful and failed Ecommerce transactions along with associated eCommerce fees.</p>
<p data-renderer-start-pos=""25"">The report includes the following details:</p>
<ul>",N/A,N/A
/Users/jim/Customer Projects/Paymentology/Migrated/production-sprint-public-d7dfce0ae80328e8af51/docs/companion-api/reports/ecommerce-report-1.md,/Users/jim/Customer Projects/Paymentology/export-script/export/pages/companion-api/reports/ecommerce-report.md,Unknown error,image-replacement,N/A,N/A,EcommerceTransactions_CampaignName_YYYYMMDD-.png,https:developer.sprint.paymentology.com/wp-content/uploads/2023/12/EcommerceTransactions_CampaignName_YYYYMMDD-.png
/Users/jim/Customer Projects/Paymentology/Migrated/production-sprint-public-d7dfce0ae80328e8af51/docs/companion-api/reports/failed-transaction-report.md,/Users/jim/Customer Projects/Paymentology/export-script/export/pages/companion-api/reports/failed-transaction-report.md,Expected a closing tag for `<li>` (28:1-28:5) before the end of `paragraph`,mdx-parse-error,7,"original_path: ""companion-api/reports""
---
<div className=""block translation current highlight"" data-element=""para"" data-attr-xinfo-text=""10769""><span style={{fontWeight: ""400""}}>This report gives details of the transactions that were declined daily. </span><span style={{fontWeight: ""400""}}>It contains a list of transactions that Paymentology or the client declined, and sent a declined response code to the card association. </span><span style={{fontWeight: ""400""}}>With the failed transaction report file, it becomes easier to find the reasons for failures in transactions and improve the process.</span></div>
<div data-element=""para"" data-attr-xinfo-text=""10769""></div>
<div data-element=""para"" data-attr-xinfo-text=""10769"">The report is also generated monthly and contains the same report details as the daily report.</div>",N/A,N/A
/Users/jim/Customer Projects/Paymentology/Migrated/production-sprint-public-d7dfce0ae80328e8af51/docs/companion-api/reports/failed-transaction-report.md,/Users/jim/Customer Projects/Paymentology/export-script/export/pages/companion-api/reports/failed-transaction-report.md,Unknown error,image-replacement,N/A,N/A,Failed-transaction-report1-1.png,https://developer.sprint.paymentology.com/wp-content/uploads/2021/10/Failed-transaction-report1-1.png
/Users/jim/Customer Projects/Paymentology/Migrated/production-sprint-public-d7dfce0ae80328e8af51/docs/companion-api/reports/forex-gains-report.md,/Users/jim/Customer Projects/Paymentology/export-script/export/pages/companion-api/reports/forex-gains-report.md,"Unexpected closing slash `/` in tag, expected an open tag first",mdx-parse-error,7,"original_path: ""companion-api/reports""
---
<div className=""block translation current highlight"" data-element=""para"" data-attr-xinfo-text=""10765"">If you’re marking up a transaction with a forex fee, you’ll receive a report each day showing the FX amount that you earned as revenue for the day.</div>
<div className=""block translation current highlight"" data-element=""para"" data-attr-xinfo-text=""10765"">You can access this report by making an HTTP GET request and downloading it.</div>
<div className=""placeholder"">​</div>",N/A,N/A
/Users/jim/Customer Projects/Paymentology/Migrated/production-sprint-public-d7dfce0ae80328e8af51/docs/companion-api/reports/forex-gains-report.md,/Users/jim/Customer Projects/Paymentology/export-script/export/pages/companion-api/reports/forex-gains-report.md,Unknown error,image-replacement,N/A,N/A,Forex-Gains1.png,https:developer.sprint.paymentology.com/wp-content/uploads/2021/10/Forex-Gains1.png
/Users/jim/Customer Projects/Paymentology/Migrated/production-sprint-public-d7dfce0ae80328e8af51/docs/companion-api/reports/google-pay-monthly-report-1.md,/Users/jim/Customer Projects/Paymentology/export-script/export/pages/companion-api/reports/google-pay-monthly-report.md,"Unexpected closing slash `/` in tag, expected an open tag first",mdx-parse-error,7,"original_path: ""companion-api/reports""
---
<p>A report which provides detailed information about cards that were tokenised to a Google Pay wallet within a given month. Client’s can use the data from this report to fulfil their Google Pay reporting requirements.</p>
<p>The report includes the following details:</p>
<ul>",N/A,N/A
/Users/jim/Customer Projects/Paymentology/Migrated/production-sprint-public-d7dfce0ae80328e8af51/docs/companion-api/reports/google-pay-monthly-report-1.md,/Users/jim/Customer Projects/Paymentology/export-script/export/pages/companion-api/reports/google-pay-monthly-report.md,Unknown error,image-replacement,N/A,N/A,CampaignName_googlepay_monthlyreport_MMM-YYYY-.png,https:developer.sprint.paymentology.com/wp-content/uploads/2023/12/CampaignName_googlepay_monthlyreport_MMM-YYYY-.png
/Users/jim/Customer Projects/Paymentology/Migrated/production-sprint-public-d7dfce0ae80328e8af51/docs/companion-api/reports/inactive-cards-report-1.md,/Users/jim/Customer Projects/Paymentology/export-script/export/pages/companion-api/reports/inactive-cards-report.md,"Unexpected closing slash `/` in tag, expected an open tag first",mdx-parse-error,7,"original_path: ""companion-api/reports""
---
<p data-pm-slice=""1 3 []"">This report provides client’s with a list of inactive cards across their campaign. This allows client’s to better manage their campaign’s and internal reporting requirements.</p>
<p>The report includes the following details:</p>
<ul>",N/A,N/A
/Users/jim/Customer Projects/Paymentology/Migrated/production-sprint-public-d7dfce0ae80328e8af51/docs/companion-api/reports/inactive-cards-report-1.md,/Users/jim/Customer Projects/Paymentology/export-script/export/pages/companion-api/reports/inactive-cards-report.md,Unknown error,image-replacement,N/A,N/A,InactiveCards_CampaignName_YYYY-MM-DD-YYYY-MM-DD-.png,https:developer.sprint.paymentology.com/wp-content/uploads/2023/12/InactiveCards_CampaignName_YYYY-MM-DD-YYYY-MM-DD-.png
/Users/jim/Customer Projects/Paymentology/Migrated/production-sprint-public-d7dfce0ae80328e8af51/docs/companion-api/reports/index.md,/Users/jim/Customer Projects/Paymentology/export-script/export/pages/companion-api/reports/index.md,"Unexpected closing slash `/` in tag, expected an open tag first",mdx-parse-error,7,"original_path: ""companion-api""
---
<div className=""block translation current highlight"" data-element=""para"" data-attr-xinfo-text=""10735"">
<p><strong>Paymentology provides end-to-end reporting and reconciliation capabilities to allow you to track all the financial movements, revenues collected, failed transactions, and more.</strong></p>
</div>",N/A,N/A
/Users/jim/Customer Projects/Paymentology/Migrated/production-sprint-public-d7dfce0ae80328e8af51/docs/companion-api/reports/linked-cards-report-1.md,/Users/jim/Customer Projects/Paymentology/export-script/export/pages/companion-api/reports/linked-cards-report.md,"Unexpected closing slash `/` in tag, expected an open tag first",mdx-parse-error,7,"original_path: ""companion-api/reports""
---
<p>This report lists the cards that have been linked to a customer and when this occurred.</p>
<p>The report includes the following details:</p>
<ul>",N/A,N/A
/Users/jim/Customer Projects/Paymentology/Migrated/production-sprint-public-d7dfce0ae80328e8af51/docs/companion-api/reports/linked-cards-report-1.md,/Users/jim/Customer Projects/Paymentology/export-script/export/pages/companion-api/reports/linked-cards-report.md,Unknown error,image-replacement,N/A,N/A,CampaignName_Linked_Cards_YYYYMMDD-.png,https:developer.sprint.paymentology.com/wp-content/uploads/2023/12/CampaignName_Linked_Cards_YYYYMMDD-.png
/Users/jim/Customer Projects/Paymentology/Migrated/production-sprint-public-d7dfce0ae80328e8af51/docs/companion-api/reports/mark-off-file-1.md,/Users/jim/Customer Projects/Paymentology/export-script/export/pages/companion-api/reports/mark-off-file.md,Expected a closing tag for `<li>` (17:1-17:5) before the end of `paragraph`,mdx-parse-error,7,"original_path: ""companion-api/reports""
---
<div className=""block translation current highlight"" data-element=""para"" data-attr-xinfo-text=""10745"">
<p>This file contains a record of all successful transactions that Paymentology processes on behalf of a store of value like a wallet or a bank account. It includes the financial transactions between a store of value and Paymentology.Paymentology generates the Mark-off file daily at midnight in your local time zone. The file matches a report from a store of value for all successfully processed transactions.</p>
<p>Ideally, the Mark-off file report and the store of value report should be in sync each day as the systems mirror one another. In case of any discrepancy, you should log a ticket via your Zendesk Portal. Select the *<strong data-renderer-mark=""true"">Report a Service Incident</strong>* form, and then choose *<strong data-renderer-mark=""true"">Reporting</strong>* and *<strong data-renderer-mark=""true"">Discrepancy</strong>* under the Request type, indicate the file’s date and the transaction in question. We’ll promptly address the issue.</p>",N/A,N/A
/Users/jim/Customer Projects/Paymentology/Migrated/production-sprint-public-d7dfce0ae80328e8af51/docs/companion-api/reports/mark-off-file-1.md,/Users/jim/Customer Projects/Paymentology/export-script/export/pages/companion-api/reports/mark-off-file.md,Unknown error,image-replacement,N/A,N/A,Mark-Off-report-Companion-final.png,https:developer.sprint.paymentology.com/wp-content/uploads/2021/10/Mark-Off-report-Companion-final.png
/Users/jim/Customer Projects/Paymentology/Migrated/production-sprint-public-d7dfce0ae80328e8af51/docs/companion-api/reports/qmr-data-report-1.md,/Users/jim/Customer Projects/Paymentology/export-script/export/pages/companion-api/reports/qmr-data-report.md,"Unexpected closing slash `/` in tag, expected an open tag first",mdx-parse-error,7,"original_path: ""companion-api/reports""
---
<p>Paymentology’s QMR (Quarterly Mastercard Report) data report contains transaction data and card/account data for the given quarter. The report can be provided to clients using Mastercard, to assist clients with their Mastercard quarterly reporting requirements.</p>
<p>The report includes the following:</p>
<h3>Cardholder activity</h3>",N/A,N/A
/Users/jim/Customer Projects/Paymentology/Migrated/production-sprint-public-d7dfce0ae80328e8af51/docs/companion-api/reports/qvr-data-report-1.md,/Users/jim/Customer Projects/Paymentology/export-script/export/pages/companion-api/reports/qvr-data-report.md,"Unexpected closing slash `/` in tag, expected an open tag first",mdx-parse-error,7,"original_path: ""companion-api/reports""
---
<p>The QVR data report can be provided to clients using Visa. It contains data to assist clients with their Visa quarterly reporting requirements. The report includes the following:</p>
<h3>Category definitions</h3>
<ul>",N/A,N/A
/Users/jim/Customer Projects/Paymentology/Migrated/production-sprint-public-d7dfce0ae80328e8af51/docs/companion-api/reports/summary-settlement-report.md,/Users/jim/Customer Projects/Paymentology/export-script/export/pages/companion-api/reports/summary-settlement-report.md,"Unexpected closing tag `</p>`, expected corresponding closing tag for `<div>` (7:1-7:103)",mdx-parse-error,7,"original_path: ""companion-api/reports""
---
<div className=""block translation current highlight"" data-element=""para"" data-attr-xinfo-text=""10752"">This gives a daily summary of all the transactions settled by the card association. Paymentology gathers the information from the card association file and packages it into a summary report.It is a report where you can find a summary of transaction types, the number of transactions that have been settled for the day, fees and interchanges earned.</p>
<p>The summary Settlement Report includes a separate tab for each currency you decide to settle in.</p>
<p><b>Note:</b> If the client chooses to settle in one currency, then both domestic and international settlements will fall under one tab.</p>",N/A,N/A
/Users/jim/Customer Projects/Paymentology/Migrated/production-sprint-public-d7dfce0ae80328e8af51/docs/companion-api/reports/summary-settlement-report.md,/Users/jim/Customer Projects/Paymentology/export-script/export/pages/companion-api/reports/summary-settlement-report.md,Unknown error,image-replacement,N/A,N/A,summary-Settlement-report-final1.png,https:developer.sprint.paymentology.com/wp-content/uploads/2021/10/summary-Settlement-report-final1.png
/Users/jim/Customer Projects/Paymentology/Migrated/production-sprint-public-d7dfce0ae80328e8af51/docs/companion-api/reports/unsettled-transactions-report-2.md,/Users/jim/Customer Projects/Paymentology/export-script/export/pages/companion-api/reports/unsettled-transactions-report-2.md,Expected a closing tag for `<li>` (18:1-18:5) before the end of `paragraph`,mdx-parse-error,7,"original_path: ""companion-api/reports""
---
<p>This report provides client’s with a full list of unsettled transactions, it assists with overall reconciliation.</p>
<p>There are two versions of this report available:</p>
<p><a href=""#UTRV1"">Version 1.0</a></p>",N/A,N/A
/Users/jim/Customer Projects/Paymentology/Migrated/production-sprint-public-d7dfce0ae80328e8af51/docs/companion-api/reports/unsettled-transactions-report-2.md,/Users/jim/Customer Projects/Paymentology/export-script/export/pages/companion-api/reports/unsettled-transactions-report-2.md,Unknown error,image-replacement,N/A,N/A,CampaignName_UnsettledTransactionReport_YYYYMMDD-.png,https:developer.sprint.paymentology.com/wp-content/uploads/2023/12/CampaignName_UnsettledTransactionReport_YYYYMMDD-.png
/Users/jim/Customer Projects/Paymentology/Migrated/production-sprint-public-d7dfce0ae80328e8af51/docs/companion-api/reports/vau-transaction-report-1.md,/Users/jim/Customer Projects/Paymentology/export-script/export/pages/companion-api/reports/vau-transaction-report.md,"Unexpected closing slash `/` in tag, expected an open tag first",mdx-parse-error,7,"original_path: ""companion-api/reports""
---
<p>The purpose of this report is to send to the client the transactions that are still being made to a certain card that was already sent to VISA via the VAU file.</p>
<p data-renderer-start-pos=""241"">So for example if a card was sent to VISA in a VAU file on the date <span className=""date-lozenger-container""><span className=""date-node"" data-node-type=""date"" data-timestamp=""1694995200000"">Sep 18, 2023</span></span> and transactions are still happening after the file was generated the card will be on the report.</p>
<p>The VAU Transaction Report has the following fields:</p>",N/A,N/A
/Users/jim/Customer Projects/Paymentology/Migrated/production-sprint-public-d7dfce0ae80328e8af51/docs/companion-api/secure-apis.md,/Users/jim/Customer Projects/Paymentology/export-script/export/pages/companion-api/secure-apis.md,"Unexpected closing tag `</p>`, expected corresponding closing tag for `<br>` (44:162-44:167)",mdx-parse-error,7,"original_path: ""companion-api""
---
<p>In the payment industry sensitive data has a real importance. Confidentiality of the sensitive data is important even while processing transactions and should be kept private (encrypted).</p>
<p>To achieve this we offer Secure API methods to support end to end encryption of data.</p>
<p><span style={{color: ""#ff0000""}}><strong>IMPORTANT:</strong></span> <span style={{color: ""#000000""}}>Specific campaign settings are required for these Secure API’s. To have these enabled, please reach out to your Client Executive or lodge a request via our <a href=""https:support.paymentology.com/"">Customer Support Platform</a>.</span></p>",N/A,N/A
/Users/jim/Customer Projects/Paymentology/Migrated/production-sprint-public-d7dfce0ae80328e8af51/docs/companion-api/secure-cards/index.md,/Users/jim/Customer Projects/Paymentology/export-script/export/pages/companion-api/secure-cards/index.md,"Unexpected closing slash `/` in tag, expected an open tag first",mdx-parse-error,7,"original_path: ""companion-api""
---
<div className=""block translation current highlight"" data-element=""para"" data-attr-xinfo-text=""10605"">
<p><strong>The Paymentology Sprint Companion API allows you to secure your cards and ensure the safety of transactions.</strong></p>
</div>",N/A,N/A
/Users/jim/Customer Projects/Paymentology/Migrated/production-sprint-public-d7dfce0ae80328e8af51/docs/companion-api/secure-cards/offline-pin-1.md,/Users/jim/Customer Projects/Paymentology/export-script/export/pages/companion-api/secure-cards/offline-pin.md,"Unexpected closing slash `/` in tag, expected an open tag first",mdx-parse-error,7,"original_path: ""companion-api/secure-cards""
---
<p>Offline PIN is a card verification method used for EMV chip cards as the PIN is stored on the chip. This means that cardholder verification can occur even if a POS terminal is not connected to a network.</p>

<p>The way the offline PIN transactions differ from online PIN transactions is with online PIN, the PIN is encrypted and sent to Paymentology in an ISO message however with offline PIN transactions, we use different cardholder verification methods and checks to validate the transaction.</p>",N/A,N/A
/Users/jim/Customer Projects/Paymentology/Migrated/production-sprint-public-d7dfce0ae80328e8af51/docs/companion-api/settlement-and-reconciliation.md,/Users/jim/Customer Projects/Paymentology/export-script/export/pages/companion-api/settlement-and-reconciliation.md,"Unexpected closing slash `/` in tag, expected an open tag first",mdx-parse-error,7,"original_path: ""companion-api""
---
<p><strong>Reconciliation is the process of matching transactions reported by Paymentology to the transactions recorded on the wallet platform to ensure that the amount settled by the card scheme is accurate.</strong></p>

<h1><a id=""authorization""></a>Authorization reconciliation process</h1>",N/A,N/A
/Users/jim/Customer Projects/Paymentology/Migrated/production-sprint-public-d7dfce0ae80328e8af51/docs/companion-api/settlement-and-reconciliation.md,/Users/jim/Customer Projects/Paymentology/export-script/export/pages/companion-api/settlement-and-reconciliation.md,Unknown error,image-replacement,N/A,N/A,Dual-message-settlement-process.png,https:developer.sprint.paymentology.com/wp-content/uploads/2024/07/Dual-message-settlement-process.png
/Users/jim/Customer Projects/Paymentology/Migrated/production-sprint-public-d7dfce0ae80328e8af51/docs/companion-api/settlement-and-reconciliation.md,/Users/jim/Customer Projects/Paymentology/export-script/export/pages/companion-api/settlement-and-reconciliation.md,Unknown error,image-replacement,N/A,N/A,Forex-fluctuation-v2.png,https:developer.sprint.paymentology.com/wp-content/uploads/2023/03/Forex-fluctuation-v2.png
/Users/jim/Customer Projects/Paymentology/Migrated/production-sprint-public-d7dfce0ae80328e8af51/docs/companion-api/tokenization2/index.md,/Users/jim/Customer Projects/Paymentology/export-script/export/pages/companion-api/tokenization2/index.md,"Unexpected closing slash `/` in tag, expected an open tag first",mdx-parse-error,7,"original_path: ""companion-api""
---
<p><span style={{fontWeight: ""400""}}>Tokenization is the process of substituting the card’s sensitive data, such as an account number, with non-sensitive, surrogate data, called a token. The PAN (Primary Account Number) is usually replaced with a unique string of numbers that acts as a secure reference to the card. </span></p>
<p><span style={{fontWeight: ""400""}}>Only the token is provided when a payment transaction is initiated, without revealing the original card details. This desensitization greatly improves the security of transactions. </span></p>
<p><span style={{fontWeight: ""400""}}>The Sprint platform allows you to take advantage of the tokenization technology—both by facilitating the provisioning of the cards and by providing control over the token lifecycle management process. With an existing virtual or physical card that has been issued by Paymentology, enabling card tokenization becomes easier.</span></p>",N/A,N/A
/Users/jim/Customer Projects/Paymentology/Migrated/production-sprint-public-d7dfce0ae80328e8af51/docs/companion-api/tokenization2/token-lifecycle-management.md,/Users/jim/Customer Projects/Paymentology/export-script/export/pages/companion-api/tokenization2/token-lifecycle-management.md,"Unexpected closing slash `/` in tag, expected an open tag first",mdx-parse-error,7,"original_path: ""companion-api/tokenization2""
---
<p>Token lifecycle management refers to handling the different states of the token, from creation to expiry. All tokens have a lifecycle; that is, the series of events happening from the date of creation to the expiry date when they’re no longer valid. The expiry date is usually linked to the expiry date of the full PAN that was used for provisioning.</p>
<p>Token lifecycle management involves passing messages between Paymentology and MDES that notify the client of the following token events:</p>
<ul>",N/A,N/A
/Users/jim/Customer Projects/Paymentology/Migrated/production-sprint-public-d7dfce0ae80328e8af51/docs/companion-api/tokenization2/token-lifecycle-management.md,/Users/jim/Customer Projects/Paymentology/export-script/export/pages/companion-api/tokenization2/token-lifecycle-management.md,Unknown error,image-replacement,N/A,N/A,Token-life-cycle-management-v2.png,https:developer.sprint.paymentology.com/wp-content/uploads/2023/03/Token-life-cycle-management-v2.png
/Users/jim/Customer Projects/Paymentology/Migrated/production-sprint-public-d7dfce0ae80328e8af51/docs/companion-api/tokenization2/token-payments.md,/Users/jim/Customer Projects/Paymentology/export-script/export/pages/companion-api/tokenization2/token-payments.md,"Unexpected closing slash `/` in tag, expected an open tag first",mdx-parse-error,7,"original_path: ""companion-api/tokenization2""
---
<p>Today, digital devices are an increasingly popular way of making payments. Mobile phones, smartwatches, tablets, and other smart devices rely on tokenization to ensure payments are fast, simple, and secure.</p>
<p>Consumers usually set up digital wallets, such as Apple Pay or Google Pay, on these devices to enable them to make payments. The digital wallets usually contain the bank details associated with their debit cards and credit cards. So, instead of using physical cards for paying for things, they can conveniently complete transactions via their digital devices.</p>
<p>Digital wallet payments are supported by something called Near-Field Communication (NFC) technology. NFC, also known as contactless, is a set of communication protocols that allow two electronic devices to exchange data over a distance of 4 centimeters (about 2 inches) or less. One of the electronic devices is usually a portable device, such as a smartphone; the other is an NFC-enabled point of sale device.</p>",N/A,N/A
/Users/jim/Customer Projects/Paymentology/Migrated/production-sprint-public-d7dfce0ae80328e8af51/docs/companion-api/tokenization2/token-processing.md,/Users/jim/Customer Projects/Paymentology/export-script/export/pages/companion-api/tokenization2/token-processing.md,"Unexpected closing slash `/` in tag, expected an open tag first",mdx-parse-error,7,"original_path: ""companion-api/tokenization2""
---
<p>Processing a transaction using a token basically follows these steps:</p>
<p>(We’ll assume that the card’s data has already been provisioned)</p>
<p>**Tokenization-Flow_01.png IMAGE GOES HERE.**</p>",N/A,N/A
/Users/jim/Customer Projects/Paymentology/Migrated/production-sprint-public-d7dfce0ae80328e8af51/docs/companion-api/tokenization2/token-processing.md,/Users/jim/Customer Projects/Paymentology/export-script/export/pages/companion-api/tokenization2/token-processing.md,Unknown error,image-replacement,N/A,N/A,Tokenization-Flow_01.png,https:developer.sprint.paymentology.com/wp-content/uploads/2021/01/Tokenization-Flow_01.png
/Users/jim/Customer Projects/Paymentology/Migrated/production-sprint-public-d7dfce0ae80328e8af51/docs/companion-api/tokenization2/token-provisioning.md,/Users/jim/Customer Projects/Paymentology/export-script/export/pages/companion-api/tokenization2/token-provisioning.md,"Unexpected closing slash `/` in tag, expected an open tag first",mdx-parse-error,7,"original_path: ""companion-api/tokenization2""
---
<p>Provisioning is the process whereby a payment service provider (token requester) asks for a token to be created for a PAN.</p>
<p>Provisioning basically follows these steps:</p>
<p>**Tokenization-Flow_02-v2.png IMAGE GOES HERE.**</p>",N/A,N/A
/Users/jim/Customer Projects/Paymentology/Migrated/production-sprint-public-d7dfce0ae80328e8af51/docs/companion-api/tokenization2/token-provisioning.md,/Users/jim/Customer Projects/Paymentology/export-script/export/pages/companion-api/tokenization2/token-provisioning.md,Unknown error,image-replacement,N/A,N/A,Tokenization-Flow_02-v2.png,https:developer.sprint.paymentology.com/wp-content/uploads/2023/03/Tokenization-Flow_02-v2.png
/Users/jim/Customer Projects/Paymentology/Migrated/production-sprint-public-d7dfce0ae80328e8af51/docs/companion-api/tokenization2/token-provisioning.md,/Users/jim/Customer Projects/Paymentology/export-script/export/pages/companion-api/tokenization2/token-provisioning.md,Unknown error,image-replacement,N/A,N/A,MDES-Push-provisioning1-v2.png,https:developer.sprint.paymentology.com/wp-content/uploads/2023/03/MDES-Push-provisioning1-v2.png
/Users/jim/Customer Projects/Paymentology/Migrated/production-sprint-public-d7dfce0ae80328e8af51/docs/companion-api/tokenization2/token-provisioning.md,/Users/jim/Customer Projects/Paymentology/export-script/export/pages/companion-api/tokenization2/token-provisioning.md,Unknown error,image-replacement,N/A,N/A,Mdes-Manual-provisioning-v2.png,https:developer.sprint.paymentology.com/wp-content/uploads/2023/03/Mdes-Manual-provisioning-v2.png
/Users/jim/Customer Projects/Paymentology/Migrated/production-sprint-public-d7dfce0ae80328e8af51/docs/companion-api/tokenization2/visa-token-provisioning.md,/Users/jim/Customer Projects/Paymentology/export-script/export/pages/companion-api/tokenization2/visa-token-provisioning.md,"Unexpected closing slash `/` in tag, expected an open tag first",mdx-parse-error,7,"original_path: ""companion-api/tokenization2""
---
<p><span style={{fontWeight: ""400""}}>The Visa Token Service (VTS) is a Visa-powered security technology that substitutes sensitive account data, such as the 16-digit account number, with a unique token that safeguards the underlying card details from being compromised. This greatly improves the security of digital transactions and provides customers with a seamless purchasing experience.  </span></p>
<p><span style={{fontWeight: ""400""}}>Paymentology supports the Visa’s tokenization technology. We have leveraged VTS to offer our clients with simple, fast and secure token management services.</span></p>
<p><span style={{fontWeight: ""400""}}>We use VTS to generate and provision the tokens. Token provisioning refers to the process of creating a token and incorporating it on the digital wallet so that it can be used for making payments conveniently.</span></p>",N/A,N/A
/Users/jim/Customer Projects/Paymentology/Migrated/production-sprint-public-d7dfce0ae80328e8af51/docs/get-started/ask-ai.md,/Users/jim/Customer Projects/Paymentology/export-script/export/pages/get-started/ask-ai.md,Expected a closing tag for `<li>` (29:1-29:5) before the end of `paragraph`,mdx-parse-error,7,"original_path: ""get-started""
---
<p>Ask AI is an AI bot trained on our documentation and API specifications. Seamlessly embedded in our Developer Portal, Ask AI provides a single destination to get your questions answered and uncover documentation insights.</p>

<h2>What can Ask AI do?</h2>",N/A,N/A
/Users/jim/Customer Projects/Paymentology/Migrated/production-sprint-public-d7dfce0ae80328e8af51/docs/get-started/ask-ai.md,/Users/jim/Customer Projects/Paymentology/export-script/export/pages/get-started/ask-ai.md,Unknown error,image-replacement,N/A,N/A,Sprint-chat-example-e1743472176526.png,https:developer.sprint.paymentology.com/wp-content/uploads/2025/04/Sprint-chat-example-e1743472176526.png
/Users/jim/Customer Projects/Paymentology/Migrated/production-sprint-public-d7dfce0ae80328e8af51/docs/get-started/ask-ai.md,/Users/jim/Customer Projects/Paymentology/export-script/export/pages/get-started/ask-ai.md,Unknown error,image-replacement,N/A,N/A,Sprint-search-example-e1743472098983.png,https:developer.sprint.paymentology.com/wp-content/uploads/2025/04/Sprint-search-example-e1743472098983.png
/Users/jim/Customer Projects/Paymentology/Migrated/production-sprint-public-d7dfce0ae80328e8af51/docs/get-started/ask-ai.md,/Users/jim/Customer Projects/Paymentology/export-script/export/pages/get-started/ask-ai.md,Unknown error,image-replacement,N/A,N/A,Sprint-feedback-buttons-1-e1743472145749.png,https:developer.sprint.paymentology.com/wp-content/uploads/2025/04/Sprint-feedback-buttons-1-e1743472145749.png
/Users/jim/Customer Projects/Paymentology/Migrated/production-sprint-public-d7dfce0ae80328e8af51/docs/get-started/client-card-program.md,/Users/jim/Customer Projects/Paymentology/export-script/export/pages/get-started/client-card-program.md,"Unexpected closing tag `</span>`, expected corresponding closing tag for `<br>` (12:53-12:58)",mdx-parse-error,7,"original_path: ""get-started""
---
<p><span style={{fontWeight: ""400""}}>On the Paymentology Sprint platform, we use an internal Client Management System to manage the various settings associated with clients’ card programs. This software allows Client Executives, who are responsible for clients’ accounts, to set up configurations that relate to the products we sell to our clients. </span></p>
<p><span style={{fontWeight: ""400""}}>It’s how we track the various settings pertaining to how the stated card program works so that we can provide a seamless client experience.</span></p>
<p><span style={{fontWeight: ""400""}}>The Client Executives use the information that clients provide on the Client Product Checklist form to select their appropriate card schemes, products and card program features. </span></p>",N/A,N/A
/Users/jim/Customer Projects/Paymentology/Migrated/production-sprint-public-d7dfce0ae80328e8af51/docs/get-started/client-card-program.md,/Users/jim/Customer Projects/Paymentology/export-script/export/pages/get-started/client-card-program.md,Unknown error,image-replacement,N/A,N/A,Campaigns.png,https:developer.sprint.paymentology.com/wp-content/uploads/2021/09/Campaigns.png
/Users/jim/Customer Projects/Paymentology/Migrated/production-sprint-public-d7dfce0ae80328e8af51/docs/get-started/client-testing-guide.md,/Users/jim/Customer Projects/Paymentology/export-script/export/pages/get-started/client-testing-guide.md,"Unexpected closing tag `</b>`, expected corresponding closing tag for `<br>` (30:63-30:68)",mdx-parse-error,7,"original_path: ""get-started""
---
<h2>How to start testing</h2>
<p><span style={{fontWeight: ""400""}}>Testing with Paymentology’s Sprint platform is easy. By following the steps below you can safely try out our API functionality:</span></p>
<ol>",N/A,N/A
/Users/jim/Customer Projects/Paymentology/Migrated/production-sprint-public-d7dfce0ae80328e8af51/docs/get-started/fraud.md,/Users/jim/Customer Projects/Paymentology/export-script/export/pages/get-started/fraud.md,"Unexpected closing slash `/` in tag, expected an open tag first",mdx-parse-error,7,"original_path: ""get-started""
---
<p><span style={{fontWeight: ""400""}}>Paymentology provides a number of advanced fraud prevention and risk control mechanisms that ensure transactions are secure and trusted. These anti-fraud techniques allow you to build a robust and efficient payment system that protects your customers and ensures business success.  </span></p>
<p><span style={{fontWeight: ""400""}}>Let’s look at the fraud control measures.</span></p>
",N/A,N/A
/Users/jim/Customer Projects/Paymentology/Migrated/production-sprint-public-d7dfce0ae80328e8af51/docs/get-started/glossary.md,/Users/jim/Customer Projects/Paymentology/export-script/export/pages/get-started/glossary.md,"Unexpected closing slash `/` in tag, expected an open tag first",mdx-parse-error,7,"original_path: ""get-started""
---
<p>This page is a summary of terms and acronyms frequently used throughout the documentation.</p>

</p>",N/A,N/A
/Users/jim/Customer Projects/Paymentology/Migrated/production-sprint-public-d7dfce0ae80328e8af51/docs/get-started/index.md,/Users/jim/Customer Projects/Paymentology/export-script/export/pages/get-started/index.md,"Unexpected closing slash `/` in tag, expected an open tag first",mdx-parse-error,7,"---

<h2>Our API’s</h2>
<p><span style={{fontSize: ""22px""}}><strong>We offer three simple and distinct APIs:</strong></span></p>
",N/A,N/A
/Users/jim/Customer Projects/Paymentology/Migrated/production-sprint-public-d7dfce0ae80328e8af51/docs/get-started/our-apis.md,/Users/jim/Customer Projects/Paymentology/export-script/export/pages/get-started/our-apis.md,"Unexpected closing slash `/` in tag, expected an open tag first",mdx-parse-error,7,"original_path: ""get-started""
---
<p><strong>Paymentology’s Sprint product provides simple, seamless, and scalable API integration solutions that enable quick and easy implementation and management of your card programs. We act as a payment enabler between card schemes like Mastercard, Visa, and Union Pay and your closed-loop wallet platform. Through our APIs, we are able to connect you with the card scheme of your choice, shielding you from all the complexities necessary for direct integration, so that you can focus on your business.</strong></p>

<p>We offer four main APIs:</p>",N/A,N/A
/Users/jim/Customer Projects/Paymentology/Migrated/production-sprint-public-d7dfce0ae80328e8af51/docs/get-started/security.md,/Users/jim/Customer Projects/Paymentology/export-script/export/pages/get-started/security.md,"Unexpected closing tag `</div>`, expected corresponding closing tag for `<br>` (22:304-22:309)",mdx-parse-error,7,"original_path: ""get-started""
---
<p><b>Security is central to everything we do at Paymentology</b></p>
<p><span style={{fontWeight: ""400""}}>These are the measures Paymentology implements to ensure the <span style={{color: ""#79dbbf""}}>security</span> of  Sprint’s API services:</span></p>
<p> </p>",N/A,N/A
/Users/jim/Customer Projects/Paymentology/Migrated/production-sprint-public-d7dfce0ae80328e8af51/docs/get-started/testing.md,/Users/jim/Customer Projects/Paymentology/export-script/export/pages/get-started/testing.md,"Unexpected closing tag `</h2>`, expected corresponding closing tag for `<h3>` (20:1-20:5)",mdx-parse-error,7,"original_path: ""get-started""
---
<p><strong>To facilitate easier API integrations, Paymentology provides two integration environments: test environment and live environment.</strong></p>

<h2>​i) Test integration environment</h2>",N/A,N/A
/Users/jim/Customer Projects/Paymentology/Migrated/production-sprint-public-d7dfce0ae80328e8af51/docs/profile-api-reference/activate.md,/Users/jim/Customer Projects/Paymentology/export-script/export/pages/profile-api-reference/activate.md,"Unexpected closing slash `/` in tag, expected an open tag first",mdx-parse-error,7,"original_path: ""profile-api-reference""
---
<p>Activate a card.</p>

#### Path parameters",N/A,N/A
/Users/jim/Customer Projects/Paymentology/Migrated/production-sprint-public-d7dfce0ae80328e8af51/docs/profile-api-reference/activatetoken-2.md,/Users/jim/Customer Projects/Paymentology/export-script/export/pages/profile-api-reference/activatetoken.md,"Unexpected closing tag `</p>`, expected corresponding closing tag for `<br>` (18:144-18:149)",mdx-parse-error,7,"original_path: ""profile-api-reference""
---
<p>Used to activate a token for a digitization that has been approved and provisioned, but requires additional cardholder authentication prior to activation.</p>

#### Path parameters",N/A,N/A
/Users/jim/Customer Projects/Paymentology/Migrated/production-sprint-public-d7dfce0ae80328e8af51/docs/profile-api-reference/allocatecard.md,/Users/jim/Customer Projects/Paymentology/export-script/export/pages/profile-api-reference/allocatecard.md,"Unexpected closing slash `/` in tag, expected an open tag first",mdx-parse-error,7,"original_path: ""profile-api-reference""
---
<p>Allocate a card to a bearer.</p>

#### Path parameters",N/A,N/A
/Users/jim/Customer Projects/Paymentology/Migrated/production-sprint-public-d7dfce0ae80328e8af51/docs/profile-api-reference/allocatecreatevirtualcard.md,/Users/jim/Customer Projects/Paymentology/export-script/export/pages/profile-api-reference/allocatecreatevirtualcard.md,"Unexpected closing slash `/` in tag, expected an open tag first",mdx-parse-error,7,"original_path: ""profile-api-reference""
---
<p>Create a virtual card with specified amount loaded, linked to the specified profile and allocated to a cardholder with specified details.</p>

#### Path parameters",N/A,N/A
/Users/jim/Customer Projects/Paymentology/Migrated/production-sprint-public-d7dfce0ae80328e8af51/docs/profile-api-reference/allocateiban.md,/Users/jim/Customer Projects/Paymentology/export-script/export/pages/profile-api-reference/allocateiban.md,"Unexpected closing tag `</p>`, expected corresponding closing tag for `<br>` (120:106-120:111)",mdx-parse-error,7,"original_path: ""profile-api-reference""
---
<p>Allocate an IBAN [Account Number] for a card linked to the specified profile.</p>

#### Path parameters",N/A,N/A
/Users/jim/Customer Projects/Paymentology/Migrated/production-sprint-public-d7dfce0ae80328e8af51/docs/profile-api-reference/balance-1.md,/Users/jim/Customer Projects/Paymentology/export-script/export/pages/profile-api-reference/balance.md,"Unexpected closing slash `/` in tag, expected an open tag first",mdx-parse-error,7,"original_path: ""profile-api-reference""
---
<p className=""method"">Retrieve the balance of a card.</p>

#### Path parameters",N/A,N/A
/Users/jim/Customer Projects/Paymentology/Migrated/production-sprint-public-d7dfce0ae80328e8af51/docs/profile-api-reference/calculatetav-2.md,/Users/jim/Customer Projects/Paymentology/export-script/export/pages/profile-api-reference/calculatetav-2.md,"Unexpected closing tag `</p>`, expected corresponding closing tag for `<br>` (99:239-99:244)",mdx-parse-error,7,"original_path: ""profile-api-reference""
---
<p>This API is used to create Token Authentication value (TAV)</p>

#### Path parameters",N/A,N/A
/Users/jim/Customer Projects/Paymentology/Migrated/production-sprint-public-d7dfce0ae80328e8af51/docs/profile-api-reference/cancelscheduledstop.md,/Users/jim/Customer Projects/Paymentology/export-script/export/pages/profile-api-reference/cancelscheduledstop.md,"Unexpected closing slash `/` in tag, expected an open tag first",mdx-parse-error,7,"original_path: ""profile-api-reference""
---
<p className=""method"">Cancels an existing scheduled stop. Will return an error if there is no scheduled stop for this card.</p>

#### Path parameters",N/A,N/A
/Users/jim/Customer Projects/Paymentology/Migrated/production-sprint-public-d7dfce0ae80328e8af51/docs/profile-api-reference/cancelstopcard.md,/Users/jim/Customer Projects/Paymentology/export-script/export/pages/profile-api-reference/cancelstopcard.md,"Unexpected closing slash `/` in tag, expected an open tag first",mdx-parse-error,7,"original_path: ""profile-api-reference""
---
<p>Un-stop a card</p>

#### Path parameters",N/A,N/A
/Users/jim/Customer Projects/Paymentology/Migrated/production-sprint-public-d7dfce0ae80328e8af51/docs/profile-api-reference/carddetail-1.md,/Users/jim/Customer Projects/Paymentology/export-script/export/pages/profile-api-reference/carddetail.md,"Unexpected closing slash `/` in tag, expected an open tag first",mdx-parse-error,7,"original_path: ""profile-api-reference""
---
<p>Returns details regarding the created virtual card.</p>

#### Path parameters",N/A,N/A
/Users/jim/Customer Projects/Paymentology/Migrated/production-sprint-public-d7dfce0ae80328e8af51/docs/profile-api-reference/changepin-2.md,/Users/jim/Customer Projects/Paymentology/export-script/export/pages/profile-api-reference/changepin.md,"Unexpected closing slash `/` in tag, expected an open tag first",mdx-parse-error,7,"original_path: ""profile-api-reference""
---
<p>Change the pin on the card associated with the customer reference and tracking number</p>

#### Path parameters",N/A,N/A
/Users/jim/Customer Projects/Paymentology/Migrated/production-sprint-public-d7dfce0ae80328e8af51/docs/profile-api-reference/checkauthorisation.md,/Users/jim/Customer Projects/Paymentology/export-script/export/pages/profile-api-reference/checkauthorisation.md,"Unexpected closing slash `/` in tag, expected an open tag first",mdx-parse-error,7,"original_path: ""profile-api-reference""
---
<p>Provides a method to check if the specified amount was deducted from a card.</p>

#### Path parameters",N/A,N/A
/Users/jim/Customer Projects/Paymentology/Migrated/production-sprint-public-d7dfce0ae80328e8af51/docs/profile-api-reference/checkload.md,/Users/jim/Customer Projects/Paymentology/export-script/export/pages/profile-api-reference/checkload.md,"Unexpected closing slash `/` in tag, expected an open tag first",mdx-parse-error,7,"original_path: ""profile-api-reference""
---
<p>Provides a method to check if the specified amount was loaded on a card.</p>

#### Path parameters",N/A,N/A
/Users/jim/Customer Projects/Paymentology/Migrated/production-sprint-public-d7dfce0ae80328e8af51/docs/profile-api-reference/createscheduledstop.md,/Users/jim/Customer Projects/Paymentology/export-script/export/pages/profile-api-reference/createscheduledstop.md,"Unexpected closing tag `</p>`, expected corresponding closing tag for `<br>` (7:120-7:125)",mdx-parse-error,7,"original_path: ""profile-api-reference""
---
<p>Schedules the stop of the card on the date of the parameter. There can only be one active scheduled stop for a card.<br >
Will return an error if the schedule already exists.</p>
",N/A,N/A
/Users/jim/Customer Projects/Paymentology/Migrated/production-sprint-public-d7dfce0ae80328e8af51/docs/profile-api-reference/createvirtualcard-1.md,/Users/jim/Customer Projects/Paymentology/export-script/export/pages/profile-api-reference/createvirtualcard.md,"Unexpected closing slash `/` in tag, expected an open tag first",mdx-parse-error,7,"original_path: ""profile-api-reference""
---
<p>Create a virtual card with specified amount loaded, linked to the specified profile and allocated to the profile owner.</p>

#### Path parameters",N/A,N/A
/Users/jim/Customer Projects/Paymentology/Migrated/production-sprint-public-d7dfce0ae80328e8af51/docs/profile-api-reference/deductcardloadprofile.md,/Users/jim/Customer Projects/Paymentology/export-script/export/pages/profile-api-reference/deductcardloadprofile.md,"Unexpected closing slash `/` in tag, expected an open tag first",mdx-parse-error,7,"original_path: ""profile-api-reference""
---
<p className=""method"">Deduct requested amount from card and load the amount back to the profile.</p>

#### Path parameters",N/A,N/A
/Users/jim/Customer Projects/Paymentology/Migrated/production-sprint-public-d7dfce0ae80328e8af51/docs/profile-api-reference/deletetoken-1.md,/Users/jim/Customer Projects/Paymentology/export-script/export/pages/profile-api-reference/deletetoken.md,"Unexpected closing slash `/` in tag, expected an open tag first",mdx-parse-error,7,"original_path: ""profile-api-reference""
---
<p>Remove a payment token linked to a card</p>

#### Path parameters",N/A,N/A
/Users/jim/Customer Projects/Paymentology/Migrated/production-sprint-public-d7dfce0ae80328e8af51/docs/profile-api-reference/delinkcard.md,/Users/jim/Customer Projects/Paymentology/export-script/export/pages/profile-api-reference/delinkcard.md,"Unexpected closing tag `</p>`, expected corresponding closing tag for `<br>` (7:64-7:69)",mdx-parse-error,7,"original_path: ""profile-api-reference""
---
<p>Provides a method to unlink a card from a specified profile.<br >
This is only possible if the card was never loaded.</p>
",N/A,N/A
/Users/jim/Customer Projects/Paymentology/Migrated/production-sprint-public-d7dfce0ae80328e8af51/docs/profile-api-reference/devalueprofile.md,/Users/jim/Customer Projects/Paymentology/export-script/export/pages/profile-api-reference/devalueprofile.md,"Unexpected closing slash `/` in tag, expected an open tag first",mdx-parse-error,7,"original_path: ""profile-api-reference""
---
<p className=""method"">Deducts the requested amount from the Profile specified with a redemption type of “Devalue”. To deduct the remaining balance from the Profile automatically, specify the amount to be 0 (zero).</p>

#### Path parameters",N/A,N/A
/Users/jim/Customer Projects/Paymentology/Migrated/production-sprint-public-d7dfce0ae80328e8af51/docs/profile-api-reference/generatetimebasedsecret-2.md,/Users/jim/Customer Projects/Paymentology/export-script/export/pages/profile-api-reference/generatetimebasedsecret.md,"Unexpected closing slash `/` in tag, expected an open tag first",mdx-parse-error,7,"original_path: ""profile-api-reference""
---
<section id=""tutuka-block-1"" className=""tutuka-block tutuka-block--text-full-width"">
<div className=""tutuka-block--text-full-width__content"">
<p>Generates a “secret token” to enable communication with our tokenisation APIs.</p>",N/A,N/A
/Users/jim/Customer Projects/Paymentology/Migrated/production-sprint-public-d7dfce0ae80328e8af51/docs/profile-api-reference/getschedulestopdetail.md,/Users/jim/Customer Projects/Paymentology/export-script/export/pages/profile-api-reference/getschedulestopdetail.md,Could not parse expression with acorn,mdx-parse-error,7,"original_path: ""profile-api-reference""
---
<p>Returns the existing scheduled stops for a card. The response may return multiple records but only one of them can be in ‘SCHEDULED’ state.</p>

#### Path parameters",N/A,N/A
/Users/jim/Customer Projects/Paymentology/Migrated/production-sprint-public-d7dfce0ae80328e8af51/docs/profile-api-reference/index.md,/Users/jim/Customer Projects/Paymentology/export-script/export/pages/profile-api-reference/index.md,"Unexpected closing slash `/` in tag, expected an open tag first",mdx-parse-error,6,"original_id: 2420
---
<h2>Card Issuance and Management API’s</h2>
<ul>
<li><a href=""https:developer.sprint.paymentology.com/profile-api-reference/activate/"">Activate</a> – Activate a card</li>",N/A,N/A
/Users/jim/Customer Projects/Paymentology/Migrated/production-sprint-public-d7dfce0ae80328e8af51/docs/profile-api-reference/inserttransactionfee-1.md,/Users/jim/Customer Projects/Paymentology/export-script/export/pages/profile-api-reference/inserttransactionfee.md,"Unexpected closing slash `/` in tag, expected an open tag first",mdx-parse-error,7,"original_path: ""profile-api-reference""
---
<p className=""method"">Deduct requested amount from card as a fee using one of the following (integer) fee type IDs:</p>
<ol>
<li>SMS Balance Enquiry</li>",N/A,N/A
/Users/jim/Customer Projects/Paymentology/Migrated/production-sprint-public-d7dfce0ae80328e8af51/docs/profile-api-reference/linkcard-2.md,/Users/jim/Customer Projects/Paymentology/export-script/export/pages/profile-api-reference/linkcard.md,"Unexpected closing slash `/` in tag, expected an open tag first",mdx-parse-error,7,"original_path: ""profile-api-reference""
---
<p>Link a card to a profile.</p>

#### Path parameters",N/A,N/A
/Users/jim/Customer Projects/Paymentology/Migrated/production-sprint-public-d7dfce0ae80328e8af51/docs/profile-api-reference/linkcardsbysequencerange.md,/Users/jim/Customer Projects/Paymentology/export-script/export/pages/profile-api-reference/linkcardsbysequencerange.md,"Unexpected closing slash `/` in tag, expected an open tag first",mdx-parse-error,7,"original_path: ""profile-api-reference""
---
<p className=""method"">Link multiple cards to a profile using a range of sequence numbers.</p>

#### Path parameters",N/A,N/A
/Users/jim/Customer Projects/Paymentology/Migrated/production-sprint-public-d7dfce0ae80328e8af51/docs/profile-api-reference/listalltokens-2.md,/Users/jim/Customer Projects/Paymentology/export-script/export/pages/profile-api-reference/listalltokens.md,"Unexpected closing tag `</p>`, expected corresponding closing tag for `<br>` (370:60-370:65)",mdx-parse-error,7,"original_path: ""profile-api-reference""
---
<p>Returns all the tokens (active and inactive) linked to a card</p>

#### Path parameters",N/A,N/A
/Users/jim/Customer Projects/Paymentology/Migrated/production-sprint-public-d7dfce0ae80328e8af51/docs/profile-api-reference/listtokens-2.md,/Users/jim/Customer Projects/Paymentology/export-script/export/pages/profile-api-reference/listtokens.md,"Unexpected closing tag `</p>`, expected corresponding closing tag for `<br>` (370:60-370:65)",mdx-parse-error,7,"original_path: ""profile-api-reference""
---
<p>Returns all the tokens linked to a card.</p>

#### Path parameters",N/A,N/A
/Users/jim/Customer Projects/Paymentology/Migrated/production-sprint-public-d7dfce0ae80328e8af51/docs/profile-api-reference/loadcarddeductprofile.md,/Users/jim/Customer Projects/Paymentology/export-script/export/pages/profile-api-reference/loadcarddeductprofile.md,"Unexpected closing slash `/` in tag, expected an open tag first",mdx-parse-error,7,"original_path: ""profile-api-reference""
---
<p className=""method"">Load a card with the requested amount and deduct the amount off the profile.</p>

#### Path parameters",N/A,N/A
/Users/jim/Customer Projects/Paymentology/Migrated/production-sprint-public-d7dfce0ae80328e8af51/docs/profile-api-reference/ordercard-2.md,/Users/jim/Customer Projects/Paymentology/export-script/export/pages/profile-api-reference/ordercard.md,"Unexpected closing tag `</p>`, expected corresponding closing tag for `<br>` (16:428-16:433)",mdx-parse-error,7,"original_path: ""profile-api-reference""
---
<p>Order a card for a specific cardholder. A card can be printed with cardholder details by the card manufacturer. No commas, question marks or quotation marks are allowed in any of the fields</p>

#### Path parameters",N/A,N/A
/Users/jim/Customer Projects/Paymentology/Migrated/production-sprint-public-d7dfce0ae80328e8af51/docs/profile-api-reference/register.md,/Users/jim/Customer Projects/Paymentology/export-script/export/pages/profile-api-reference/register.md,"Unexpected closing tag `</p>`, expected corresponding closing tag for `<br>` (21:127-21:132)",mdx-parse-error,7,"original_path: ""profile-api-reference""
---
<p className=""method"">Creates and registers a new profile.</p>

#### Path parameters",N/A,N/A
/Users/jim/Customer Projects/Paymentology/Migrated/production-sprint-public-d7dfce0ae80328e8af51/docs/profile-api-reference/resetpin-1.md,/Users/jim/Customer Projects/Paymentology/export-script/export/pages/profile-api-reference/resetpin.md,"Unexpected closing slash `/` in tag, expected an open tag first",mdx-parse-error,7,"original_path: ""profile-api-reference""
---
<p>Provides a method to reset the PIN of a card.</p>
<p>The new PIN is sent to the cardholder by SMS using the cellphone we have on record.</p>
",N/A,N/A
/Users/jim/Customer Projects/Paymentology/Migrated/production-sprint-public-d7dfce0ae80328e8af51/docs/profile-api-reference/reversedeductcardloadprofile.md,/Users/jim/Customer Projects/Paymentology/export-script/export/pages/profile-api-reference/reversedeductcardloadprofile.md,"Unexpected closing slash `/` in tag, expected an open tag first",mdx-parse-error,7,"original_path: ""profile-api-reference""
---
<p>Reverse a previous DeductCardLoadProfile request.</p>

#### Path parameters",N/A,N/A
/Users/jim/Customer Projects/Paymentology/Migrated/production-sprint-public-d7dfce0ae80328e8af51/docs/profile-api-reference/reversedevalueprofile.md,/Users/jim/Customer Projects/Paymentology/export-script/export/pages/profile-api-reference/reversedevalueprofile.md,"Unexpected closing slash `/` in tag, expected an open tag first",mdx-parse-error,7,"original_path: ""profile-api-reference""
---
<p>Reverse a previous DevalueProfile request.</p>

#### Path parameters",N/A,N/A
/Users/jim/Customer Projects/Paymentology/Migrated/production-sprint-public-d7dfce0ae80328e8af51/docs/profile-api-reference/reversetransactionfee.md,/Users/jim/Customer Projects/Paymentology/export-script/export/pages/profile-api-reference/reversetransactionfee.md,"Unexpected closing slash `/` in tag, expected an open tag first",mdx-parse-error,7,"original_path: ""profile-api-reference""
---
<p className=""method"">Reverse a fee that was charged via the API using <a href=""https:developer.sprint.paymentology.com/profile-api-reference/inserttransactionfee/"">InsertTransactionFee</a></p>
<p> </p>
",N/A,N/A
/Users/jim/Customer Projects/Paymentology/Migrated/production-sprint-public-d7dfce0ae80328e8af51/docs/profile-api-reference/reversevastransferfunds.md,/Users/jim/Customer Projects/Paymentology/export-script/export/pages/profile-api-reference/reversevastransferfunds.md,"Unexpected closing slash `/` in tag, expected an open tag first",mdx-parse-error,7,"original_path: ""profile-api-reference""
---
<p>Reverse a VAS transfer on the card.</p>

#### Path parameters",N/A,N/A
/Users/jim/Customer Projects/Paymentology/Migrated/production-sprint-public-d7dfce0ae80328e8af51/docs/profile-api-reference/statement-1.md,/Users/jim/Customer Projects/Paymentology/export-script/export/pages/profile-api-reference/statement.md,"Unexpected closing tag `</p>`, expected corresponding closing tag for `<br>` (230:474-230:479)",mdx-parse-error,7,"original_path: ""profile-api-reference""
---
<p>Retrieve the statement of a card.</p>
<p><strong>NOTE:</strong> Do not use the Statement method when the Balance method will be sufficient, as the Statement method may take considerably longer to return a response.</p>
",N/A,N/A
/Users/jim/Customer Projects/Paymentology/Migrated/production-sprint-public-d7dfce0ae80328e8af51/docs/profile-api-reference/statementbydaterange.md,/Users/jim/Customer Projects/Paymentology/export-script/export/pages/profile-api-reference/statementbydaterange.md,"Unexpected closing slash `/` in tag, expected an open tag first",mdx-parse-error,7,"original_path: ""profile-api-reference""
---
<p>Returns the statement between two dates.</p>

#### Path parameters",N/A,N/A
/Users/jim/Customer Projects/Paymentology/Migrated/production-sprint-public-d7dfce0ae80328e8af51/docs/profile-api-reference/status-1.md,/Users/jim/Customer Projects/Paymentology/export-script/export/pages/profile-api-reference/status.md,"Unexpected closing slash `/` in tag, expected an open tag first",mdx-parse-error,7,"original_path: ""profile-api-reference""
---
<p>Retrieve the current status of a card.</p>

#### Path parameters",N/A,N/A
/Users/jim/Customer Projects/Paymentology/Migrated/production-sprint-public-d7dfce0ae80328e8af51/docs/profile-api-reference/stopcard-2.md,/Users/jim/Customer Projects/Paymentology/export-script/export/pages/profile-api-reference/stopcard.md,"Unexpected closing slash `/` in tag, expected an open tag first",mdx-parse-error,7,"original_path: ""profile-api-reference""
---
<p>Stop a card with one of the following allowed (integer) values for <span className=""xml-highlight"">stopReasonID</span>:</p>
<ol>
<li>Card stopped as it has been lost</li>",N/A,N/A
/Users/jim/Customer Projects/Paymentology/Migrated/production-sprint-public-d7dfce0ae80328e8af51/docs/profile-api-reference/stoptoken-2.md,/Users/jim/Customer Projects/Paymentology/export-script/export/pages/profile-api-reference/stoptoken.md,"Unexpected closing slash `/` in tag, expected an open tag first",mdx-parse-error,7,"original_path: ""profile-api-reference""
---
<p>Stops a token reference or all the ones linked to a card.</p>

#### Path parameters",N/A,N/A
/Users/jim/Customer Projects/Paymentology/Migrated/production-sprint-public-d7dfce0ae80328e8af51/docs/profile-api-reference/togglevoucherfeature-2.md,/Users/jim/Customer Projects/Paymentology/export-script/export/pages/profile-api-reference/togglevoucherfeature.md,"Unexpected closing slash `/` in tag, expected an open tag first",mdx-parse-error,7,"original_path: ""profile-api-reference""
---
<p>Toggles a voucher feature on or off</p>

#### Path parameters",N/A,N/A
/Users/jim/Customer Projects/Paymentology/Migrated/production-sprint-public-d7dfce0ae80328e8af51/docs/profile-api-reference/transferfunds-1.md,/Users/jim/Customer Projects/Paymentology/export-script/export/pages/profile-api-reference/transferfunds.md,"Unexpected closing slash `/` in tag, expected an open tag first",mdx-parse-error,7,"original_path: ""profile-api-reference""
---
<p className=""method"">Transfer funds from one card to another.</p>

#### Path parameters",N/A,N/A
/Users/jim/Customer Projects/Paymentology/Migrated/production-sprint-public-d7dfce0ae80328e8af51/docs/profile-api-reference/transferfundsbetweenprofiles.md,/Users/jim/Customer Projects/Paymentology/export-script/export/pages/profile-api-reference/transferfundsbetweenprofiles.md,"Unexpected closing slash `/` in tag, expected an open tag first",mdx-parse-error,7,"original_path: ""profile-api-reference""
---
<p className=""method"">Transfer funds from one profile to another.</p>

#### Path parameters",N/A,N/A
/Users/jim/Customer Projects/Paymentology/Migrated/production-sprint-public-d7dfce0ae80328e8af51/docs/profile-api-reference/transferlink-2.md,/Users/jim/Customer Projects/Paymentology/export-script/export/pages/profile-api-reference/transferlink.md,"Unexpected closing slash `/` in tag, expected an open tag first",mdx-parse-error,7,"original_path: ""profile-api-reference""
---
<p>Transfer a reference to a new card. The old card will be stopped and the bearer details transferred to the new card. The new card will be linked and activated.</p>
<p><strong>NOTE:</strong> Applicable to our Visa product.</p>
",N/A,N/A
/Users/jim/Customer Projects/Paymentology/Migrated/production-sprint-public-d7dfce0ae80328e8af51/docs/profile-api-reference/transfertoken-1.md,/Users/jim/Customer Projects/Paymentology/export-script/export/pages/profile-api-reference/transfertoken.md,"Unexpected closing slash `/` in tag, expected an open tag first",mdx-parse-error,7,"original_path: ""profile-api-reference""
---
<p>Transfer a payment token from one card to another</p>

#### Path parameters",N/A,N/A
/Users/jim/Customer Projects/Paymentology/Migrated/production-sprint-public-d7dfce0ae80328e8af51/docs/profile-api-reference/unstoptoken-2.md,/Users/jim/Customer Projects/Paymentology/export-script/export/pages/profile-api-reference/unstoptoken.md,"Unexpected closing slash `/` in tag, expected an open tag first",mdx-parse-error,7,"original_path: ""profile-api-reference""
---
<p>Unstops a token reference or all the ones linked to a card.</p>

#### Path parameters",N/A,N/A
/Users/jim/Customer Projects/Paymentology/Migrated/production-sprint-public-d7dfce0ae80328e8af51/docs/profile-api-reference/updateallocatedcard.md,/Users/jim/Customer Projects/Paymentology/export-script/export/pages/profile-api-reference/updateallocatedcard.md,"Unexpected closing tag `</strong>`, expected corresponding closing tag for `<br>` (23:182-23:187)",mdx-parse-error,7,"original_path: ""profile-api-reference""
---
<p>Updates the cellphone or id number linked to an allocated card.</p>
<p><strong>IMPORTANT:</strong> Validation is performed on the cellPhone parameter value of the request message.</p>
<p>cellPhone input format allows:</p>",N/A,N/A
/Users/jim/Customer Projects/Paymentology/Migrated/production-sprint-public-d7dfce0ae80328e8af51/docs/profile-api-reference/updatebearer-1.md,/Users/jim/Customer Projects/Paymentology/export-script/export/pages/profile-api-reference/updatebearer.md,"Unexpected closing slash `/` in tag, expected an open tag first",mdx-parse-error,7,"original_path: ""profile-api-reference""
---
<p>Updates the firstName, lastName, cellphone and id number linked to an allocated card.</p>

#### Path parameters",N/A,N/A
/Users/jim/Customer Projects/Paymentology/Migrated/production-sprint-public-d7dfce0ae80328e8af51/docs/profile-api-reference/updatebearerextended.md,/Users/jim/Customer Projects/Paymentology/export-script/export/pages/profile-api-reference/updatebearerextended.md,"Unexpected closing tag `</p>`, expected corresponding closing tag for `<br>` (21:739-21:744)",mdx-parse-error,7,"original_path: ""profile-api-reference""
---
<p>Update the cardholder details.</p>
<p>This is an extended API to update additional details like address and employment details. Use <a href=""https:developer.sprint.paymentology.com/profile-api-reference/updatebearer/"">UpdateBearer</a> in case you only need to update details like name and contact details.</p>
",N/A,N/A
/Users/jim/Customer Projects/Paymentology/Migrated/production-sprint-public-d7dfce0ae80328e8af51/docs/profile-api-reference/updateprofile.md,/Users/jim/Customer Projects/Paymentology/export-script/export/pages/profile-api-reference/updateprofile.md,"Unexpected closing slash `/` in tag, expected an open tag first",mdx-parse-error,7,"original_path: ""profile-api-reference""
---
<p>Updates a profile owner’s details.</p>

#### Path parameters",N/A,N/A
/Users/jim/Customer Projects/Paymentology/Migrated/production-sprint-public-d7dfce0ae80328e8af51/docs/profile-api-reference/updatescheduledstop.md,/Users/jim/Customer Projects/Paymentology/export-script/export/pages/profile-api-reference/updatescheduledstop.md,"Unexpected closing slash `/` in tag, expected an open tag first",mdx-parse-error,7,"original_path: ""profile-api-reference""
---
<p>Updates an existing scheduled stop.</p>
<p>Will return an error if there is no scheduled stop for this card.</p>
",N/A,N/A
/Users/jim/Customer Projects/Paymentology/Migrated/production-sprint-public-d7dfce0ae80328e8af51/docs/profile-api-reference/updatetokenaccount-2.md,/Users/jim/Customer Projects/Paymentology/export-script/export/pages/profile-api-reference/updatetokenaccount.md,"Unexpected closing slash `/` in tag, expected an open tag first",mdx-parse-error,7,"original_path: ""profile-api-reference""
---
<p>Updates the card PAN information associated with a token</p>

#### Path parameters",N/A,N/A
/Users/jim/Customer Projects/Paymentology/Migrated/production-sprint-public-d7dfce0ae80328e8af51/docs/profile-api-reference/uploadficadocument.md,/Users/jim/Customer Projects/Paymentology/export-script/export/pages/profile-api-reference/uploadficadocument.md,"Unexpected closing slash `/` in tag, expected an open tag first",mdx-parse-error,7,"original_path: ""profile-api-reference""
---
<p>Uploads identification to be FICA compliant.</p>

#### Path parameters",N/A,N/A
/Users/jim/Customer Projects/Paymentology/Migrated/production-sprint-public-d7dfce0ae80328e8af51/docs/profile-api-reference/vastransferfunds.md,/Users/jim/Customer Projects/Paymentology/export-script/export/pages/profile-api-reference/vastransferfunds.md,"Unexpected closing slash `/` in tag, expected an open tag first",mdx-parse-error,7,"original_path: ""profile-api-reference""
---
<p>Transfer funds from a card for a VAS transaction.</p>

#### Path parameters",N/A,N/A
/Users/jim/Customer Projects/Paymentology/Migrated/production-sprint-public-d7dfce0ae80328e8af51/docs/qr-payments-api/api-reference/appendix-1.md,/Users/jim/Customer Projects/Paymentology/export-script/export/pages/qr-payments-api/api-reference/appendix.md,"Unexpected closing tag `</p>`, expected corresponding closing tag for `<a>` (7:4-7:15)",mdx-parse-error,7,"original_path: ""qr-payments-api/api-reference""
---
<p><a id=""RI""></p>
<h2>Receiving Institution</h2>
<p></a></p>",N/A,N/A
/Users/jim/Customer Projects/Paymentology/Migrated/production-sprint-public-d7dfce0ae80328e8af51/docs/qr-payments-api/api-reference/index.md,/Users/jim/Customer Projects/Paymentology/export-script/export/pages/qr-payments-api/api-reference/index.md,"Unexpected closing slash `/` in tag, expected an open tag first",mdx-parse-error,7,"original_path: ""qr-payments-api""
---
<p>The QR documentation is split into:</p>
<ul>
<li><a href=""https:developer.sprint.paymentology.com/qr-payments-api/api-reference/receiving-institution/"">Receiving Institution</a></li>",N/A,N/A
/Users/jim/Customer Projects/Paymentology/Migrated/production-sprint-public-d7dfce0ae80328e8af51/docs/qr-payments-api/api-reference/originating-institution.md,/Users/jim/Customer Projects/Paymentology/export-script/export/pages/qr-payments-api/api-reference/originating-institution.md,"Unexpected closing tag `</p>`, expected corresponding closing tag for `<a>` (12:4-12:38)",mdx-parse-error,7,"original_path: ""qr-payments-api/api-reference""
---
<h2>Available Methods</h2>
<ul>
<li><a href =""https:developer.sprint.paymentology.com/qr-payments-api/api-reference/originating-institution/#TransferPaymentToMerchant"">TransferPaymentToMerchant</a> – Transfer payment to merchant</li>",N/A,N/A
/Users/jim/Customer Projects/Paymentology/Migrated/production-sprint-public-d7dfce0ae80328e8af51/docs/qr-payments-api/api-reference/receiving-institution-remote.md,/Users/jim/Customer Projects/Paymentology/export-script/export/pages/qr-payments-api/api-reference/receiving-institution-remote.md,"Unexpected character `<` (U+003C) before attribute name, expected a character that can start an attribute name, such as a letter, `$`, or `_`; whitespace before attributes; or the end of the tag",mdx-parse-error,7,"original_path: ""qr-payments-api/api-reference""
---
<h2>Available Methods</h2>
<ul>
<li><a href=""https:developer.sprint.paymentology.com/qr-payments-api/api-reference/receiving-institution-remote/#Load"">Load</a> – Load to a wallet</li>",N/A,N/A
/Users/jim/Customer Projects/Paymentology/Migrated/production-sprint-public-d7dfce0ae80328e8af51/docs/qr-payments-api/api-reference/receiving-institution.md,/Users/jim/Customer Projects/Paymentology/export-script/export/pages/qr-payments-api/api-reference/receiving-institution.md,"Unexpected closing tag `</p>`, expected corresponding closing tag for `<a>` (13:4-13:25)",mdx-parse-error,7,"original_path: ""qr-payments-api/api-reference""
---
<h2>Available Methods</h2>
<ul>
<li><a href=""https:developer.sprint.paymentology.com/qr-payments-api/api-reference/receiving-institution/#CreateQRData"">CreateQRData</a> – The method returns a QR including the received information and a new card number linked to the input reference with every request.</li>",N/A,N/A
/Users/jim/Customer Projects/Paymentology/Migrated/production-sprint-public-d7dfce0ae80328e8af51/docs/qr-payments-api/index.md,/Users/jim/Customer Projects/Paymentology/export-script/export/pages/qr-payments-api/index.md,"Unexpected closing slash `/` in tag, expected an open tag first",mdx-parse-error,6,"original_id: 760
---
<p><strong>Our QR Payments API offers a simple plug-and-play model that integrates into digital wallets to enable secure contactless QR payments. </strong></p>
<p>The QR Payments API allows you to create a <strong>contactless merchant payment system</strong> where customers can make electronic payments by scanning a QR code from a smartphone application. It’s a simple and secure way for consumers to push payments to merchants using their mobile money wallets or bank account balances.</p>
<p><strong>Paymentology allows integration into Mastercard QR</strong> for the issuing and acceptance of QR payments, offering a safe, innovative way for consumers to scan and pay. Where businesses don’t have the infrastructure or finances to purchase expensive in-a-box software, the QR Payments API provides a customizable solution, which mitigates the steep cost of specialized PoS hardware and alleviates the time delay between purchase and payment often associated with using bank cards. Money is transferred directly from their mobile account to merchant, no POS terminal needed, in a single transaction.</p>",N/A,N/A
/Users/jim/Customer Projects/Paymentology/Migrated/production-sprint-public-d7dfce0ae80328e8af51/docs/qr-payments-api/qr-payments.md,/Users/jim/Customer Projects/Paymentology/export-script/export/pages/qr-payments-api/qr-payments.md,"Unexpected closing slash `/` in tag, expected an open tag first",mdx-parse-error,7,"original_path: ""qr-payments-api""
---
<p><span style={{fontWeight: ""400""}}>The QR payments API allows you to create a contactless merchant payment system where customers can make electronic payments by scanning a QR code from a smartphone application. It’s a simple and secure way for consumers to push payments to merchants using their mobile money wallets or bank account balances. </span></p>
<p><span style={{fontWeight: ""400""}}>Tutuka allows integration into </span><b>Mastercard QR</b><b> </b><span style={{fontWeight: ""400""}}>for the issuing and acceptance of QR payments, offering a safe, innovative way for consumers to scan and pay. Since it works as a plug-in to virtual or physical cards, having an existing virtual or physical PAN number allows for quicker and easier implementation of QR payments.</span></p>
",N/A,N/A
/Users/jim/Customer Projects/Paymentology/Migrated/production-sprint-public-d7dfce0ae80328e8af51/docs/qr-payments-api/qr-payments.md,/Users/jim/Customer Projects/Paymentology/export-script/export/pages/qr-payments-api/qr-payments.md,Unknown error,image-replacement,N/A,N/A,QR-Payments-End-to-end-v2.png,https:developer.sprint.paymentology.com/wp-content/uploads/2023/03/QR-Payments-End-to-end-v2.png
/Users/jim/Customer Projects/Paymentology/Migrated/production-sprint-public-d7dfce0ae80328e8af51/docs/qr-payments-api/qr-payments.md,/Users/jim/Customer Projects/Paymentology/export-script/export/pages/qr-payments-api/qr-payments.md,Unknown error,image-replacement,N/A,N/A,QR-Payments-send-bank-v2-1.png,https:developer.sprint.paymentology.com/wp-content/uploads/2023/03/QR-Payments-send-bank-v2-1.png
/Users/jim/Customer Projects/Paymentology/Migrated/production-sprint-public-d7dfce0ae80328e8af51/docs/qr-payments-api/qr-payments.md,/Users/jim/Customer Projects/Paymentology/export-script/export/pages/qr-payments-api/qr-payments.md,Unknown error,image-replacement,N/A,N/A,QR-Payments-receive-bank-v2.png,https:developer.sprint.paymentology.com/wp-content/uploads/2023/03/QR-Payments-receive-bank-v2.png
/Users/jim/Customer Projects/Paymentology/Migrated/production-sprint-public-d7dfce0ae80328e8af51/docs/qr-payments-api/qr-payments.md,/Users/jim/Customer Projects/Paymentology/export-script/export/pages/qr-payments-api/qr-payments.md,Unknown error,image-replacement,N/A,N/A,QR-Payments-Merchant-onboarding-v2.png,https:developer.sprint.paymentology.com/wp-content/uploads/2023/03/QR-Payments-Merchant-onboarding-v2.png
/Users/jim/Customer Projects/Paymentology/Migrated/production-sprint-public-d7dfce0ae80328e8af51/docs/qr-payments-api/reports.md,/Users/jim/Customer Projects/Paymentology/export-script/export/pages/qr-payments-api/reports.md,"Unexpected closing slash `/` in tag, expected an open tag first",mdx-parse-error,7,"original_path: ""qr-payments-api""
---
<p><strong>Paymentology provides end-to-end reporting and reconciliation capabilities to allow you to track all the financial movements, revenues collected, failed transactions, and more.</strong></p>

<p>These are some of the reports you can generate:</p>",N/A,N/A
/Users/jim/Customer Projects/Paymentology/Migrated/production-sprint-public-d7dfce0ae80328e8af51/docs/qr-payments-api/reports.md,/Users/jim/Customer Projects/Paymentology/export-script/export/pages/qr-payments-api/reports.md,Unknown error,image-replacement,N/A,N/A,Mark-Off-report-Companion-final.png,https:developer.sprint.paymentology.com/wp-content/uploads/2021/01/Mark-Off-report-Companion-final.png
/Users/jim/Customer Projects/Paymentology/Migrated/production-sprint-public-d7dfce0ae80328e8af51/docs/qr-payments-api/reports.md,/Users/jim/Customer Projects/Paymentology/export-script/export/pages/qr-payments-api/reports.md,Unknown error,image-replacement,N/A,N/A,summary-Settlement-report-final.png,https:developer.sprint.paymentology.com/wp-content/uploads/2021/01/summary-Settlement-report-final.png
/Users/jim/Customer Projects/Paymentology/Migrated/production-sprint-public-d7dfce0ae80328e8af51/docs/report-generator-offline/index.md,/Users/jim/Customer Projects/Paymentology/export-script/export/pages/report-generator-offline/index.md,"Unexpected closing slash `/` in tag, expected an open tag first",mdx-parse-error,6,"original_id: 1347
---
<p>Report Generator is a tool that allows you to generate and download different reports from our test environment with the data from your own test transactions.</p>
<p>Reports are generated on demand, which can take a few seconds, please be patient. Only click “Generate Report” once and wait for the download window to appear.</p>
</p></p>",N/A,N/A
/Users/jim/Customer Projects/Paymentology/Migrated/production-sprint-public-d7dfce0ae80328e8af51/docs/report-generator-offline/report-generator-help.md,/Users/jim/Customer Projects/Paymentology/export-script/export/pages/report-generator-offline/report-generator-help.md,"Unexpected closing slash `/` in tag, expected an open tag first",mdx-parse-error,7,"original_path: ""report-generator-offline""
---
<h2>About Report Generator</h2>
<p>You can use Report Generator to automatically generate and download to your reports from the test environment with your own test data.</p>
<p>Reports are generated on demand, which can take a few seconds, please be patient. Only click “Generate Report” once and wait for the download window to appear.</p>",N/A,N/A
/Users/jim/Customer Projects/Paymentology/Migrated/production-sprint-public-d7dfce0ae80328e8af51/docs/response-codes-2/index.md,/Users/jim/Customer Projects/Paymentology/export-script/export/pages/response-codes-2/index.md,"Unexpected closing tag `</p>`, expected corresponding closing tag for `<dateTime.iso8601>` (8:179-8:197)",mdx-parse-error,7,"---

<h2>Important</h2>
<p>Any argument that has the type <span className=""xml-highlight"">date</span> needs to follow the XML-RPC specified ISO 8601 date-time format: <dateTime.iso8601>YYYYMMDDTHH:mm:ss<dateTime.iso8601></p>
",N/A,N/A
/Users/jim/Customer Projects/Paymentology/Migrated/production-sprint-public-d7dfce0ae80328e8af51/docs/response-codes-2/response-and-action-code-mapping.md,/Users/jim/Customer Projects/Paymentology/export-script/export/pages/response-codes-2/response-and-action-code-mapping.md,"Unexpected closing slash `/` in tag, expected an open tag first",mdx-parse-error,7,"original_path: ""response-codes-2""
---
<p>Each action taken on a transaction is associated with a code; different codes are assigned to the same action by different parties/networks i.e. Mastercard, Visa, Remote API, Transaction Stream.</p>
<p>The table below shows the different codes used by Mastercard, UnionPay and Visa and how they are mapped to <a href=""https:developer.sprint.paymentology.com/response-codes-2/"">Remote API Response Codes</a> and <a href=""https:developer.sprint.paymentology.com/notifications/"">Paymentology’s Transaction Stream (PubNub)</a>.</p>
",N/A,N/A
/Users/jim/Customer Projects/Paymentology/Migrated/production-sprint-public-d7dfce0ae80328e8af51/docs/tools/3d-secure-customization/help.md,/Users/jim/Customer Projects/Paymentology/export-script/export/pages/tools/3d-secure-customization/help.md,"Unexpected closing slash `/` in tag, expected an open tag first",mdx-parse-error,7,"original_path: ""tools/3d-secure-customization""
---
<h2>When to use 3D Secure Screen Customization tool</h2>
<p><span style={{fontWeight: ""400""}}>You will use </span><span style={{fontWeight: ""400""}}>the</span><span style={{fontWeight: ""400""}}> 3D Secure Screen Customization after agreeing to implement the 3D Secure functionality for your chosen API (Card or Companion). </span><span style={{fontWeight: ""400""}}>We support different cardholder authentication methods to suit your needs, please choose the tool corresponding to the method you are implementing with Paymentology.</span></p>
<p><b>This tool is for clients who have already signed up with Paymentology and are using the Sprint platform.</b></p>",N/A,N/A
/Users/jim/Customer Projects/Paymentology/Migrated/production-sprint-public-d7dfce0ae80328e8af51/docs/tools/3d-secure-customization/index.md,/Users/jim/Customer Projects/Paymentology/export-script/export/pages/tools/3d-secure-customization/index.md,"Unexpected character `""` (U+0022) in attribute name, expected an attribute name character such as letters, digits, `$`, or `_`; `=` to initialize a value; whitespace before attributes; or the end of the tag",mdx-parse-error,7,"original_path: ""tools""
---
<p data-pm-slice=""1 1 [""list"",\{\},""list_item"",\{""indent"":3,""type"":""bulleted""\}]"">The 3D Secure Screen Customization tool is available to clients who have already signed up with Paymentology and are using the Sprint platform and are implementing the 3D Secure functionality for your chosen API (Card or Companion). We support different cardholder authentication methods to suit your needs, please choose the tool corresponding to the method you are implementing with Paymentology.</p>
</p>",N/A,N/A
/Users/jim/Customer Projects/Paymentology/Migrated/production-sprint-public-d7dfce0ae80328e8af51/docs/tools/checksum-generator/checksum-generator-help.md,/Users/jim/Customer Projects/Paymentology/export-script/export/pages/tools/checksum-generator/checksum-generator-help.md,"Unexpected character `?` (U+003F) before name, expected a character that can start a name, such as a letter, `$`, or `_`",mdx-parse-error,7,"original_path: ""tools/checksum-generator""
---
<h2 id=""intro"">About the Checksum Generator</h2>
<p>The Checksum Generator is used to verify that the checksum calculation is correct and that it arrives at the same checksum result as our system.</p>
<h2 id=""intro"">Testing with the Checksum Generator</h2>",N/A,N/A
/Users/jim/Customer Projects/Paymentology/Migrated/production-sprint-public-d7dfce0ae80328e8af51/docs/tools/checksum-generator/index.md,/Users/jim/Customer Projects/Paymentology/export-script/export/pages/tools/checksum-generator/index.md,"Unexpected closing slash `/` in tag, expected an open tag first",mdx-parse-error,7,"original_path: ""tools""
---
<div className=""block translation highlight"" data-element=""para"" data-attr-xinfo-text=""10930""><span className=""inline link linktool link-external current"" title="""" data-element=""link"" data-attr-xlink-href=""https:developer.sprint.paymentology.com/tools/checksum/checksumhelp"" data-original-title="""" aria-describedby=""popover668877"">​The Checksum Generator​</span>​ allows you to calculate the checksum for a transaction based on a terminal password value and the request data.</div>
<div className=""placeholder"">​</div>
<div className=""block translation"" data-element=""para"" data-attr-xinfo-text=""10931"">It replicates the same process that happens during authentication. You can use the tool to validate that your own calculated checksum is the same as the one the Paymentology Sprint system generates.</div>",N/A,N/A
/Users/jim/Customer Projects/Paymentology/Migrated/production-sprint-public-d7dfce0ae80328e8af51/docs/tools/index.md,/Users/jim/Customer Projects/Paymentology/export-script/export/pages/tools/index.md,"Unexpected closing slash `/` in tag, expected an open tag first",mdx-parse-error,6,"original_id: 72
---
<div className=""block translation current highlight"" data-element=""para"" data-attr-xinfo-text=""10908"">Paymentology provides a wide range of tools, testing capabilities, and reports to ensure your API integrations function as desired.</div>
<div className=""placeholder"">​</div>
<div className=""block translation"" data-element=""para"" data-attr-xinfo-text=""10909"">Once you sign up, you’ll get access to various utilities and resources you can use to get up and running with the API quickly and without any obstacles.</div>",N/A,N/A
/Users/jim/Customer Projects/Paymentology/Migrated/production-sprint-public-d7dfce0ae80328e8af51/docs/tools/simpos/help-1.md,/Users/jim/Customer Projects/Paymentology/export-script/export/pages/tools/simpos/help.md,"Unexpected closing slash `/` in tag, expected an open tag first",mdx-parse-error,7,"original_path: ""tools/simpos""
---
<h2 id=""intro"">How SimPOS works</h2>
<p>SimPOS is used to test the flow of a virtual card transaction over the Companion Card API, and to check that all components are working.</p>
<ul>",N/A,N/A
/Users/jim/Customer Projects/Paymentology/Migrated/production-sprint-public-d7dfce0ae80328e8af51/docs/tools/simpos/index.md,/Users/jim/Customer Projects/Paymentology/export-script/export/pages/tools/simpos/index.md,"Unexpected closing slash `/` in tag, expected an open tag first",mdx-parse-error,7,"original_path: ""tools""
---
<p>SimPOS is a transaction simulator tool that allows you to simulate remote API transactions.</p>
<p>For example: you can use SimPOS to test that the flow of virtual card transactions within the Companion Card API is working properly.</p>
<p>You can find a list of Response codes for the SimPOS testing tool <a href=""https:developer.sprint.paymentology.com/tools/simpos/simpos-result-codes/"">here</a>.</p>",N/A,N/A
/Users/jim/Customer Projects/Paymentology/Migrated/production-sprint-public-d7dfce0ae80328e8af51/docs/tools/xml-generator/help-2.md,/Users/jim/Customer Projects/Paymentology/export-script/export/pages/tools/xml-generator/help.md,"Unexpected closing slash `/` in tag, expected an open tag first",mdx-parse-error,7,"original_path: ""tools/xml-generator""
---
<h2 id=""intro"">When to use XML Generator</h2>
<p>You will use XML Generator to confirm that XML requests generated through your code are generated with the same request parameters as Paymentology Sprint – including the checksum, to ensure compatibility.</p>
<p>If the XML is identical but the checksums do not match, you can use the <strong>Checksum Generator</strong> tool to work solely on the checksum and debug further.</p>",N/A,N/A
/Users/jim/Customer Projects/Paymentology/Migrated/production-sprint-public-d7dfce0ae80328e8af51/docs/tools/xml-generator/index.md,/Users/jim/Customer Projects/Paymentology/export-script/export/pages/tools/xml-generator/index.md,"Unexpected closing slash `/` in tag, expected an open tag first",mdx-parse-error,7,"original_path: ""tools""
---
<div className=""block translation highlight"" data-element=""para"" data-attr-xinfo-text=""10919""><span className=""inline link linktool link-external current"" title="""" data-element=""link"" data-attr-xlink-href=""https:developer.sprint.paymentology.com/tools/xmlrpcexamples/xmlrpcexampleshelp"" data-original-title="""" aria-describedby=""popover382514"">The <strong>XML Generator</strong>​</span>​ allows you to generate a valid XML request (including a checksum string) from your request parameters.</div>
<div className=""placeholder"">​</div>
<div className=""block translation"" data-element=""para"" data-attr-xinfo-text=""10920"">To ensure compatibility, you can use the tool to confirm if your own generated XML requests, including the checksum, are the same as those generated by Paymentology.</div>",N/A,N/A
/Users/jim/Customer Projects/Paymentology/Migrated/production-sprint-public-d7dfce0ae80328e8af51/docs/tools/xml-poster.md,/Users/jim/Customer Projects/Paymentology/export-script/export/pages/tools/xml-poster.md,"Unexpected closing slash `/` in tag, expected an open tag first",mdx-parse-error,7,"original_path: ""tools""
---
<div data-element=""para"" data-attr-xinfo-text=""10920""><span className=""inline link linktool link-external current"" title="""" data-element=""link"" data-attr-xlink-href=""https:developer.sprint.paymentology.com/tools/runxmlrpcrequest/runxmlrpcrequesthelp"" data-original-title="""" aria-describedby=""popover765621"">The <strong>XML Poster​</strong></span><strong>​</strong> allows you to post XML requests directly to the Paymentology Sprint system.</div>
<div data-element=""para"" data-attr-xinfo-text=""10920"">
<div className=""placeholder"">In the event that there is no alternative route, you can use the XML Poster to post requests created with the XML Generator to Paymentology.</div>",N/A,N/A
